ISO-10303-21;
HEADER;
FILE_DESCRIPTION (( 'STEP AP214' ),
    '1' );
FILE_NAME ('4mm_banana_socket_assembly.STEP',
    '2026-07-03T19:34:31',
    ( '' ),
    ( '' ),
    'SwSTEP 2.0',
    'SolidWorks 2026',
    '' );
FILE_SCHEMA (( 'AUTOMOTIVE_DESIGN' ));
ENDSEC;

DATA;
#1 = EDGE_CURVE ( 'NONE', #1493, #2305, #970, .T. ) ;
#2 =( REPRESENTATION_RELATIONSHIP ('NONE','NONE', #2123, #3161 ) REPRESENTATION_RELATIONSHIP_WITH_TRANSFORMATION ( #3226 )SHAPE_REPRESENTATION_RELATIONSHIP( ) );
#3 = B_SPLINE_CURVE_WITH_KNOTS ( 'NONE', 3,
 ( #1062, #2355, #2077, #2896, #2094, #3112, #3182, #767 ),
 .UNSPECIFIED., .F., .F.,
 ( 4, 2, 2, 4 ),
 ( 2.380740674720530196E-07, 0.001851557466009770688, 0.002777217161980920224, 0.003702876857952069542 ),
 .UNSPECIFIED. ) ;
#4 = CARTESIAN_POINT ( 'NONE',  ( -3.980986725255624581, 45.26842905789119698, 3.980986725255528214 ) ) ;
#5 = CARTESIAN_POINT ( 'NONE',  ( -2.700840008817090521, 36.20000000000000284, -4.083385295012662120 ) ) ;
#6 = ORIENTED_EDGE ( 'NONE', *, *, #625, .T. ) ;
#7 = CARTESIAN_POINT ( 'NONE',  ( -2.700840008817146920, 36.20000000000000284, 4.083385295012624816 ) ) ;
#8 = FACE_OUTER_BOUND ( 'NONE', #1157, .T. ) ;
#9 = LINE ( 'NONE', #2928, #2174 ) ;
#10 = ORIENTED_EDGE ( 'NONE', *, *, #868, .F. ) ;
#11 = EDGE_CURVE ( 'NONE', #213, #1228, #1250, .T. ) ;
#12 = DIRECTION ( 'NONE',  ( -0.000000000000000000, -1.000000000000000000, -0.000000000000000000 ) ) ;
#13 = CARTESIAN_POINT ( 'NONE',  ( -3.686932421305562535, 27.73292483621466076, 4.939956880105484949 ) ) ;
#14 = ADVANCED_FACE ( 'NONE', ( #2364 ), #355, .T. ) ;
#15 = CARTESIAN_POINT ( 'NONE',  ( 0.9059217567368339497, 36.20000000000000284, 5.300591571925095558 ) ) ;
#16 = VECTOR ( 'NONE', #2153, 1000.000000000000000 ) ;
#17 = ADVANCED_FACE ( 'NONE', ( #66 ), #1084, .F. ) ;
#18 = CARTESIAN_POINT ( 'NONE',  ( 1.833087104677063151, -1.249999999999999334, -3.175000000000001599 ) ) ;
#19 = ADVANCED_FACE ( 'NONE', ( #3170 ), #3155, .T. ) ;
#20 = VERTEX_POINT ( 'NONE', #1103 ) ;
#21 = ORIENTED_EDGE ( 'NONE', *, *, #2178, .F. ) ;
#22 = CIRCLE ( 'NONE', #504, 1.499999999999999778 ) ;
#23 = SHAPE_REPRESENTATION_RELATIONSHIP ( 'NONE' , 'NONE' ,  #3161, #1583 ) ;
#24 = CARTESIAN_POINT ( 'NONE',  ( 4.860716367141270311, 27.41215118439585652, 3.841274703852739947 ) ) ;
#25 = EDGE_CURVE ( 'NONE', #1524, #3158, #2276, .T. ) ;
#26 = EDGE_CURVE ( 'NONE', #1181, #1875, #2113, .T. ) ;
#27 = ORIENTED_EDGE ( 'NONE', *, *, #2282, .T. ) ;
#28 = AXIS2_PLACEMENT_3D ( 'NONE', #1299, #761, #2387 ) ;
#29 = CARTESIAN_POINT ( 'NONE',  ( 1.982927533892895777, -1.036510412143834658, 2.915468763570251198 ) ) ;
#30 = CARTESIAN_POINT ( 'NONE',  ( 0.000000000000000000, 36.20000000000000284, 0.000000000000000000 ) ) ;
#31 = SURFACE_STYLE_FILL_AREA ( #2078 ) ;
#32 = ORIENTED_EDGE ( 'NONE', *, *, #2440, .F. ) ;
#33 = DIRECTION ( 'NONE',  ( 0.000000000000000000, -0.000000000000000000, -1.000000000000000000 ) ) ;
#34 = LINE ( 'NONE', #1586, #1471 ) ;
#35 = ORIENTED_EDGE ( 'NONE', *, *, #525, .T. ) ;
#36 = CARTESIAN_POINT ( 'NONE',  ( 0.8000000000000000444, 1.900000000000000133, -4.424999999999999822 ) ) ;
#37 = CARTESIAN_POINT ( 'NONE',  ( -3.063073775559889800, -1.233181647331636821, -1.044600593398442134 ) ) ;
#38 = ORIENTED_EDGE ( 'NONE', *, *, #850, .F. ) ;
#39 = ORIENTED_EDGE ( 'NONE', *, *, #2172, .T. ) ;
#40 = DIRECTION ( 'NONE',  ( -0.000000000000000000, -1.000000000000000000, -0.000000000000000000 ) ) ;
#41 = VERTEX_POINT ( 'NONE', #2136 ) ;
#42 =( BOUNDED_CURVE ( )  B_SPLINE_CURVE ( 3, ( #3254, #629, #2222, #79 ),
 .UNSPECIFIED., .F., .T. ) 
 B_SPLINE_CURVE_WITH_KNOTS ( ( 4, 4 ),
 ( 2.630874857590355553, 3.652310449589230235 ),
 .UNSPECIFIED. ) 
 CURVE ( )  GEOMETRIC_REPRESENTATION_ITEM ( )  RATIONAL_B_SPLINE_CURVE ( ( 1.000000000000000000, 0.9149292474456449664, 0.9149292474456449664, 1.000000000000000000 ) ) 
 REPRESENTATION_ITEM ( '' )  );
#43 = CARTESIAN_POINT ( 'NONE',  ( 4.812024772826218211, 27.36533943239885858, -3.909713502161097143 ) ) ;
#44 = CARTESIAN_POINT ( 'NONE',  ( 5.486362089038667733, 34.05580003434261016, 0.8780805772071876847 ) ) ;
#45 = CARTESIAN_POINT ( 'NONE',  ( 3.074278371667713561, 35.99421414278277354, -4.339548976991086882 ) ) ;
#46 = ORIENTED_EDGE ( 'NONE', *, *, #1327, .T. ) ;
#47 = DIRECTION ( 'NONE',  ( 0.000000000000000000, 0.000000000000000000, -1.000000000000000000 ) ) ;
#48 = CARTESIAN_POINT ( 'NONE',  ( 1.833087104677063151, 0.9499999999999959588, -3.175000000000001599 ) ) ;
#49 = DIRECTION ( 'NONE',  ( -0.000000000000000000, -1.000000000000000000, -0.000000000000000000 ) ) ;
#50 = CIRCLE ( 'NONE', #1673, 6.349999999999996092 ) ;
#51 = CARTESIAN_POINT ( 'NONE',  ( 2.700840008817062543, 36.20000000000000284, 4.083385295012680771 ) ) ;
#52 = CARTESIAN_POINT ( 'NONE',  ( 4.930131771713465838, 35.75128683324494716, 0.3337416699656530761 ) ) ;
#53 = ORIENTED_EDGE ( 'NONE', *, *, #2033, .T. ) ;
#54 = AXIS2_PLACEMENT_3D ( 'NONE', #2884, #540, #1568 ) ;
#55 = CYLINDRICAL_SURFACE ( 'NONE', #719, 1.499999999999999112 ) ;
#56 = CONICAL_SURFACE ( 'NONE', #2115, 1.700000000000003508, 0.7853981633974468357 ) ;
#57 = VERTEX_POINT ( 'NONE', #2932 ) ;
#58 = EDGE_CURVE ( 'NONE', #1257, #2742, #1091, .T. ) ;
#59 = DIRECTION ( 'NONE',  ( -0.000000000000000000, 1.000000000000000000, -0.000000000000000000 ) ) ;
#60 = EDGE_CURVE ( 'NONE', #2368, #2459, #1288, .T. ) ;
#61 = CARTESIAN_POINT ( 'NONE',  ( -5.242357526023681658, 35.99423123528535484, -0.8946838160720038680 ) ) ;
#62 = EDGE_LOOP ( 'NONE', ( #1921, #1336, #713, #3316 ) ) ;
#63 = AXIS2_PLACEMENT_3D ( 'NONE', #3255, #1950, #2749 ) ;
#64 = CARTESIAN_POINT ( 'NONE',  ( 0.000000000000000000, -0.9499999999999995115, 3.666174209354124525 ) ) ;
#65 = CARTESIAN_POINT ( 'NONE',  ( 0.000000000000000000, 20.46000000000000085, -2.000000000000001776 ) ) ;
#66 = FACE_OUTER_BOUND ( 'NONE', #1267, .T. ) ;
#67 = CARTESIAN_POINT ( 'NONE',  ( 3.150992617227663661, 36.20000000000000284, 4.069127194217958987 ) ) ;
#68 = CARTESIAN_POINT ( 'NONE',  ( -3.144146779602778885, 35.74485703477443366, 4.382582389122453570 ) ) ;
#69 = VERTEX_POINT ( 'NONE', #2434 ) ;
#70 = DIRECTION ( 'NONE',  ( 1.000000000000000000, 0.000000000000000000, 0.000000000000000000 ) ) ;
#71 = CARTESIAN_POINT ( 'NONE',  ( 3.693336831678648569, 27.63843201186334753, 4.946514392939808324 ) ) ;
#72 = AXIS2_PLACEMENT_3D ( 'NONE', #819, #585, #1857 ) ;
#73 = ORIENTED_EDGE ( 'NONE', *, *, #1441, .F. ) ;
#74 = STYLED_ITEM ( 'NONE', ( #1487 ), #2542 ) ;
#75 = DIRECTION ( 'NONE',  ( -0.8660254037844388186, 0.000000000000000000, 0.4999999999999997780 ) ) ;
#76 = PLANE ( 'NONE',  #1970 ) ;
#77 = CARTESIAN_POINT ( 'NONE',  ( 3.888253587678328879E-16, -1.233579561989599505, -3.175000000000001599 ) ) ;
#78 = ORIENTED_EDGE ( 'NONE', *, *, #625, .F. ) ;
#79 = CARTESIAN_POINT ( 'NONE',  ( -2.700840008817146920, 36.20000000000000284, 4.083385295012624816 ) ) ;
#80 = ADVANCED_FACE ( 'NONE', ( #1135 ), #487, .T. ) ;
#81 = CARTESIAN_POINT ( 'NONE',  ( 3.888253587678328879E-16, -1.233579561989599505, -3.175000000000001599 ) ) ;
#82 = CARTESIAN_POINT ( 'NONE',  ( 4.797171717435385396, 36.20000000000000284, 0.9776071471663753121 ) ) ;
#83 = CARTESIAN_POINT ( 'NONE',  ( -0.8839287657737563420, 29.56005097731180342, 5.922907267361525285 ) ) ;
#84 = CARTESIAN_POINT ( 'NONE',  ( 0.3154314918916740762, 35.74785620332212943, 5.038486898352758203 ) ) ;
#85 = DIRECTION ( 'NONE',  ( 8.881784197001252323E-16, 0.000000000000000000, 1.000000000000000000 ) ) ;
#86 = ORIENTED_EDGE ( 'NONE', *, *, #2544, .F. ) ;
#87 = PRODUCT ( '4mm_banana_socket_assembly', '4mm_banana_socket_assembly', '', ( #2957 ) ) ;
#88 = CARTESIAN_POINT ( 'NONE',  ( -6.443177087643454395E-14, 27.26320489190302965, 6.209307221932397702 ) ) ;
#89 = B_SPLINE_CURVE_WITH_KNOTS ( 'NONE', 3,
 ( #1965, #2732, #3004, #406, #1414, #1509, #210, #1785, #980, #3095 ),
 .UNSPECIFIED., .F., .F.,
 ( 4, 2, 2, 2, 4 ),
 ( -0.001112577971934675981, -0.0008344334789510067692, -0.0005562889859673376654, -0.0002781444929836684532, 8.673617379884035472E-19 ),
 .UNSPECIFIED. ) ;
#90 = ORIENTED_EDGE ( 'NONE', *, *, #379, .T. ) ;
#91 = CYLINDRICAL_SURFACE ( 'NONE', #266, 1.499999999999999778 ) ;
#92 = FACE_OUTER_BOUND ( 'NONE', #2299, .T. ) ;
#93 = CARTESIAN_POINT ( 'NONE',  ( 0.8757777529931097815, 35.74785620332212233, -5.321897203152960110 ) ) ;
#94 = ORIENTED_EDGE ( 'NONE', *, *, #1766, .T. ) ;
#95 = CARTESIAN_POINT ( 'NONE',  ( -4.382978747425681831, 35.73885485821559627, -3.144584363418570838 ) ) ;
#96 = CARTESIAN_POINT ( 'NONE',  ( 3.853423367367155817E-16, 1.249999999999997558, 3.146558967083455727 ) ) ;
#97 = CARTESIAN_POINT ( 'NONE',  ( 0.000000000000000000, 0.000000000000000000, 0.000000000000000000 ) ) ;
#98 = VERTEX_POINT ( 'NONE', #1826 ) ;
#99 = CARTESIAN_POINT ( 'NONE',  ( 3.143881213173413069, 35.74785620332212233, 4.382417989080940046 ) ) ;
#100 = CARTESIAN_POINT ( 'NONE',  ( 4.939956880105548898, 27.73292483621466431, -3.686932421305476826 ) ) ;
#101 = EDGE_LOOP ( 'NONE', ( #1511, #3043, #1436, #2978 ) ) ;
#102 = AXIS2_PLACEMENT_3D ( 'NONE', #1594, #40, #1853 ) ;
#103 = CARTESIAN_POINT ( 'NONE',  ( 0.000000000000000000, 0.000000000000000000, 1.700000000000003508 ) ) ;
#104 = ORIENTED_EDGE ( 'NONE', *, *, #381, .T. ) ;
#105 = EDGE_CURVE ( 'NONE', #2335, #2881, #969, .T. ) ;
#106 = DIRECTION ( 'NONE',  ( 0.4999999999999997224, 0.000000000000000000, 0.8660254037844387076 ) ) ;
#107 = CARTESIAN_POINT ( 'NONE',  ( 5.321897203152962774, 35.74785620332212233, -0.8757777529930900196 ) ) ;
#108 = MECHANICAL_DESIGN_GEOMETRIC_PRESENTATION_REPRESENTATION (  '', ( #3052 ), #2892 ) ;
#109 = CARTESIAN_POINT ( 'NONE',  ( 0.000000000000000000, 13.60000000000000320, -2.000000000000000000 ) ) ;
#110 = ORIENTED_EDGE ( 'NONE', *, *, #1872, .T. ) ;
#111 = AXIS2_PLACEMENT_3D ( 'NONE', #987, #3215, #731 ) ;
#112 = CARTESIAN_POINT ( 'NONE',  ( 0.000000000000000000, 34.25000000000000000, 0.000000000000000000 ) ) ;
#113 = DIRECTION ( 'NONE',  ( 0.000000000000000000, 0.000000000000000000, -1.000000000000000000 ) ) ;
#114 = DIRECTION ( 'NONE',  ( 0.000000000000000000, -1.000000000000000000, 0.000000000000000000 ) ) ;
#115 = CARTESIAN_POINT ( 'NONE',  ( -5.038486898352755539, 35.74785620332212943, 0.000000000000000000 ) ) ;
#116 = ADVANCED_FACE ( 'NONE', ( #1185 ), #1956, .T. ) ;
#117 = AXIS2_PLACEMENT_3D ( 'NONE', #2468, #405, #1671 ) ;
#118 = ORIENTED_EDGE ( 'NONE', *, *, #2940, .T. ) ;
#119 = CARTESIAN_POINT ( 'NONE',  ( -0.8847628115074422928, 35.73864478242503395, 5.329426084533414709 ) ) ;
#120 = CARTESIAN_POINT ( 'NONE',  ( -0.8000000000000000444, 1.900000000000000133, -3.484339966191588811 ) ) ;
#121 = EDGE_CURVE ( 'NONE', #41, #2622, #1966, .T. ) ;
#122 = ORIENTED_EDGE ( 'NONE', *, *, #371, .F. ) ;
#123 = CONTEXT_DEPENDENT_SHAPE_REPRESENTATION ( #2683, #2952 ) ;
#124 = EDGE_CURVE ( 'NONE', #1402, #532, #2063, .T. ) ;
#125 = CARTESIAN_POINT ( 'NONE',  ( 0.000000000000000000, 0.000000000000000000, 0.000000000000000000 ) ) ;
#126 = ORIENTED_EDGE ( 'NONE', *, *, #1, .F. ) ;
#127 = CARTESIAN_POINT ( 'NONE',  ( -0.8396535887815399501, 36.20000000000000284, -4.678004094797831414 ) ) ;
#128 = AXIS2_PLACEMENT_3D ( 'NONE', #1144, #835, #2423 ) ;
#129 = DIRECTION ( 'NONE',  ( -3.552713678800500929E-15, 0.000000000000000000, 1.000000000000000000 ) ) ;
#130 = CARTESIAN_POINT ( 'NONE',  ( 0.000000000000000000, 0.2999999999999973244, 0.000000000000000000 ) ) ;
#131 = VERTEX_POINT ( 'NONE', #2733 ) ;
#132 = AXIS2_PLACEMENT_3D ( 'NONE', #1630, #344, #906 ) ;
#133 = DIRECTION ( 'NONE',  ( 0.000000000000000000, 0.000000000000000000, -1.000000000000000000 ) ) ;
#134 = CARTESIAN_POINT ( 'NONE',  ( 0.000000000000000000, 35.74785620332212233, 0.000000000000000000 ) ) ;
#135 = DIRECTION ( 'NONE',  ( 0.000000000000000000, 0.000000000000000000, 1.000000000000000000 ) ) ;
#136 = CARTESIAN_POINT ( 'NONE',  ( -0.8757062175543757210, 35.74485703477443366, 5.322201235360179084 ) ) ;
#137 = ORIENTED_EDGE ( 'NONE', *, *, #1554, .F. ) ;
#138 = LINE ( 'NONE', #1435, #1532 ) ;
#139 = AXIS2_PLACEMENT_3D ( 'NONE', #265, #1531, #1082 ) ;
#140 = VERTEX_POINT ( 'NONE', #1953 ) ;
#141 = ORIENTED_EDGE ( 'NONE', *, *, #2007, .F. ) ;
#142 = CARTESIAN_POINT ( 'NONE',  ( -0.6297369773370046220, 35.74458789742283926, -5.141715083133801656 ) ) ;
#143 = CARTESIAN_POINT ( 'NONE',  ( 3.201559782603186743, 34.89732906525181022, 4.441688628140711970 ) ) ;
#144 = CARTESIAN_POINT ( 'NONE',  ( 0.000000000000000000, 0.000000000000000000, 0.000000000000000000 ) ) ;
#145 = EDGE_LOOP ( 'NONE', ( #3028, #2167, #859, #118, #1735, #2650, #2923 ) ) ;
#146 = CARTESIAN_POINT ( 'NONE',  ( -4.394095107964645308, 35.73864478242503395, 3.142851540447452408 ) ) ;
#147 = DIRECTION ( 'NONE',  ( 0.000000000000000000, 0.000000000000000000, 1.000000000000000000 ) ) ;
#148 = CARTESIAN_POINT ( 'NONE',  ( 0.8808280738885033712, 32.04181550095518816, 5.682009653325272858 ) ) ;
#149 = CARTESIAN_POINT ( 'NONE',  ( 3.722120605919045477, 35.75128683324494716, 3.250138609924635880 ) ) ;
#150 = VERTEX_POINT ( 'NONE', #2969 ) ;
#151 = CARTESIAN_POINT ( 'NONE',  ( -3.575000000000000178, 1.900000000000000133, 0.000000000000000000 ) ) ;
#152 = B_SPLINE_CURVE_WITH_KNOTS ( 'NONE', 3,
 ( #1268, #2629, #565, #2372 ),
 .UNSPECIFIED., .F., .F.,
 ( 4, 4 ),
 ( 0.000000000000000000, 9.046164044265435038E-06 ),
 .UNSPECIFIED. ) ;
#153 =( BOUNDED_CURVE ( )  B_SPLINE_CURVE ( 3, ( #1843, #1547, #502, #2116 ),
 .UNSPECIFIED., .F., .T. ) 
 B_SPLINE_CURVE_WITH_KNOTS ( ( 4, 4 ),
 ( 2.630874857590356442, 3.652310449589229790 ),
 .UNSPECIFIED. ) 
 CURVE ( )  GEOMETRIC_REPRESENTATION_ITEM ( )  RATIONAL_B_SPLINE_CURVE ( ( 1.000000000000000000, 0.9149292474456451885, 0.9149292474456451885, 1.000000000000000000 ) ) 
 REPRESENTATION_ITEM ( '' )  );
#154 = EDGE_LOOP ( 'NONE', ( #2618, #2682, #2141, #1316, #2894, #2504 ) ) ;
#155 = ORIENTED_EDGE ( 'NONE', *, *, #1011, .F. ) ;
#156 = TOROIDAL_SURFACE ( 'NONE', #3317, 0.9999999999999997780, 0.5000000000000000000 ) ;
#157 = FACE_OUTER_BOUND ( 'NONE', #2429, .T. ) ;
#158 = CARTESIAN_POINT ( 'NONE',  ( 3.144584363418586381, 35.73885485821559627, -4.382978747425672061 ) ) ;
#159 = VERTEX_POINT ( 'NONE', #115 ) ;
#160 = EDGE_CURVE ( 'NONE', #1257, #98, #3300, .T. ) ;
#161 = CARTESIAN_POINT ( 'NONE',  ( -3.132527244664335520, 35.87608199352013827, -4.375389265984940934 ) ) ;
#162 = B_SPLINE_CURVE_WITH_KNOTS ( 'NONE', 3,
 ( #81, #3015, #3003, #1151 ),
 .UNSPECIFIED., .F., .F.,
 ( 4, 4 ),
 ( 0.005860318273239777803, 0.007724211672967956459 ),
 .UNSPECIFIED. ) ;
#163 = FACE_OUTER_BOUND ( 'NONE', #2348, .T. ) ;
#164 = CARTESIAN_POINT ( 'NONE',  ( -3.731832010393199006, 27.54858534291021144, 4.928794677134479052 ) ) ;
#165 = ORIENTED_EDGE ( 'NONE', *, *, #911, .F. ) ;
#166 = CARTESIAN_POINT ( 'NONE',  ( -4.922625111112703067, 36.20000000000000995, 0.9578550144436659419 ) ) ;
#167 = EDGE_CURVE ( 'NONE', #1859, #313, #1281, .T. ) ;
#168 = EDGE_CURVE ( 'NONE', #1993, #3114, #1190, .T. ) ;
#169 = AXIS2_PLACEMENT_3D ( 'NONE', #2948, #1964, #1133 ) ;
#170 = VERTEX_POINT ( 'NONE', #1432 ) ;
#171 = ORIENTED_EDGE ( 'NONE', *, *, #1934, .F. ) ;
#172 = CARTESIAN_POINT ( 'NONE',  ( 2.439847181069534354, 1.206713126527464208, -2.124060719683867671 ) ) ;
#173 = DIRECTION ( 'NONE',  ( 0.9954090291002811730, -0.09571240664425774425, 0.000000000000000000 ) ) ;
#174 = ORIENTED_EDGE ( 'NONE', *, *, #2834, .F. ) ;
#175 = EDGE_CURVE ( 'NONE', #170, #2782, #1345, .T. ) ;
#176 = FACE_OUTER_BOUND ( 'NONE', #1275, .T. ) ;
#177 = CARTESIAN_POINT ( 'NONE',  ( -2.909811987513275522, 36.15561510594510963, -4.231290173657969333 ) ) ;
#178 = CARTESIAN_POINT ( 'NONE',  ( -5.321897203152962774, 35.74785620332212233, 0.8757777529930903526 ) ) ;
#179 = CARTESIAN_POINT ( 'NONE',  ( -4.456550752847937780, 27.26320024775426987, 4.324739891591153906 ) ) ;
#180 = ORIENTED_EDGE ( 'NONE', *, *, #494, .T. ) ;
#181 = PRODUCT_DEFINITION_FORMATION_WITH_SPECIFIED_SOURCE ( 'ANY', '', #2148, .NOT_KNOWN. ) ;
#182 = EDGE_CURVE ( 'NONE', #2597, #2929, #2548, .T. ) ;
#183 = CARTESIAN_POINT ( 'NONE',  ( -5.321897203152962774, 35.74785620332212233, 0.8757777529930903526 ) ) ;
#184 = COLOUR_RGB ( '',0.7921568627450980005, 0.8196078431372548767, 0.9333333333333333481 ) ;
#185 = CARTESIAN_POINT ( 'NONE',  ( 0.000000000000000000, 35.74785620332212233, 0.000000000000000000 ) ) ;
#186 = ORIENTED_EDGE ( 'NONE', *, *, #2642, .T. ) ;
#187 = DIRECTION ( 'NONE',  ( -0.000000000000000000, -1.000000000000000000, -0.000000000000000000 ) ) ;
#188 = CARTESIAN_POINT ( 'NONE',  ( -1.833087104677060486, -0.9499999999999995115, 3.175000000000002487 ) ) ;
#189 = B_SPLINE_CURVE_WITH_KNOTS ( 'NONE', 3,
 ( #242, #2354, #2093, #2895, #818, #3144, #29, #798 ),
 .UNSPECIFIED., .F., .F.,
 ( 4, 2, 2, 4 ),
 ( 2.380740674736047311E-07, 0.001851557466009769171, 0.002777217161980917188, 0.003702876857952065639 ),
 .UNSPECIFIED. ) ;
#190 = ORIENTED_EDGE ( 'NONE', *, *, #60, .T. ) ;
#191 = CARTESIAN_POINT ( 'NONE',  ( -6.153274919527683018, 27.41193880594817500, -0.7207319163023995223 ) ) ;
#192 = CARTESIAN_POINT ( 'NONE',  ( -3.143881213173502776, 35.74785620332212233, 4.382417989080876097 ) ) ;
#193 = CARTESIAN_POINT ( 'NONE',  ( 0.000000000000000000, 1.249999999999997558, -3.146558967083455727 ) ) ;
#194 = CARTESIAN_POINT ( 'NONE',  ( -0.8860220918100815135, 27.73292483621466431, -6.100131925573422542 ) ) ;
#195 = ORIENTED_EDGE ( 'NONE', *, *, #2937, .F. ) ;
#196 = CARTESIAN_POINT ( 'NONE',  ( -0.8000000000000000444, 0.04397163297420458861, -4.424999999999999822 ) ) ;
#197 = EDGE_CURVE ( 'NONE', #656, #2593, #2976, .T. ) ;
#198 = CARTESIAN_POINT ( 'NONE',  ( 2.650120673675083083, 36.20000000000000284, -4.318445430364510784 ) ) ;
#199 = EDGE_CURVE ( 'NONE', #2232, #634, #1138, .T. ) ;
#200 = CARTESIAN_POINT ( 'NONE',  ( -4.382978747425727128, 35.73885485821556784, 3.144584363418512218 ) ) ;
#201 = ORIENTED_EDGE ( 'NONE', *, *, #1029, .T. ) ;
#202 = B_SPLINE_CURVE_WITH_KNOTS ( 'NONE', 3,
 ( #869, #362, #2785, #323, #2182, #1090, #3195 ),
 .UNSPECIFIED., .F., .F.,
 ( 4, 3, 4 ),
 ( 0.0005280937956277198357, 0.003000000005309308611, 0.008571680231918569343 ),
 .UNSPECIFIED. ) ;
#203 = CARTESIAN_POINT ( 'NONE',  ( 4.083385295012634586, 36.20000000000000284, 2.700840008817134041 ) ) ;
#204 = CARTESIAN_POINT ( 'NONE',  ( 3.269737675643847652, 33.89034295923231355, -4.511942011531149710 ) ) ;
#205 = ADVANCED_FACE ( 'NONE', ( #2271 ), #2392, .F. ) ;
#206 = ORIENTED_EDGE ( 'NONE', *, *, #121, .T. ) ;
#207 = AXIS2_PLACEMENT_3D ( 'NONE', #3181, #2878, #1271 ) ;
#208 = CARTESIAN_POINT ( 'NONE',  ( -5.038486898352754650, 35.74785620332213654, -0.3168466955166830412 ) ) ;
#209 = FACE_OUTER_BOUND ( 'NONE', #1434, .T. ) ;
#210 = CARTESIAN_POINT ( 'NONE',  ( -6.196696324845146542, 27.28629310299665889, 0.3706869574388312327 ) ) ;
#211 = AXIS2_PLACEMENT_3D ( 'NONE', #97, #2919, #591 ) ;
#212 = CARTESIAN_POINT ( 'NONE',  ( -5.568102219292172528, 33.21426811240092292, -0.8792137883028123824 ) ) ;
#213 = VERTEX_POINT ( 'NONE', #194 ) ;
#214 = CARTESIAN_POINT ( 'NONE',  ( -5.242357526023681658, 35.99423123528535484, 0.8946838160720035349 ) ) ;
#215 = ADVANCED_FACE ( 'NONE', ( #705 ), #2730, .T. ) ;
#216 = CARTESIAN_POINT ( 'NONE',  ( -0.8000000000000000444, 5.299999999999999822, -3.484339966191588811 ) ) ;
#217 = CARTESIAN_POINT ( 'NONE',  ( 2.913426352923949469, 36.20000000000000284, -3.508209678034449830 ) ) ;
#218 = ADVANCED_FACE ( 'NONE', ( #3368 ), #2289, .F. ) ;
#219 = CARTESIAN_POINT ( 'NONE',  ( -4.081032889251975604, 35.74458789742280374, -3.190450315174145235 ) ) ;
#220 = VECTOR ( 'NONE', #703, 1000.000000000000000 ) ;
#221 = ORIENTED_EDGE ( 'NONE', *, *, #2771, .T. ) ;
#222 = ORIENTED_EDGE ( 'NONE', *, *, #1813, .T. ) ;
#223 = EDGE_CURVE ( 'NONE', #374, #3033, #702, .T. ) ;
#224 = CARTESIAN_POINT ( 'NONE',  ( 2.134020449948543341, 1.107898174753725984, -2.653768156298131231 ) ) ;
#225 = ORIENTED_EDGE ( 'NONE', *, *, #3252, .F. ) ;
#226 = CARTESIAN_POINT ( 'NONE',  ( 3.666174209354124525, -0.9499999999999995115, 6.505213034913026604E-16 ) ) ;
#227 = FACE_OUTER_BOUND ( 'NONE', #486, .T. ) ;
#228 = DIRECTION ( 'NONE',  ( 0.000000000000000000, 0.000000000000000000, -1.000000000000000000 ) ) ;
#229 = EDGE_LOOP ( 'NONE', ( #2096, #577, #651, #1470 ) ) ;
#230 = CARTESIAN_POINT ( 'NONE',  ( -3.628760164016654305E-26, 1.233579561989599060, -3.175000000000001599 ) ) ;
#231 = CARTESIAN_POINT ( 'NONE',  ( 0.000000000000000000, -1.249999999999999334, 0.000000000000000000 ) ) ;
#232 = CONICAL_SURFACE ( 'NONE', #3019, 6.349999999999996092, 0.09585914711001297661 ) ;
#233 = CARTESIAN_POINT ( 'NONE',  ( 3.302468359869735082, 36.20000000000000284, -3.761544694715583059 ) ) ;
#234 = DIRECTION ( 'NONE',  ( 8.659560562354908206E-17, -0.7071067811865493491, 0.7071067811865455743 ) ) ;
#235 = AXIS2_PLACEMENT_3D ( 'NONE', #2831, #2532, #754 ) ;
#236 =( BOUNDED_SURFACE ( )  B_SPLINE_SURFACE ( 3, 2, ( 
 ( #660, #2673, #1652 ),
 ( #1688, #1617, #3218 ),
 ( #2748, #332, #2691 ),
 ( #1936, #351, #1429 ),
 ( #2714, #647, #2412 ),
 ( #1377, #1118, #146 ) ),
 .UNSPECIFIED., .F., .F., .F. ) 
 B_SPLINE_SURFACE_WITH_KNOTS ( ( 4, 2, 4 ),
 ( 3, 3 ),
 ( 2.510729643520384080, 3.141592653589793116, 3.772455663659202596 ),
 ( 0.000000000000000000, 1.000000000000000000 ),
 .UNSPECIFIED. ) 
 GEOMETRIC_REPRESENTATION_ITEM ( )  RATIONAL_B_SPLINE_SURFACE ( (
 ( 1.000000000000000000, 0.7339242347988189641, 1.000000000000000000),
 ( 1.000000000000000000, 0.7379907051408824969, 1.000000000000000000),
 ( 1.000000000000000000, 0.7401730901094678572, 1.000000000000000000),
 ( 1.000000000000000000, 0.7401730901093743764, 1.000000000000000000),
 ( 1.000000000000000000, 0.7379907051409504426, 1.000000000000000000),
 ( 1.000000000000000000, 0.7339242347988189641, 1.000000000000000000) ) ) 
 REPRESENTATION_ITEM ( '' )  SURFACE ( )  );
#237 = ORIENTED_EDGE ( 'NONE', *, *, #1200, .T. ) ;
#238 = AXIS2_PLACEMENT_3D ( 'NONE', #112, #369, #133 ) ;
#239 = CYLINDRICAL_SURFACE ( 'NONE', #1777, 3.250000000000000444 ) ;
#240 = CARTESIAN_POINT ( 'NONE',  ( 4.083385295012634586, 36.20000000000000284, 2.700840008817134041 ) ) ;
#241 = ORIENTED_EDGE ( 'NONE', *, *, #199, .F. ) ;
#242 = CARTESIAN_POINT ( 'NONE',  ( 3.666174209354124525, -0.9499999999999995115, 6.505213034913026604E-16 ) ) ;
#243 = CARTESIAN_POINT ( 'NONE',  ( 4.939956880105496495, 27.73292483621466076, 3.686932421305546548 ) ) ;
#244 = EDGE_CURVE ( 'NONE', #57, #552, #975, .T. ) ;
#245 = CARTESIAN_POINT ( 'NONE',  ( -6.309523505657917752, 27.75305864199201977, 0.000000000000000000 ) ) ;
#246 = ORIENTED_EDGE ( 'NONE', *, *, #1969, .F. ) ;
#247 = DIRECTION ( 'NONE',  ( 0.06767889178183925103, -0.9954090291002811730, -0.06767889178183854326 ) ) ;
#248 = DIRECTION ( 'NONE',  ( 0.000000000000000000, 0.000000000000000000, -1.000000000000000000 ) ) ;
#249 = B_SPLINE_CURVE_WITH_KNOTS ( 'NONE', 3,
 ( #3124, #782, #2349, #24, #1059, #3141, #795, #1835, #2664, #599, #383, #1907, #641, #2723, #3210, #2977, #71, #582 ),
 .UNSPECIFIED., .F., .F.,
 ( 4, 2, 2, 2, 2, 2, 2, 2, 4 ),
 ( -0.001112577971934673162, -0.0008344746783522527132, -0.0005563713847698322640, -0.0002782680911874118148, -1.647976049913655455E-07, 0.0002779384959774291921, 0.0005560417895598495329, 0.0008341450831422698737, 0.001112248376724690431 ),
 .UNSPECIFIED. ) ;
#250 = EDGE_CURVE ( 'NONE', #2335, #2316, #655, .T. ) ;
#251 = CARTESIAN_POINT ( 'NONE',  ( -1.833087104677060930, -1.249999999999999334, 3.175000000000000266 ) ) ;
#252 = CARTESIAN_POINT ( 'NONE',  ( 0.000000000000000000, 25.80000000000000426, 0.000000000000000000 ) ) ;
#253 = VERTEX_POINT ( 'NONE', #2015 ) ;
#254 = VERTEX_POINT ( 'NONE', #3064 ) ;
#255 = CARTESIAN_POINT ( 'NONE',  ( 2.804549441785440855, 36.19999999999999574, 4.158879789674332805 ) ) ;
#256 = CARTESIAN_POINT ( 'NONE',  ( -7.304932534758198592, 27.84877104863627295, 0.000000000000000000 ) ) ;
#257 =( BOUNDED_SURFACE ( )  B_SPLINE_SURFACE ( 3, 2, ( 
 ( #284, #15, #1050 ),
 ( #2085, #791, #1399 ),
 ( #636, #3259, #84 ),
 ( #1658, #1140, #2753 ),
 ( #1955, #1173, #1383 ),
 ( #916, #3008, #119 ) ),
 .UNSPECIFIED., .F., .F., .T. ) 
 B_SPLINE_SURFACE_WITH_KNOTS ( ( 4, 2, 4 ),
 ( 3, 3 ),
 ( 2.510729643520384080, 3.141592653589793116, 3.772455663659202152 ),
 ( 0.000000000000000000, 1.000000000000000000 ),
 .UNSPECIFIED. ) 
 GEOMETRIC_REPRESENTATION_ITEM ( )  RATIONAL_B_SPLINE_SURFACE ( (
 ( 1.000000000000000000, 0.7339242347988189641, 1.000000000000000000),
 ( 1.000000000000000000, 0.7379907051409162477, 1.000000000000000000),
 ( 1.000000000000000000, 0.7401730901094208948, 1.000000000000000000),
 ( 1.000000000000000000, 0.7401730901094208948, 1.000000000000000000),
 ( 1.000000000000000000, 0.7379907051409162477, 1.000000000000000000),
 ( 1.000000000000000000, 0.7339242347988189641, 1.000000000000000000) ) ) 
 REPRESENTATION_ITEM ( '' )  SURFACE ( )  );
#258 = ORIENTED_EDGE ( 'NONE', *, *, #1880, .T. ) ;
#259 = CARTESIAN_POINT ( 'NONE',  ( 1.833087104677063151, -1.249999999999999334, -3.175000000000001599 ) ) ;
#260 = DIRECTION ( 'NONE',  ( -0.000000000000000000, 1.000000000000000000, -0.000000000000000000 ) ) ;
#261 = CARTESIAN_POINT ( 'NONE',  ( -0.8757777529930719229, 35.74785620332212233, -5.321897203152966327 ) ) ;
#262 = ADVANCED_FACE ( 'NONE', ( #2061, #3113 ), #1260, .T. ) ;
#263 = VERTEX_POINT ( 'NONE', #1801 ) ;
#264 = ADVANCED_FACE ( 'NONE', ( #1751 ), #2866, .F. ) ;
#265 = CARTESIAN_POINT ( 'NONE',  ( 0.000000000000000000, 1.900000000000000133, 0.000000000000000000 ) ) ;
#266 = AXIS2_PLACEMENT_3D ( 'NONE', #643, #1629, #2685 ) ;
#267 = EDGE_CURVE ( 'NONE', #2471, #1402, #3047, .T. ) ;
#268 = CARTESIAN_POINT ( 'NONE',  ( 5.049553821859629643, 36.15559694196618779, 0.9344198957655375226 ) ) ;
#269 = CARTESIAN_POINT ( 'NONE',  ( 0.8860220918101228138, 27.73292483621466431, -6.100131925573414549 ) ) ;
#270 = AXIS2_PLACEMENT_3D ( 'NONE', #519, #2601, #1734 ) ;
#271 = CARTESIAN_POINT ( 'NONE',  ( -3.190450315174131912, 35.74458789742279663, -4.081032889251985374 ) ) ;
#272 = ORIENTED_EDGE ( 'NONE', *, *, #2815, .F. ) ;
#273 = ORIENTED_EDGE ( 'NONE', *, *, #1862, .T. ) ;
#274 = CARTESIAN_POINT ( 'NONE',  ( -0.8757777529931457527, 35.74785620332212233, 5.321897203152954781 ) ) ;
#275 = ORIENTED_EDGE ( 'NONE', *, *, #2794, .F. ) ;
#276 = DIRECTION ( 'NONE',  ( 0.000000000000000000, 0.000000000000000000, -1.000000000000000000 ) ) ;
#277 = DIRECTION ( 'NONE',  ( 0.9976965925094418708, -0.06783442558943679479, 0.000000000000000000 ) ) ;
#278 = CARTESIAN_POINT ( 'NONE',  ( 0.000000000000000000, 35.74785620332212233, 0.000000000000000000 ) ) ;
#279 = ORIENTED_EDGE ( 'NONE', *, *, #1469, .T. ) ;
#280 = CARTESIAN_POINT ( 'NONE',  ( -3.666174209354122748, -1.249999999999999334, 5.879297062632080204E-16 ) ) ;
#281 = B_SPLINE_CURVE_WITH_KNOTS ( 'NONE', 3,
 ( #3198, #1893, #2761, #3232, #892, #1390, #1684 ),
 .UNSPECIFIED., .F., .F.,
 ( 4, 3, 4 ),
 ( 0.0004635204855060064176, 0.003000000009842789840, 0.008507106913800332668 ),
 .UNSPECIFIED. ) ;
#282 = CARTESIAN_POINT ( 'NONE',  ( 0.8756770667147191212, 35.73885485821556784, 5.322790921487684734 ) ) ;
#283 = CARTESIAN_POINT ( 'NONE',  ( -0.8463675961348195997, 27.54855853993737114, -6.123992392604018065 ) ) ;
#284 = CARTESIAN_POINT ( 'NONE',  ( 1.179683748676466859, 36.20000000000000284, 4.927520347313123494 ) ) ;
#285 = CARTESIAN_POINT ( 'NONE',  ( -3.761544694715710513, 36.20000000000000284, -3.302468359869607184 ) ) ;
#286 = ORIENTED_EDGE ( 'NONE', *, *, #1095, .T. ) ;
#287 = EDGE_LOOP ( 'NONE', ( #1541, #679, #2036, #1154 ) ) ;
#288 = DIRECTION ( 'NONE',  ( -0.000000000000000000, 1.000000000000000000, -0.000000000000000000 ) ) ;
#289 = VECTOR ( 'NONE', #2020, 1000.000000000000000 ) ;
#290 = CARTESIAN_POINT ( 'NONE',  ( -0.9776071471663584367, 36.20000000000000284, -4.797171717435389837 ) ) ;
#291 = ORIENTED_EDGE ( 'NONE', *, *, #2993, .T. ) ;
#292 = AXIS2_PLACEMENT_3D ( 'NONE', #1861, #771, #2064 ) ;
#293 = CONICAL_SURFACE ( 'NONE', #2084, 6.349999999999998757, 0.03997868712328998125 ) ;
#294 = CARTESIAN_POINT ( 'NONE',  ( 6.209310162252867471, 27.26320024775427697, 0.09320435382863473395 ) ) ;
#295 = CARTESIAN_POINT ( 'NONE',  ( 5.322790921487675853, 35.73885485821556784, 0.8756770667147742992 ) ) ;
#296 = CARTESIAN_POINT ( 'NONE',  ( -4.797171717435386284, 36.20000000000000284, -0.9776071471663759782 ) ) ;
#297 = ORIENTED_EDGE ( 'NONE', *, *, #2320, .F. ) ;
#298 = LINE ( 'NONE', #553, #2360 ) ;
#299 = CARTESIAN_POINT ( 'NONE',  ( -3.144584363418616579, 35.73885485821559627, 4.382978747425649857 ) ) ;
#300 = ORIENTED_EDGE ( 'NONE', *, *, #821, .F. ) ;
#301 = CARTESIAN_POINT ( 'NONE',  ( 3.785791999661173080, 35.74785620332213654, 3.339704505828447356 ) ) ;
#302 = CARTESIAN_POINT ( 'NONE',  ( 0.000000000000000000, 22.80000000000000426, 0.000000000000000000 ) ) ;
#303 = EDGE_CURVE ( 'NONE', #140, #424, #2308, .T. ) ;
#304 = VERTEX_POINT ( 'NONE', #2095 ) ;
#305 = DIRECTION ( 'NONE',  ( 1.000000000000000000, 0.000000000000000000, 0.000000000000000000 ) ) ;
#306 = CARTESIAN_POINT ( 'NONE',  ( -0.8788359406454482325, 35.87607265627848108, 5.308899623798934542 ) ) ;
#307 =( NAMED_UNIT ( * ) PLANE_ANGLE_UNIT ( ) SI_UNIT ( $, .RADIAN. ) );
#308 = VERTEX_POINT ( 'NONE', #1821 ) ;
#309 = LINE ( 'NONE', #1819, #2001 ) ;
#310 = FACE_OUTER_BOUND ( 'NONE', #442, .T. ) ;
#311 = EDGE_CURVE ( 'NONE', #3362, #1488, #9, .T. ) ;
#312 = DIRECTION ( 'NONE',  ( -0.000000000000000000, 1.000000000000000000, -0.000000000000000000 ) ) ;
#313 = VERTEX_POINT ( 'NONE', #787 ) ;
#314 = PLANE ( 'NONE',  #1753 ) ;
#315 = DIRECTION ( 'NONE',  ( 0.000000000000000000, 0.000000000000000000, -1.000000000000000000 ) ) ;
#316 = CARTESIAN_POINT ( 'NONE',  ( 0.000000000000000000, 34.25000000000000000, 0.000000000000000000 ) ) ;
#317 = CARTESIAN_POINT ( 'NONE',  ( 0.8860220918100389920, 27.73292483621466431, 6.100131925573428759 ) ) ;
#318 = CARTESIAN_POINT ( 'NONE',  ( -0.8831015573875615754, 30.19327585426519533, -5.861417349984230363 ) ) ;
#319 = ORIENTED_EDGE ( 'NONE', *, *, #182, .F. ) ;
#320 = EDGE_CURVE ( 'NONE', #2471, #581, #2517, .T. ) ;
#321 = AXIS2_PLACEMENT_3D ( 'NONE', #3238, #1981, #900 ) ;
#322 = MANIFOLD_SOLID_BREP ( 'Bruto-Borne_4mm-1', #2449 ) ;
#323 = CARTESIAN_POINT ( 'NONE',  ( -5.861417349984226810, 30.19327585426520244, 0.8831015573875826696 ) ) ;
#324 = ORIENTED_EDGE ( 'NONE', *, *, #2514, .T. ) ;
#325 = EDGE_CURVE ( 'NONE', #2070, #304, #2278, .T. ) ;
#326 = CARTESIAN_POINT ( 'NONE',  ( 0.9059217567369061141, 36.20000000000000284, -5.300591571925082235 ) ) ;
#327 = DIRECTION ( 'NONE',  ( -0.000000000000000000, 0.000000000000000000, 1.000000000000000000 ) ) ;
#328 = FACE_OUTER_BOUND ( 'NONE', #2792, .T. ) ;
#329 = PRODUCT ( 'Borne_4mm_porca_plastica', 'Borne_4mm_porca_plastica', '', ( #1681 ) ) ;
#330 = ORIENTED_EDGE ( 'NONE', *, *, #168, .T. ) ;
#331 = B_SPLINE_CURVE_WITH_KNOTS ( 'NONE', 3,
 ( #3328, #1668, #1650, #2465, #2712, #1391 ),
 .UNSPECIFIED., .F., .F.,
 ( 4, 2, 4 ),
 ( -5.527337459318833407E-06, 0.0003793000264230797112, 0.0007641273903054783372 ),
 .UNSPECIFIED. ) ;
#332 = CARTESIAN_POINT ( 'NONE',  ( -3.302468359869713765, 36.20000000000000284, 3.761544694715603931 ) ) ;
#333 = DIRECTION ( 'NONE',  ( 3.341780816941908511E-16, -0.9954090291002811730, -0.09571240664425757771 ) ) ;
#334 = CARTESIAN_POINT ( 'NONE',  ( -0.8860220918100815135, 27.73292483621466431, -6.100131925573422542 ) ) ;
#335 = CARTESIAN_POINT ( 'NONE',  ( -3.628760164016654305E-26, 1.233579561989599060, -3.175000000000001599 ) ) ;
#336 = CARTESIAN_POINT ( 'NONE',  ( -6.100131925573418989, 27.73292483621466431, -0.8860220918101020526 ) ) ;
#337 = EDGE_LOOP ( 'NONE', ( #587, #956 ) ) ;
#338 = CARTESIAN_POINT ( 'NONE',  ( -0.8468460164871242091, 27.54917117990436282, 6.123869794318670401 ) ) ;
#339 = AXIS2_PLACEMENT_3D ( 'NONE', #30, #2879, #2129 ) ;
#340 = PRODUCT_DEFINITION_CONTEXT ( 'detailed design', #2325, 'design' ) ;
#341 = VERTEX_POINT ( 'NONE', #3146 ) ;
#342 = AXIS2_PLACEMENT_3D ( 'NONE', #1595, #1074, #2108 ) ;
#343 = CARTESIAN_POINT ( 'NONE',  ( 3.686932421305459506, 27.73292483621466431, 4.939956880105562220 ) ) ;
#344 = DIRECTION ( 'NONE',  ( 0.000000000000000000, 1.000000000000000000, 0.000000000000000000 ) ) ;
#345 = PRODUCT_RELATED_PRODUCT_CATEGORY ( 'part', '', ( #2148 ) ) ;
#346 = DIRECTION ( 'NONE',  ( -0.000000000000000000, -1.000000000000000000, -0.000000000000000000 ) ) ;
#347 = ADVANCED_FACE ( 'NONE', ( #328 ), #2635, .T. ) ;
#348 = EDGE_LOOP ( 'NONE', ( #1686, #10, #2789 ) ) ;
#349 = AXIS2_PLACEMENT_3D ( 'NONE', #575, #2868, #2849 ) ;
#350 = AXIS2_PLACEMENT_3D ( 'NONE', #3339, #1249, #985 ) ;
#351 = CARTESIAN_POINT ( 'NONE',  ( -3.761544694715713621, 36.20000000000000284, 3.302468359869602299 ) ) ;
#352 = CARTESIAN_POINT ( 'NONE',  ( 0.000000000000000000, 16.20000000000000284, 0.000000000000000000 ) ) ;
#353 = CIRCLE ( 'NONE', #1114, 2.000000000000000000 ) ;
#354 = CARTESIAN_POINT ( 'NONE',  ( 0.8783711095252134671, 33.89034295923229934, 5.502478475823059156 ) ) ;
#355 = CYLINDRICAL_SURFACE ( 'NONE', #2502, 3.000000000000000444 ) ;
#356 = ORIENTED_EDGE ( 'NONE', *, *, #2334, .T. ) ;
#357 = DIRECTION ( 'NONE',  ( -0.000000000000000000, 1.000000000000000000, 0.000000000000000000 ) ) ;
#358 = FACE_OUTER_BOUND ( 'NONE', #1719, .T. ) ;
#359 = EDGE_CURVE ( 'NONE', #424, #57, #1888, .T. ) ;
#360 = EDGE_LOOP ( 'NONE', ( #21, #1556, #1117 ) ) ;
#361 = CARTESIAN_POINT ( 'NONE',  ( 0.000000000000000000, 0.000000000000000000, 0.000000000000000000 ) ) ;
#362 = CARTESIAN_POINT ( 'NONE',  ( -6.020583308932530464, 28.55304410414921534, 0.8850824867232327531 ) ) ;
#363 = ORIENTED_EDGE ( 'NONE', *, *, #3140, .F. ) ;
#364 = EDGE_CURVE ( 'NONE', #308, #304, #616, .T. ) ;
#365 = FACE_OUTER_BOUND ( 'NONE', #1669, .T. ) ;
#366 = CARTESIAN_POINT ( 'NONE',  ( 0.8946814250601389240, 35.99421414278277354, 5.242367592782924746 ) ) ;
#367 = CARTESIAN_POINT ( 'NONE',  ( -0.8756726926745351802, 35.74185609686031739, -5.322499181287169812 ) ) ;
#368 = ORIENTED_EDGE ( 'NONE', *, *, #1223, .T. ) ;
#369 = DIRECTION ( 'NONE',  ( -0.000000000000000000, -1.000000000000000000, -0.000000000000000000 ) ) ;
#370 = DIRECTION ( 'NONE',  ( 0.000000000000000000, 0.000000000000000000, -1.000000000000000000 ) ) ;
#371 = EDGE_CURVE ( 'NONE', #341, #2198, #3179, .T. ) ;
#372 = CARTESIAN_POINT ( 'NONE',  ( 0.000000000000000000, 20.71998401917443644, 0.000000000000000000 ) ) ;
#373 = CARTESIAN_POINT ( 'NONE',  ( 3.673940397442060361E-16, 0.000000000000000000, 3.000000000000000444 ) ) ;
#374 = VERTEX_POINT ( 'NONE', #2688 ) ;
#375 = ADVANCED_FACE ( 'NONE', ( #1339 ), #1096, .F. ) ;
#376 = DIRECTION ( 'NONE',  ( 0.000000000000000000, 0.000000000000000000, 1.000000000000000000 ) ) ;
#377 = CARTESIAN_POINT ( 'NONE',  ( -0.8783711095252543233, 33.89034295923229223, -5.502478475823051163 ) ) ;
#378 = TOROIDAL_SURFACE ( 'NONE', #653, 4.895770850515039463, 0.5000000000000000000 ) ;
#379 = EDGE_CURVE ( 'NONE', #2252, #946, #1680, .T. ) ;
#380 = ORIENTED_EDGE ( 'NONE', *, *, #60, .F. ) ;
#381 = EDGE_CURVE ( 'NONE', #1573, #2331, #664, .T. ) ;
#382 = SHAPE_DEFINITION_REPRESENTATION ( #2677, #1403 ) ;
#383 = CARTESIAN_POINT ( 'NONE',  ( 4.257344779072932184, 27.26660549139023004, 4.520503038172941856 ) ) ;
#384 = VERTEX_POINT ( 'NONE', #2165 ) ;
#385 = CARTESIAN_POINT ( 'NONE',  ( -0.8847628115073699062, 35.73864478242503395, -5.329426084533428920 ) ) ;
#386 = CARTESIAN_POINT ( 'NONE',  ( -4.939956880105524029, 27.73292483621466431, -3.686932421305511465 ) ) ;
#387 = AXIS2_PLACEMENT_3D ( 'NONE', #252, #2853, #508 ) ;
#388 = CYLINDRICAL_SURFACE ( 'NONE', #111, 3.575000000000000622 ) ;
#389 = ORIENTED_EDGE ( 'NONE', *, *, #633, .T. ) ;
#390 = DIRECTION ( 'NONE',  ( 0.000000000000000000, 0.000000000000000000, 1.000000000000000000 ) ) ;
#391 = DIRECTION ( 'NONE',  ( 0.000000000000000000, 0.000000000000000000, 1.000000000000000000 ) ) ;
#392 = DIRECTION ( 'NONE',  ( 1.000000000000000000, 0.000000000000000000, 0.000000000000000000 ) ) ;
#393 = CARTESIAN_POINT ( 'NONE',  ( -4.324500987357407844, 27.26320954431407984, 4.456781333201679018 ) ) ;
#394 = VECTOR ( 'NONE', #2431, 1000.000000000000000 ) ;
#395 = ORIENTED_EDGE ( 'NONE', *, *, #707, .T. ) ;
#396 = DIRECTION ( 'NONE',  ( -0.06767889178183879306, -0.9954090291002811730, -0.06767889178183901511 ) ) ;
#397 = AXIS2_PLACEMENT_3D ( 'NONE', #898, #1937, #391 ) ;
#398 = ORIENTED_EDGE ( 'NONE', *, *, #1448, .F. ) ;
#399 = VERTEX_POINT ( 'NONE', #1410 ) ;
#400 = CARTESIAN_POINT ( 'NONE',  ( 0.4205753225223151648, 36.20000000000000284, -4.540782383802614675 ) ) ;
#401 = AXIS2_PLACEMENT_3D ( 'NONE', #2453, #114, #2693 ) ;
#402 = CARTESIAN_POINT ( 'NONE',  ( 0.9776071471663927426, 36.20000000000000284, -4.797171717435381844 ) ) ;
#403 = ORIENTED_EDGE ( 'NONE', *, *, #2687, .F. ) ;
#404 = CARTESIAN_POINT ( 'NONE',  ( -2.700840008817090521, 36.20000000000000284, -4.083385295012662120 ) ) ;
#405 = DIRECTION ( 'NONE',  ( 0.000000000000000000, 1.000000000000000000, 0.000000000000000000 ) ) ;
#406 = CARTESIAN_POINT ( 'NONE',  ( -6.153245362736692314, 27.41211735449381592, 0.7208111449168067564 ) ) ;
#407 = CARTESIAN_POINT ( 'NONE',  ( -3.731431837010448671, 27.54914389154633625, -4.929034413910874157 ) ) ;
#408 = AXIS2_PLACEMENT_3D ( 'NONE', #526, #1829, #2933 ) ;
#409 = EDGE_LOOP ( 'NONE', ( #225, #3369 ) ) ;
#410 = CARTESIAN_POINT ( 'NONE',  ( 4.797171717435385396, 36.20000000000000284, 0.9776071471663753121 ) ) ;
#411 = VECTOR ( 'NONE', #1638, 1000.000000000000000 ) ;
#412 = ORIENTED_EDGE ( 'NONE', *, *, #1504, .T. ) ;
#413 = ADVANCED_FACE ( 'NONE', ( #907 ), #56, .T. ) ;
#414 = ORIENTED_EDGE ( 'NONE', *, *, #1101, .F. ) ;
#415 = EDGE_CURVE ( 'NONE', #1464, #159, #2236, .T. ) ;
#416 = B_SPLINE_CURVE_WITH_KNOTS ( 'NONE', 3,
 ( #3169, #1308, #3202, #1343, #2901, #2931, #299 ),
 .UNSPECIFIED., .F., .F.,
 ( 4, 3, 4 ),
 ( 0.0005280937956277162578, 0.003000000005309308177, 0.008571680231918604037 ),
 .UNSPECIFIED. ) ;
#417 = DIRECTION ( 'NONE',  ( 0.09571240664425757771, -0.9954090291002811730, -0.000000000000000000 ) ) ;
#418 = DIRECTION ( 'NONE',  ( 4.894673023214416073E-18, -0.9992009587217894895, 0.03996803834887150547 ) ) ;
#419 = ORIENTED_EDGE ( 'NONE', *, *, #1513, .F. ) ;
#420 = CARTESIAN_POINT ( 'NONE',  ( -4.995011533287574856, 36.20000000000000284, -0.3246159894518151900 ) ) ;
#421 = LINE ( 'NONE', #2485, #1349 ) ;
#422 = CARTESIAN_POINT ( 'NONE',  ( -1.235864791576345434, 1.122403231617398411, 3.175000000000000266 ) ) ;
#423 = CARTESIAN_POINT ( 'NONE',  ( -4.929034413910911461, 27.54914389154632914, 3.731431837010397157 ) ) ;
#424 = VERTEX_POINT ( 'NONE', #966 ) ;
#425 = CARTESIAN_POINT ( 'NONE',  ( 7.665799495360107840E-16, 20.71998401917443644, 6.169200639233021199 ) ) ;
#426 = ADVANCED_FACE ( 'NONE', ( #1740 ), #388, .F. ) ;
#427 = ORIENTED_EDGE ( 'NONE', *, *, #2172, .F. ) ;
#428 = CONICAL_SURFACE ( 'NONE', #1340, 6.400000000000000355, 0.01886568602167066830 ) ;
#429 = CARTESIAN_POINT ( 'NONE',  ( 0.8757777529930350635, 35.74785620332212233, 5.321897203152972544 ) ) ;
#430 = DIRECTION ( 'NONE',  ( -0.06767889178183879306, -0.9954090291002812840, -0.06767889178183901511 ) ) ;
#431 = ADVANCED_FACE ( 'NONE', ( #1946 ), #3000, .T. ) ;
#432 = EDGE_LOOP ( 'NONE', ( #2491, #171, #521, #398 ) ) ;
#433 = DIRECTION ( 'NONE',  ( 0.000000000000000000, 0.000000000000000000, 1.000000000000000000 ) ) ;
#434 = CARTESIAN_POINT ( 'NONE',  ( 4.826090579582439588, 29.37316118810634791, 3.575769943113711768 ) ) ;
#435 = CARTESIAN_POINT ( 'NONE',  ( -4.928794677134516355, 27.54858534291021499, -3.731832010393149268 ) ) ;
#436 = EDGE_LOOP ( 'NONE', ( #864, #1088 ) ) ;
#437 = CIRCLE ( 'NONE', #2336, 5.393475365065178551 ) ;
#438 = DIRECTION ( 'NONE',  ( 0.000000000000000000, 0.000000000000000000, -1.000000000000000000 ) ) ;
#439 = FACE_BOUND ( 'NONE', #1582, .T. ) ;
#440 = AXIS2_PLACEMENT_3D ( 'NONE', #3332, #2268, #3094 ) ;
#441 = LINE ( 'NONE', #710, #3346 ) ;
#442 = EDGE_LOOP ( 'NONE', ( #2631, #1908, #894, #1451 ) ) ;
#443 = CARTESIAN_POINT ( 'NONE',  ( -0.8000000000000000444, 5.299999999999999822, -4.424999999999999822 ) ) ;
#444 = CARTESIAN_POINT ( 'NONE',  ( 0.000000000000000000, 0.000000000000000000, 0.000000000000000000 ) ) ;
#445 = ORIENTED_EDGE ( 'NONE', *, *, #3023, .T. ) ;
#446 = CARTESIAN_POINT ( 'NONE',  ( -5.038486898352754650, 35.74785620332212943, 0.3154314918917268673 ) ) ;
#447 = TOROIDAL_SURFACE ( 'NONE', #2801, 4.895770850515039463, 0.5000000000000000000 ) ;
#448 = FACE_OUTER_BOUND ( 'NONE', #706, .T. ) ;
#449 = CARTESIAN_POINT ( 'NONE',  ( 4.883043112716152656, 28.55304410414921179, 3.631347456173327437 ) ) ;
#450 = DIRECTION ( 'NONE',  ( 0.000000000000000000, 0.000000000000000000, -1.000000000000000000 ) ) ;
#451 = EDGE_CURVE ( 'NONE', #2070, #2042, #3058, .T. ) ;
#452 = VERTEX_POINT ( 'NONE', #2481 ) ;
#453 = AXIS2_PLACEMENT_3D ( 'NONE', #852, #2147, #2448 ) ;
#454 =( GEOMETRIC_REPRESENTATION_CONTEXT ( 3 ) GLOBAL_UNCERTAINTY_ASSIGNED_CONTEXT ( ( #2839 ) ) GLOBAL_UNIT_ASSIGNED_CONTEXT ( ( #1833, #1889, #3159 ) ) REPRESENTATION_CONTEXT ( 'NONE', 'WORKASPACE' ) );
#455 = EDGE_CURVE ( 'NONE', #656, #735, #1376, .T. ) ;
#456 = CARTESIAN_POINT ( 'NONE',  ( -5.049521763310099054, 36.15561510594510963, 0.9344261866130036953 ) ) ;
#457 = CARTESIAN_POINT ( 'NONE',  ( 0.000000000000000000, 0.000000000000000000, 0.000000000000000000 ) ) ;
#458 = CONICAL_SURFACE ( 'NONE', #887, 3.666174209354124525, 1.047197551196604737 ) ;
#459 = PLANE ( 'NONE',  #998 ) ;
#460 = CARTESIAN_POINT ( 'NONE',  ( -0.8757777529930719229, 35.74785620332212233, -5.321897203152966327 ) ) ;
#461 = ORIENTED_EDGE ( 'NONE', *, *, #1677, .F. ) ;
#462 = DIRECTION ( 'NONE',  ( 0.000000000000000000, 0.000000000000000000, -1.000000000000000000 ) ) ;
#463 = SURFACE_STYLE_USAGE ( .BOTH. , #2284 ) ;
#464 = ORIENTED_EDGE ( 'NONE', *, *, #2858, .F. ) ;
#465 = DIRECTION ( 'NONE',  ( -0.000000000000000000, -1.000000000000000000, -0.000000000000000000 ) ) ;
#466 = CARTESIAN_POINT ( 'NONE',  ( 0.8000000000000000444, 5.299999999999999822, -4.424999999999999822 ) ) ;
#467 = CARTESIAN_POINT ( 'NONE',  ( 5.141715083133798103, 35.74458789742286768, 0.6297369773370258272 ) ) ;
#468 = CARTESIAN_POINT ( 'NONE',  ( -5.322790921487675853, 35.73885485821556784, -0.8756770667147745213 ) ) ;
#469 = ORIENTED_EDGE ( 'NONE', *, *, #740, .F. ) ;
#470 = FACE_OUTER_BOUND ( 'NONE', #3084, .T. ) ;
#471 = EDGE_CURVE ( 'NONE', #1871, #946, #2804, .T. ) ;
#472 = DIRECTION ( 'NONE',  ( -0.000000000000000000, -1.000000000000000000, -0.000000000000000000 ) ) ;
#473 = EDGE_CURVE ( 'NONE', #3274, #308, #2709, .T. ) ;
#474 = CARTESIAN_POINT ( 'NONE',  ( 3.339704505828343439, 35.74785620332213654, -3.785791999661274776 ) ) ;
#475 = CARTESIAN_POINT ( 'NONE',  ( 0.000000000000000000, 1.249999999999997558, 0.000000000000000000 ) ) ;
#476 = ORIENTED_EDGE ( 'NONE', *, *, #2704, .F. ) ;
#477 = LINE ( 'NONE', #3041, #1834 ) ;
#478 = CARTESIAN_POINT ( 'NONE',  ( -3.365240864082641004, -1.107898174753728648, 0.5212318437018739203 ) ) ;
#479 = ORIENTED_EDGE ( 'NONE', *, *, #716, .T. ) ;
#480 = TOROIDAL_SURFACE ( 'NONE', #536, 0.9999999999999997780, 0.5000000000000000000 ) ;
#481 = EDGE_CURVE ( 'NONE', #1779, #2636, #331, .T. ) ;
#482 = DIRECTION ( 'NONE',  ( -0.000000000000000000, -1.000000000000000000, -0.000000000000000000 ) ) ;
#483 = CARTESIAN_POINT ( 'NONE',  ( -2.700840008817090521, 36.20000000000000284, -4.083385295012662120 ) ) ;
#484 = CARTESIAN_POINT ( 'NONE',  ( 5.105395679652865226, 36.20000000000000284, -0.6492191854313374977 ) ) ;
#485 = CARTESIAN_POINT ( 'NONE',  ( -4.640627060739797471, 32.04181550095519526, -3.394948052527640758 ) ) ;
#486 = EDGE_LOOP ( 'NONE', ( #78, #659, #760, #2855, #3105, #960 ) ) ;
#487 = TOROIDAL_SURFACE ( 'NONE', #54, 4.895770850515039463, 0.5000000000000000000 ) ;
#488 = FACE_OUTER_BOUND ( 'NONE', #982, .T. ) ;
#489 = DIRECTION ( 'NONE',  ( -0.000000000000000000, 1.000000000000000000, -0.000000000000000000 ) ) ;
#490 = B_SPLINE_CURVE_WITH_KNOTS ( 'NONE', 3,
 ( #3363, #2091, #1539, #813, #306, #274 ),
 .UNSPECIFIED., .F., .F.,
 ( 4, 2, 4 ),
 ( -5.527337459315839146E-06, 0.0003793000264230826386, 0.0007641273903054810477 ),
 .UNSPECIFIED. ) ;
#491 = FACE_OUTER_BOUND ( 'NONE', #2069, .T. ) ;
#492 = CARTESIAN_POINT ( 'NONE',  ( -3.144584363418557960, 35.73885485821556784, -4.382978747425694266 ) ) ;
#493 = EDGE_LOOP ( 'NONE', ( #1326, #330, #1822, #1679 ) ) ;
#494 = EDGE_CURVE ( 'NONE', #735, #1333, #637, .T. ) ;
#495 = FACE_OUTER_BOUND ( 'NONE', #1107, .T. ) ;
#496 = DIRECTION ( 'NONE',  ( -0.09571240664425756384, -0.9954090291002810620, -0.000000000000000000 ) ) ;
#497 = VERTEX_POINT ( 'NONE', #109 ) ;
#498 = CARTESIAN_POINT ( 'NONE',  ( 6.167200277977795686, 27.36533943239885502, 0.6380304182283234038 ) ) ;
#499 = DIRECTION ( 'NONE',  ( 0.8660254037844387076, 0.000000000000000000, 0.4999999999999998890 ) ) ;
#500 = CARTESIAN_POINT ( 'NONE',  ( -0.9776071471663584367, 36.20000000000000284, -4.797171717435389837 ) ) ;
#501 = ORIENTED_EDGE ( 'NONE', *, *, #2885, .F. ) ;
#502 = CARTESIAN_POINT ( 'NONE',  ( -0.3561685780241750088, 36.19999999999999574, -4.447372853558037242 ) ) ;
#503 = FACE_OUTER_BOUND ( 'NONE', #1388, .T. ) ;
#504 = AXIS2_PLACEMENT_3D ( 'NONE', #786, #2865, #2060 ) ;
#505 = PRODUCT_DEFINITION_FORMATION_WITH_SPECIFIED_SOURCE ( 'ANY', '', #87, .NOT_KNOWN. ) ;
#506 = PLANE ( 'NONE',  #3073 ) ;
#507 = PRODUCT_DEFINITION_FORMATION_WITH_SPECIFIED_SOURCE ( 'ANY', '', #3194, .NOT_KNOWN. ) ;
#508 = DIRECTION ( 'NONE',  ( 0.000000000000000000, 0.000000000000000000, -1.000000000000000000 ) ) ;
#509 = AXIS2_PLACEMENT_3D ( 'NONE', #1923, #357, #2155 ) ;
#510 = ORIENTED_EDGE ( 'NONE', *, *, #800, .T. ) ;
#511 = ORIENTED_EDGE ( 'NONE', *, *, #3040, .T. ) ;
#512 = CIRCLE ( 'NONE', #2420, 4.775000000000000355 ) ;
#513 = CARTESIAN_POINT ( 'NONE',  ( -7.651510687984895124E-14, 27.75305864199201977, 6.309523505657917752 ) ) ;
#514 = CARTESIAN_POINT ( 'NONE',  ( 2.903726902056613213, 1.233776848240156099, 1.320597474333371046 ) ) ;
#515 = EDGE_CURVE ( 'NONE', #2572, #41, #645, .T. ) ;
#516 = ORIENTED_EDGE ( 'NONE', *, *, #250, .T. ) ;
#517 = CARTESIAN_POINT ( 'NONE',  ( 6.109297389370616393, 27.63843201186335108, 0.8861303515985339274 ) ) ;
#518 = CARTESIAN_POINT ( 'NONE',  ( 0.000000000000000000, 0.2999999999999973244, -2.000000000000000000 ) ) ;
#519 = CARTESIAN_POINT ( 'NONE',  ( 0.000000000000000000, 0.000000000000000000, 0.000000000000000000 ) ) ;
#520 = ADVANCED_FACE ( 'NONE', ( #1266 ), #777, .T. ) ;
#521 = ORIENTED_EDGE ( 'NONE', *, *, #968, .F. ) ;
#522 = EDGE_CURVE ( 'NONE', #2055, #990, #2457, .T. ) ;
#523 = DIRECTION ( 'NONE',  ( -0.000000000000000000, -1.000000000000000000, -0.000000000000000000 ) ) ;
#524 = CARTESIAN_POINT ( 'NONE',  ( -0.6274379993957167612, -1.233579561989600393, 3.174999999999999822 ) ) ;
#525 = EDGE_CURVE ( 'NONE', #3222, #2105, #2156, .T. ) ;
#526 = CARTESIAN_POINT ( 'NONE',  ( 0.000000000000000000, -1.249999999999997558, 0.000000000000000000 ) ) ;
#527 = CARTESIAN_POINT ( 'NONE',  ( -3.302468359869710657, 36.20000000000000284, -3.761544694715606596 ) ) ;
#528 = VERTEX_POINT ( 'NONE', #1792 ) ;
#529 = VERTEX_POINT ( 'NONE', #1572 ) ;
#530 = DIRECTION ( 'NONE',  ( 0.000000000000000000, -1.000000000000000000, 0.000000000000000000 ) ) ;
#531 = FILL_AREA_STYLE_COLOUR ( '', #2754 ) ;
#532 = VERTEX_POINT ( 'NONE', #2312 ) ;
#533 = CARTESIAN_POINT ( 'NONE',  ( 6.109290066260870233, 27.63850751064204303, -0.8861302651000922959 ) ) ;
#534 = DIRECTION ( 'NONE',  ( 0.000000000000000000, 0.000000000000000000, 1.000000000000000000 ) ) ;
#535 = EDGE_CURVE ( 'NONE', #528, #1879, #2346, .T. ) ;
#536 = AXIS2_PLACEMENT_3D ( 'NONE', #1337, #2128, #785 ) ;
#537 = ORIENTED_EDGE ( 'NONE', *, *, #2080, .F. ) ;
#538 = DIRECTION ( 'NONE',  ( -0.000000000000000000, -1.000000000000000000, -0.000000000000000000 ) ) ;
#539 = CARTESIAN_POINT ( 'NONE',  ( -3.315544805779718551, 33.21426811240093002, -4.558940869422998254 ) ) ;
#540 = DIRECTION ( 'NONE',  ( 0.000000000000000000, 1.000000000000000000, 0.000000000000000000 ) ) ;
#541 = CARTESIAN_POINT ( 'NONE',  ( 0.8757777529930350635, 35.74785620332212233, 5.321897203152972544 ) ) ;
#542 = DIRECTION ( 'NONE',  ( 0.000000000000000000, -1.000000000000000000, 0.000000000000000000 ) ) ;
#543 = ORIENTED_EDGE ( 'NONE', *, *, #800, .F. ) ;
#544 = ORIENTED_EDGE ( 'NONE', *, *, #1159, .T. ) ;
#545 =( NAMED_UNIT ( * ) SI_UNIT ( $, .STERADIAN. ) SOLID_ANGLE_UNIT ( ) );
#546 = DIRECTION ( 'NONE',  ( -9.979316395374377286E-16, -1.000000000000000000, 0.000000000000000000 ) ) ;
#547 = DIRECTION ( 'NONE',  ( -0.09571240664425757771, -0.9954090291002811730, 0.000000000000000000 ) ) ;
#548 = ORIENTED_EDGE ( 'NONE', *, *, #3101, .F. ) ;
#549 = CARTESIAN_POINT ( 'NONE',  ( 6.100131925573418989, 27.73292483621466431, -0.8860220918101024967 ) ) ;
#550 = CARTESIAN_POINT ( 'NONE',  ( -4.231290173657998643, 36.15561510594510963, 2.909811987513231113 ) ) ;
#551 = CARTESIAN_POINT ( 'NONE',  ( -0.6277875928326859256, -1.233579561989599505, -3.175000000000001599 ) ) ;
#552 = VERTEX_POINT ( 'NONE', #3360 ) ;
#553 = CARTESIAN_POINT ( 'NONE',  ( 2.449293598294710852E-16, 0.000000000000000000, 2.000000000000003553 ) ) ;
#554 = EDGE_CURVE ( 'NONE', #3240, #1682, #1017, .T. ) ;
#555 = DIRECTION ( 'NONE',  ( 0.000000000000000000, 0.06783442558943679479, -0.9976965925094418708 ) ) ;
#556 = CARTESIAN_POINT ( 'NONE',  ( 0.000000000000000000, 0.000000000000000000, 0.000000000000000000 ) ) ;
#557 = ADVANCED_FACE ( 'NONE', ( #792 ), #1903, .T. ) ;
#558 = UNCERTAINTY_MEASURE_WITH_UNIT (LENGTH_MEASURE( 1.000000000000000082E-05 ), #1502, 'distance_accuracy_value', 'NONE');
#559 = VECTOR ( 'NONE', #2002, 1000.000000000000000 ) ;
#560 = CARTESIAN_POINT ( 'NONE',  ( -5.321897203152962774, 35.74785620332212233, 0.8757777529930903526 ) ) ;
#561 = ORIENTED_EDGE ( 'NONE', *, *, #455, .F. ) ;
#562 = AXIS2_PLACEMENT_3D ( 'NONE', #2765, #1938, #676 ) ;
#563 = EDGE_CURVE ( 'NONE', #3329, #2114, #1296, .T. ) ;
#564 = SHAPE_REPRESENTATION_RELATIONSHIP ( 'NONE' , 'NONE' ,  #3071, #2406 ) ;
#565 = CARTESIAN_POINT ( 'NONE',  ( -5.322201235360187077, 35.74485703477443366, -0.8757062175543196547 ) ) ;
#566 = PRESENTATION_STYLE_ASSIGNMENT (( #2057 ) ) ;
#567 = B_SPLINE_CURVE_WITH_KNOTS ( 'NONE', 3,
 ( #3066, #2049, #3034, #3086 ),
 .UNSPECIFIED., .F., .F.,
 ( 4, 4 ),
 ( 0.000000000000000000, 9.046164044237481257E-06 ),
 .UNSPECIFIED. ) ;
#568 = VERTEX_POINT ( 'NONE', #1536 ) ;
#569 = AXIS2_PLACEMENT_3D ( 'NONE', #1262, #3338, #3357 ) ;
#570 = CARTESIAN_POINT ( 'NONE',  ( 6.123874414263703159, 27.54914389154633625, 0.8468329032927607303 ) ) ;
#571 = CARTESIAN_POINT ( 'NONE',  ( 0.000000000000000000, 1.900000000000000133, 3.575000000000000622 ) ) ;
#572 = CARTESIAN_POINT ( 'NONE',  ( -4.447372853558035466, 36.19999999999999574, 0.3561685780241903854 ) ) ;
#573 = ORIENTED_EDGE ( 'NONE', *, *, #223, .F. ) ;
#574 = ADVANCED_FACE ( 'NONE', ( #2591 ), #924, .T. ) ;
#575 = CARTESIAN_POINT ( 'NONE',  ( 0.000000000000000000, 16.20000000000000284, 0.000000000000000000 ) ) ;
#576 = CARTESIAN_POINT ( 'NONE',  ( -1.833087104677060486, -0.9499999999999995115, 3.175000000000002487 ) ) ;
#577 = ORIENTED_EDGE ( 'NONE', *, *, #2436, .T. ) ;
#578 = CARTESIAN_POINT ( 'NONE',  ( 0.8463675961347740806, 27.54855853993736758, 6.123992392604023394 ) ) ;
#579 = CARTESIAN_POINT ( 'NONE',  ( 4.686171592415347753, 31.38716634262295102, -3.439296019809277904 ) ) ;
#580 = ADVANCED_FACE ( 'NONE', ( #2555 ), #974, .T. ) ;
#581 = VERTEX_POINT ( 'NONE', #2570 ) ;
#582 = CARTESIAN_POINT ( 'NONE',  ( 3.686932421305459506, 27.73292483621466431, 4.939956880105562220 ) ) ;
#583 = EDGE_LOOP ( 'NONE', ( #2127, #780, #1348, #1174 ) ) ;
#584 = CARTESIAN_POINT ( 'NONE',  ( -0.6492191854317321820, 36.20000000000000284, -5.105395679652316332 ) ) ;
#585 = DIRECTION ( 'NONE',  ( -2.365849761790802036E-16, 0.000000000000000000, -1.000000000000000000 ) ) ;
#586 = SURFACE_SIDE_STYLE ('',( #31 ) ) ;
#587 = ORIENTED_EDGE ( 'NONE', *, *, #1872, .F. ) ;
#588 = EDGE_CURVE ( 'NONE', #3018, #2471, #1827, .T. ) ;
#589 = FACE_OUTER_BOUND ( 'NONE', #670, .T. ) ;
#590 = CARTESIAN_POINT ( 'NONE',  ( -3.686932421305494145, 27.73292483621466431, -4.939956880105535575 ) ) ;
#591 = DIRECTION ( 'NONE',  ( 0.000000000000000000, 0.000000000000000000, -1.000000000000000000 ) ) ;
#592 = AXIS2_PLACEMENT_3D ( 'NONE', #2317, #1542, #3129 ) ;
#593 = CARTESIAN_POINT ( 'NONE',  ( 0.1863215207995043698, 27.26661183537312283, 6.206869982993294954 ) ) ;
#594 = FACE_OUTER_BOUND ( 'NONE', #2295, .T. ) ;
#595 = ORIENTED_EDGE ( 'NONE', *, *, #563, .T. ) ;
#596 = B_SPLINE_CURVE_WITH_KNOTS ( 'NONE', 3,
 ( #1021, #255, #2043, #3091, #2648, #2071 ),
 .UNSPECIFIED., .F., .F.,
 ( 4, 2, 4 ),
 ( -5.527337459318329423E-06, 0.0003793000264230801991, 0.0007641273903054786624 ),
 .UNSPECIFIED. ) ;
#597 = PRODUCT_DEFINITION ( 'UNKNOWN', '', #505, #1521 ) ;
#598 = APPLICATION_PROTOCOL_DEFINITION ( 'draft international standard', 'automotive_design', 1998, #1623 ) ;
#599 = CARTESIAN_POINT ( 'NONE',  ( 4.324739891591166341, 27.26320024775426631, 4.456550752847923569 ) ) ;
#600 = EDGE_CURVE ( 'NONE', #213, #735, #1663, .T. ) ;
#601 = VERTEX_POINT ( 'NONE', #1141 ) ;
#602 = FACE_OUTER_BOUND ( 'NONE', #3065, .T. ) ;
#603 = CARTESIAN_POINT ( 'NONE',  ( 5.165367331437783704, 27.84877104863627650, -5.165367331437730414 ) ) ;
#604 = CARTESIAN_POINT ( 'NONE',  ( -4.797171717435385396, 36.20000000000000284, 0.9776071471663753121 ) ) ;
#605 = ORIENTED_EDGE ( 'NONE', *, *, #977, .T. ) ;
#606 = TOROIDAL_SURFACE ( 'NONE', #440, 5.669600159872127065, 0.5000000000000000000 ) ;
#607 = CARTESIAN_POINT ( 'NONE',  ( -4.995011533287574856, 36.20000000000000284, 0.3246159894518180766 ) ) ;
#608 = CARTESIAN_POINT ( 'NONE',  ( 0.000000000000000000, 25.30000000000000426, 0.000000000000000000 ) ) ;
#609 = FACE_OUTER_BOUND ( 'NONE', #101, .T. ) ;
#610 = DIRECTION ( 'NONE',  ( 0.09571240664425757771, -0.9954090291002811730, -0.000000000000000000 ) ) ;
#611 = EDGE_LOOP ( 'NONE', ( #516, #2280, #2608, #110 ) ) ;
#612 = CARTESIAN_POINT ( 'NONE',  ( 0.000000000000000000, 1.249999999999997558, 0.000000000000000000 ) ) ;
#613 = CARTESIAN_POINT ( 'NONE',  ( -4.813159917454898462, 29.56005097731180697, 3.563095868725935311 ) ) ;
#614 = ORIENTED_EDGE ( 'NONE', *, *, #1467, .T. ) ;
#615 = CONICAL_SURFACE ( 'NONE', #2522, 6.349999999999998757, 0.03997868712328998125 ) ;
#616 = B_SPLINE_CURVE_WITH_KNOTS ( 'NONE', 3,
 ( #1325, #3183, #2378, #45, #1894, #1079 ),
 .UNSPECIFIED., .F., .F.,
 ( 4, 2, 4 ),
 ( -5.527337459318014326E-06, 0.0003793000264230808496, 0.0007641273903054796382 ),
 .UNSPECIFIED. ) ;
#617 = TOROIDAL_SURFACE ( 'NONE', #562, 0.9999999999999997780, 0.5000000000000000000 ) ;
#618 = ORIENTED_EDGE ( 'NONE', *, *, #962, .F. ) ;
#619 = EDGE_CURVE ( 'NONE', #253, #2441, #1347, .T. ) ;
#620 =( GEOMETRIC_REPRESENTATION_CONTEXT ( 3 ) GLOBAL_UNCERTAINTY_ASSIGNED_CONTEXT ( ( #558 ) ) GLOBAL_UNIT_ASSIGNED_CONTEXT ( ( #1502, #3092, #2315 ) ) REPRESENTATION_CONTEXT ( 'NONE', 'WORKASPACE' ) );
#621 = DIRECTION ( 'NONE',  ( -0.000000000000000000, -1.000000000000000000, -0.000000000000000000 ) ) ;
#622 = CYLINDRICAL_SURFACE ( 'NONE', #2474, 1.499999999999999112 ) ;
#623 = EDGE_CURVE ( 'NONE', #529, #2571, #1420, .T. ) ;
#624 = CARTESIAN_POINT ( 'NONE',  ( 3.396616719982343824, 36.20000000000000284, -2.892918286449359666 ) ) ;
#625 = EDGE_CURVE ( 'NONE', #384, #2351, #2590, .T. ) ;
#626 = ORIENTED_EDGE ( 'NONE', *, *, #1058, .F. ) ;
#627 = AXIS2_PLACEMENT_3D ( 'NONE', #1099, #247, #1328 ) ;
#628 = VECTOR ( 'NONE', #727, 1000.000000000000227 ) ;
#629 = CARTESIAN_POINT ( 'NONE',  ( -3.396616719982362920, 36.20000000000000284, 2.892918286449336573 ) ) ;
#630 = FACE_OUTER_BOUND ( 'NONE', #2340, .T. ) ;
#631 = LINE ( 'NONE', #2224, #889 ) ;
#632 = CARTESIAN_POINT ( 'NONE',  ( -4.860716367141298733, 27.41215118439586007, -3.841274703852705752 ) ) ;
#633 = EDGE_CURVE ( 'NONE', #1423, #2023, #2281, .T. ) ;
#634 = VERTEX_POINT ( 'NONE', #336 ) ;
#635 = EDGE_CURVE ( 'NONE', #2597, #253, #1783, .T. ) ;
#636 = CARTESIAN_POINT ( 'NONE',  ( 0.4205753225222548797, 36.20000000000000284, 4.540782383802614675 ) ) ;
#637 =( BOUNDED_CURVE ( )  B_SPLINE_CURVE ( 3, ( #1148, #2187, #893, #2981 ),
 .UNSPECIFIED., .F., .F. ) 
 B_SPLINE_CURVE_WITH_KNOTS ( ( 4, 4 ),
 ( 2.518210232572591245, 3.764975074606995875 ),
 .UNSPECIFIED. ) 
 CURVE ( )  GEOMETRIC_REPRESENTATION_ITEM ( )  RATIONAL_B_SPLINE_CURVE ( ( 1.000000000000000000, 0.8746056661178448488, 0.8746056661178448488, 1.000000000000000000 ) ) 
 REPRESENTATION_ITEM ( '' )  );
#638 = CARTESIAN_POINT ( 'NONE',  ( 5.322790921487675853, 35.73885485821556784, 0.8756770667147742992 ) ) ;
#639 = EDGE_LOOP ( 'NONE', ( #427, #2602, #237, #665, #368, #2837, #1003 ) ) ;
#640 = PRODUCT_DEFINITION_SHAPE ( 'NONE', 'NONE',  #3118 ) ;
#641 = CARTESIAN_POINT ( 'NONE',  ( 4.049138265306305051, 27.30266842003839045, 4.703262128307631684 ) ) ;
#642 = ORIENTED_EDGE ( 'NONE', *, *, #3039, .T. ) ;
#643 = CARTESIAN_POINT ( 'NONE',  ( -5.897075759090393148E-14, 45.26842905789119698, 5.629965418483690698 ) ) ;
#644 = CARTESIAN_POINT ( 'NONE',  ( 3.250138609924623445, 35.75128683324494716, -3.722120605919056135 ) ) ;
#645 = LINE ( 'NONE', #2728, #3326 ) ;
#646 = ORIENTED_EDGE ( 'NONE', *, *, #455, .T. ) ;
#647 = CARTESIAN_POINT ( 'NONE',  ( -4.069127194217909249, 36.20000000000000284, 3.150992617227672543 ) ) ;
#648 = CARTESIAN_POINT ( 'NONE',  ( -3.250138609924596800, 35.75128683324494716, -3.722120605919081004 ) ) ;
#649 = DIRECTION ( 'NONE',  ( 0.000000000000000000, 0.000000000000000000, 1.000000000000000000 ) ) ;
#650 = CARTESIAN_POINT ( 'NONE',  ( -2.436187538471294101, 1.233181647331636377, -2.130399406601555246 ) ) ;
#651 = ORIENTED_EDGE ( 'NONE', *, *, #716, .F. ) ;
#652 = CARTESIAN_POINT ( 'NONE',  ( 4.797171717435386284, 36.20000000000000284, -0.9776071471663755341 ) ) ;
#653 = AXIS2_PLACEMENT_3D ( 'NONE', #1486, #2233, #2540 ) ;
#654 = ORIENTED_EDGE ( 'NONE', *, *, #1357, .T. ) ;
#655 = B_SPLINE_CURVE_WITH_KNOTS ( 'NONE', 3,
 ( #1232, #981, #768, #2047, #485, #1510, #1545 ),
 .UNSPECIFIED., .F., .F.,
 ( 4, 3, 4 ),
 ( 0.0005280937956277197273, 0.003000000005309308611, 0.008571680231918600568 ),
 .UNSPECIFIED. ) ;
#656 = VERTEX_POINT ( 'NONE', #1885 ) ;
#657 = CARTESIAN_POINT ( 'NONE',  ( 0.000000000000000000, 35.74785620332212233, 0.000000000000000000 ) ) ;
#658 = DIRECTION ( 'NONE',  ( 0.000000000000000000, 1.000000000000000000, 0.000000000000000000 ) ) ;
#659 = ORIENTED_EDGE ( 'NONE', *, *, #2344, .F. ) ;
#660 = CARTESIAN_POINT ( 'NONE',  ( -2.650120673675111505, 36.20000000000000284, 4.318445430364494797 ) ) ;
#661 = CARTESIAN_POINT ( 'NONE',  ( -4.382978747425681831, 35.73885485821559627, -3.144584363418570838 ) ) ;
#662 = DIRECTION ( 'NONE',  ( -0.000000000000000000, -1.000000000000000000, -0.000000000000000000 ) ) ;
#663 = CARTESIAN_POINT ( 'NONE',  ( -4.939956880105574655, 27.73292483621466431, 3.686932421305442187 ) ) ;
#664 = B_SPLINE_CURVE_WITH_KNOTS ( 'NONE', 3,
 ( #200, #3312, #1165, #2746 ),
 .UNSPECIFIED., .F., .F.,
 ( 4, 4 ),
 ( 0.000000000000000000, 9.046164044265375746E-06 ),
 .UNSPECIFIED. ) ;
#665 = ORIENTED_EDGE ( 'NONE', *, *, #2577, .T. ) ;
#666 = PLANE ( 'NONE',  #2972 ) ;
#667 = EDGE_CURVE ( 'NONE', #2331, #674, #437, .T. ) ;
#668 = ADVANCED_FACE ( 'NONE', ( #358 ), #2121, .F. ) ;
#669 = ORIENTED_EDGE ( 'NONE', *, *, #1880, .F. ) ;
#670 = EDGE_LOOP ( 'NONE', ( #3217, #2689, #2159, #1546, #165, #732 ) ) ;
#671 = DIRECTION ( 'NONE',  ( -0.000000000000000000, -1.000000000000000000, -0.000000000000000000 ) ) ;
#672 = AXIS2_PLACEMENT_3D ( 'NONE', #1302, #1094, #3130 ) ;
#673 = DIRECTION ( 'NONE',  ( 0.000000000000000000, 0.000000000000000000, -1.000000000000000000 ) ) ;
#674 = VERTEX_POINT ( 'NONE', #560 ) ;
#675 = DIRECTION ( 'NONE',  ( 0.000000000000000000, 0.000000000000000000, -1.000000000000000000 ) ) ;
#676 = DIRECTION ( 'NONE',  ( 6.038610036164668844E-32, 0.09571240664425756384, -0.9954090291002810620 ) ) ;
#677 = CARTESIAN_POINT ( 'NONE',  ( -4.939956880105524029, 27.73292483621466431, -3.686932421305511465 ) ) ;
#678 = AXIS2_PLACEMENT_3D ( 'NONE', #824, #538, #47 ) ;
#679 = ORIENTED_EDGE ( 'NONE', *, *, #1564, .T. ) ;
#680 = LINE ( 'NONE', #861, #411 ) ;
#681 = AXIS2_PLACEMENT_3D ( 'NONE', #2985, #2168, #390 ) ;
#682 = ADVANCED_FACE ( 'NONE', ( #594 ), #1124, .T. ) ;
#683 = ORIENTED_EDGE ( 'NONE', *, *, #2544, .T. ) ;
#684 = CARTESIAN_POINT ( 'NONE',  ( 4.231308394174805976, 36.15559694196618779, 2.909839104631990914 ) ) ;
#685 = FACE_OUTER_BOUND ( 'NONE', #1817, .T. ) ;
#686 = ORIENTED_EDGE ( 'NONE', *, *, #2780, .F. ) ;
#687 = SHAPE_REPRESENTATION_RELATIONSHIP ( 'NONE' , 'NONE' ,  #1403, #2366 ) ;
#688 = CARTESIAN_POINT ( 'NONE',  ( 2.449293598294706414E-16, 0.2999999999999973244, 2.000000000000000000 ) ) ;
#689 = DIRECTION ( 'NONE',  ( -0.000000000000000000, -1.000000000000000000, -0.000000000000000000 ) ) ;
#690 = CARTESIAN_POINT ( 'NONE',  ( -0.8756726926746102313, 35.74185609686031739, 5.322499181287158265 ) ) ;
#691 = VERTEX_POINT ( 'NONE', #2922 ) ;
#692 = CARTESIAN_POINT ( 'NONE',  ( 0.000000000000000000, 35.70000000000000284, 0.000000000000000000 ) ) ;
#693 = CARTESIAN_POINT ( 'NONE',  ( -0.8861303355605330001, 27.63844601043106408, 6.109296031559932949 ) ) ;
#694 = DIRECTION ( 'NONE',  ( -0.000000000000000000, 1.000000000000000000, -0.000000000000000000 ) ) ;
#695 = EDGE_LOOP ( 'NONE', ( #3207, #2729, #3261, #1028 ) ) ;
#696 = AXIS2_PLACEMENT_3D ( 'NONE', #1683, #873, #2998 ) ;
#697 = EDGE_CURVE ( 'NONE', #452, #2543, #2311, .T. ) ;
#698 = DIRECTION ( 'NONE',  ( 0.000000000000000000, 0.000000000000000000, 1.000000000000000000 ) ) ;
#699 = CARTESIAN_POINT ( 'NONE',  ( -3.666174209354124969, -0.9499999999999995115, 3.252606517456513302E-15 ) ) ;
#700 = VERTEX_POINT ( 'NONE', #120 ) ;
#701 = CARTESIAN_POINT ( 'NONE',  ( -4.927520347313113724, 36.20000000000000284, -1.179683748676521038 ) ) ;
#702 = CIRCLE ( 'NONE', #2613, 4.775000000000000355 ) ;
#703 = DIRECTION ( 'NONE',  ( -0.000000000000000000, -0.000000000000000000, -1.000000000000000000 ) ) ;
#704 = CARTESIAN_POINT ( 'NONE',  ( -5.322790921487674964, 35.73885485821556784, 0.8756770667147741882 ) ) ;
#705 = FACE_OUTER_BOUND ( 'NONE', #695, .T. ) ;
#706 = EDGE_LOOP ( 'NONE', ( #3147, #1318, #2177, #86 ) ) ;
#707 = EDGE_CURVE ( 'NONE', #2556, #3199, #1606, .T. ) ;
#708 = CARTESIAN_POINT ( 'NONE',  ( 4.382978747425705812, 35.73885485821556784, -3.144584363418542861 ) ) ;
#709 = LINE ( 'NONE', #2833, #2024 ) ;
#710 = CARTESIAN_POINT ( 'NONE',  ( 0.7749999999999996891, 14.90000000000000391, 3.489985673323029669 ) ) ;
#711 = CARTESIAN_POINT ( 'NONE',  ( -5.038486898352754650, 35.74785620332213654, 0.3168466955166830967 ) ) ;
#712 = EDGE_CURVE ( 'NONE', #1573, #313, #933, .T. ) ;
#713 = ORIENTED_EDGE ( 'NONE', *, *, #2946, .F. ) ;
#714 = CARTESIAN_POINT ( 'NONE',  ( 5.322790921487675853, 35.73885485821556784, 0.8756770667147742992 ) ) ;
#715 = PLANE ( 'NONE',  #941 ) ;
#716 = EDGE_CURVE ( 'NONE', #3199, #254, #1727, .T. ) ;
#717 = ORIENTED_EDGE ( 'NONE', *, *, #2022, .F. ) ;
#718 = LINE ( 'NONE', #2545, #2253 ) ;
#719 = AXIS2_PLACEMENT_3D ( 'NONE', #1984, #1350, #1874 ) ;
#720 = CARTESIAN_POINT ( 'NONE',  ( 4.119528041381295580, 27.28631093204088032, -4.643912032301672710 ) ) ;
#721 = CARTESIAN_POINT ( 'NONE',  ( 5.141715083133799880, 35.74458789742278952, -0.6297369773370187218 ) ) ;
#722 = EDGE_CURVE ( 'NONE', #2114, #1375, #3221, .T. ) ;
#723 = DIRECTION ( 'NONE',  ( 0.000000000000000000, -0.000000000000000000, 1.000000000000000000 ) ) ;
#724 = ORIENTED_EDGE ( 'NONE', *, *, #1828, .F. ) ;
#725 = AXIS2_PLACEMENT_3D ( 'NONE', #3334, #993, #2046 ) ;
#726 = DIRECTION ( 'NONE',  ( 0.000000000000000000, -1.000000000000000000, 0.000000000000000000 ) ) ;
#727 = DIRECTION ( 'NONE',  ( 0.000000000000000000, -0.9954090291002810620, -0.09571240664425757771 ) ) ;
#728 = AXIS2_PLACEMENT_3D ( 'NONE', #1417, #2195, #2473 ) ;
#729 = AXIS2_PLACEMENT_3D ( 'NONE', #2117, #1825, #315 ) ;
#730 = CARTESIAN_POINT ( 'NONE',  ( 3.190450315174162110, 35.74458789742285347, -4.081032889251926754 ) ) ;
#731 = DIRECTION ( 'NONE',  ( 0.000000000000000000, 0.000000000000000000, 1.000000000000000000 ) ) ;
#732 = ORIENTED_EDGE ( 'NONE', *, *, #623, .F. ) ;
#733 = CARTESIAN_POINT ( 'NONE',  ( 3.366866303064639965, 1.122805500267965551, -0.5184165008004533171 ) ) ;
#734 = CARTESIAN_POINT ( 'NONE',  ( 5.682009653325264864, 32.04181550095518105, -0.8808280738885591044 ) ) ;
#735 = VERTEX_POINT ( 'NONE', #2190 ) ;
#736 = DIRECTION ( 'NONE',  ( 0.000000000000000000, 0.000000000000000000, -1.000000000000000000 ) ) ;
#737 = CARTESIAN_POINT ( 'NONE',  ( 5.038486898352753762, 35.74785620332212943, 0.3154314918917232591 ) ) ;
#738 = CARTESIAN_POINT ( 'NONE',  ( -6.100131925573418989, 27.73292483621466431, -0.8860220918101020526 ) ) ;
#739 = EDGE_LOOP ( 'NONE', ( #297, #1127, #1971 ) ) ;
#740 = EDGE_CURVE ( 'NONE', #581, #528, #162, .T. ) ;
#741 = CARTESIAN_POINT ( 'NONE',  ( -4.797171717435385396, 36.20000000000000284, 0.9776071471663753121 ) ) ;
#742 = DIRECTION ( 'NONE',  ( 0.000000000000000000, 1.000000000000000000, 0.000000000000000000 ) ) ;
#743 = EDGE_CURVE ( 'NONE', #254, #3199, #1848, .T. ) ;
#744 = CARTESIAN_POINT ( 'NONE',  ( 3.901573164325085052, 36.20000000000000284, -2.714123671375451519 ) ) ;
#745 = CARTESIAN_POINT ( 'NONE',  ( 0.000000000000000000, 25.30000000000000426, 5.575000000000000178 ) ) ;
#746 = ORIENTED_EDGE ( 'NONE', *, *, #1816, .T. ) ;
#747 = DIRECTION ( 'NONE',  ( 0.000000000000000000, 0.000000000000000000, -1.000000000000000000 ) ) ;
#748 = CARTESIAN_POINT ( 'NONE',  ( 5.861417349984227698, 30.19327585426519533, -0.8831015573875822255 ) ) ;
#749 = ORIENTED_EDGE ( 'NONE', *, *, #1613, .T. ) ;
#750 = DIRECTION ( 'NONE',  ( 0.000000000000000000, 1.000000000000000000, 0.000000000000000000 ) ) ;
#751 = DIRECTION ( 'NONE',  ( 0.000000000000000000, 0.000000000000000000, -1.000000000000000000 ) ) ;
#752 = CARTESIAN_POINT ( 'NONE',  ( 3.250138609924570599, 35.75128683324494716, 3.722120605919104985 ) ) ;
#753 = EDGE_LOOP ( 'NONE', ( #1137, #2661 ) ) ;
#754 = DIRECTION ( 'NONE',  ( 0.000000000000000000, 0.000000000000000000, 1.000000000000000000 ) ) ;
#755 = CARTESIAN_POINT ( 'NONE',  ( -0.7749999999999996891, 16.20000000000000284, 3.489985673323029669 ) ) ;
#756 = CARTESIAN_POINT ( 'NONE',  ( 0.000000000000000000, 35.70000000000000284, 0.000000000000000000 ) ) ;
#757 = EDGE_CURVE ( 'NONE', #2609, #2724, #927, .T. ) ;
#758 = CARTESIAN_POINT ( 'NONE',  ( -3.143881213173443268, 35.74785620332212233, -4.382417989080918730 ) ) ;
#759 = ORIENTED_EDGE ( 'NONE', *, *, #1180, .T. ) ;
#760 = ORIENTED_EDGE ( 'NONE', *, *, #481, .F. ) ;
#761 = DIRECTION ( 'NONE',  ( 0.000000000000000000, 1.000000000000000000, 0.000000000000000000 ) ) ;
#762 = CARTESIAN_POINT ( 'NONE',  ( 3.061616997868386592E-16, 34.25000000000000000, 2.000000000000005329 ) ) ;
#763 = EDGE_CURVE ( 'NONE', #2734, #2708, #1959, .T. ) ;
#764 = B_SPLINE_CURVE_WITH_KNOTS ( 'NONE', 3,
 ( #2649, #1796, #2333, #514, #1041, #2595, #1854, #783 ),
 .UNSPECIFIED., .F., .F.,
 ( 4, 2, 2, 4 ),
 ( 2.380740674736130161E-07, 0.001851557466009769604, 0.002777217161980918489, 0.003702876857952067374 ),
 .UNSPECIFIED. ) ;
#765 = EDGE_LOOP ( 'NONE', ( #2092, #1675, #1793, #419 ) ) ;
#766 = CARTESIAN_POINT ( 'NONE',  ( 6.188758296996624608, 27.30300118143552979, -0.4636345735402242485 ) ) ;
#767 = CARTESIAN_POINT ( 'NONE',  ( 3.666174209354124525, -0.9499999999999995115, 6.505213034913026604E-16 ) ) ;
#768 = CARTESIAN_POINT ( 'NONE',  ( -4.826090579582464457, 29.37316118810635146, -3.575769943113678462 ) ) ;
#769 = ORIENTED_EDGE ( 'NONE', *, *, #825, .T. ) ;
#770 = EDGE_CURVE ( 'NONE', #263, #1665, #421, .T. ) ;
#771 = DIRECTION ( 'NONE',  ( -0.000000000000000000, -1.000000000000000000, -0.000000000000000000 ) ) ;
#772 = DIRECTION ( 'NONE',  ( 0.9954090291002811730, 0.09571240664425774425, 0.000000000000000000 ) ) ;
#773 = AXIS2_PLACEMENT_3D ( 'NONE', #657, #1932, #129 ) ;
#774 = AXIS2_PLACEMENT_3D ( 'NONE', #1608, #2422, #1575 ) ;
#775 = CARTESIAN_POINT ( 'NONE',  ( 0.1862181349512570250, 27.26661389279361458, -6.206870581942697029 ) ) ;
#776 = CIRCLE ( 'NONE', #3291, 4.775000000000000355 ) ;
#777 = CYLINDRICAL_SURFACE ( 'NONE', #1293, 2.000000000000000000 ) ;
#778 = ORIENTED_EDGE ( 'NONE', *, *, #667, .T. ) ;
#779 = VECTOR ( 'NONE', #1533, 1000.000000000000000 ) ;
#780 = ORIENTED_EDGE ( 'NONE', *, *, #1756, .F. ) ;
#781 = ADVANCED_FACE ( 'NONE', ( #630 ), #2715, .F. ) ;
#782 = CARTESIAN_POINT ( 'NONE',  ( 4.946509153555548544, 27.63850751064203948, 3.693331714621809425 ) ) ;
#783 = CARTESIAN_POINT ( 'NONE',  ( 3.666174209354124081, 0.9499999999999995115, -1.084202172485504237E-15 ) ) ;
#784 = ORIENTED_EDGE ( 'NONE', *, *, #917, .F. ) ;
#785 = DIRECTION ( 'NONE',  ( 0.9954090291002810620, -0.09571240664425756384, 0.000000000000000000 ) ) ;
#786 = CARTESIAN_POINT ( 'NONE',  ( -7.651510687984896386E-14, 27.84877104863626940, 7.304932534758199481 ) ) ;
#787 = CARTESIAN_POINT ( 'NONE',  ( -4.939956880105574655, 27.73292483621466431, 3.686932421305442187 ) ) ;
#788 = ORIENTED_EDGE ( 'NONE', *, *, #814, .F. ) ;
#789 = CARTESIAN_POINT ( 'NONE',  ( 0.6277875928326870358, -1.233579561989600837, 3.174999999999999822 ) ) ;
#790 = CARTESIAN_POINT ( 'NONE',  ( 2.550503562661632234E-14, 27.84877104863627650, -7.304932534758198592 ) ) ;
#791 = CARTESIAN_POINT ( 'NONE',  ( 0.6492191854317638233, 36.20000000000000284, 5.105395679652236396 ) ) ;
#792 = FACE_OUTER_BOUND ( 'NONE', #3133, .T. ) ;
#793 = ORIENTED_EDGE ( 'NONE', *, *, #303, .F. ) ;
#794 = ORIENTED_EDGE ( 'NONE', *, *, #1462, .T. ) ;
#795 = CARTESIAN_POINT ( 'NONE',  ( 4.643912032301656723, 27.28631093204088032, 4.119528041381315120 ) ) ;
#796 =( NAMED_UNIT ( * ) SI_UNIT ( $, .STERADIAN. ) SOLID_ANGLE_UNIT ( ) );
#797 = ORIENTED_EDGE ( 'NONE', *, *, #2334, .F. ) ;
#798 = CARTESIAN_POINT ( 'NONE',  ( 1.833087104677064483, -0.9499999999999995115, 3.174999999999999378 ) ) ;
#799 = CARTESIAN_POINT ( 'NONE',  ( 4.173504974414336614E-16, -1.249999999999997558, -3.146558967083456171 ) ) ;
#800 = EDGE_CURVE ( 'NONE', #2665, #2321, #1394, .T. ) ;
#801 = DIRECTION ( 'NONE',  ( 0.000000000000000000, 1.000000000000000000, 0.000000000000000000 ) ) ;
#802 = AXIS2_PLACEMENT_3D ( 'NONE', #1255, #187, #3075 ) ;
#803 = ORIENTED_EDGE ( 'NONE', *, *, #3083, .T. ) ;
#804 = CARTESIAN_POINT ( 'NONE',  ( -3.666174209354124969, -0.9499999999999995115, 3.252606517456513302E-15 ) ) ;
#805 = CARTESIAN_POINT ( 'NONE',  ( 0.000000000000000000, -1.249999999999997558, 0.000000000000000000 ) ) ;
#806 = ORIENTED_EDGE ( 'NONE', *, *, #3040, .F. ) ;
#807 = AXIS2_PLACEMENT_3D ( 'NONE', #278, #1631, #1303 ) ;
#808 = DIRECTION ( 'NONE',  ( 0.000000000000000000, 0.000000000000000000, 1.000000000000000000 ) ) ;
#809 = AXIS2_PLACEMENT_3D ( 'NONE', #2130, #3233, #2537 ) ;
#810 = CARTESIAN_POINT ( 'NONE',  ( -1.833087104677060486, -0.9499999999999995115, -3.175000000000001599 ) ) ;
#811 = VERTEX_POINT ( 'NONE', #856 ) ;
#812 =( LENGTH_UNIT ( ) NAMED_UNIT ( * ) SI_UNIT ( .MILLI., .METRE. ) );
#813 = CARTESIAN_POINT ( 'NONE',  ( -0.8946814250602469487, 35.99421414278277354, 5.242367592782904318 ) ) ;
#814 = EDGE_CURVE ( 'NONE', #811, #3279, #2231, .T. ) ;
#815 = ORIENTED_EDGE ( 'NONE', *, *, #1813, .F. ) ;
#816 = CIRCLE ( 'NONE', #63, 1.499999999999999778 ) ;
#817 = ADVANCED_FACE ( 'NONE', ( #2452 ), #1634, .F. ) ;
#818 = CARTESIAN_POINT ( 'NONE',  ( 2.439847181069535242, -1.206713126527465318, 2.124060719683864562 ) ) ;
#819 = CARTESIAN_POINT ( 'NONE',  ( 1.833087104677063151, -1.249999999999999334, 3.174999999999999378 ) ) ;
#820 = CARTESIAN_POINT ( 'NONE',  ( -0.3561685780242373478, 36.19999999999999574, 4.447372853558031913 ) ) ;
#821 = EDGE_CURVE ( 'NONE', #3240, #976, #2460, .T. ) ;
#822 = ORIENTED_EDGE ( 'NONE', *, *, #2341, .T. ) ;
#823 =( BOUNDED_SURFACE ( )  B_SPLINE_SURFACE ( 3, 2, ( 
 ( #3081, #1717, #1244 ),
 ( #1272, #484, #721 ),
 ( #1750, #3353, #1527 ),
 ( #1212, #2812, #737 ),
 ( #2844, #1009, #467 ),
 ( #1461, #2288, #1478 ) ),
 .UNSPECIFIED., .F., .F., .T. ) 
 B_SPLINE_SURFACE_WITH_KNOTS ( ( 4, 2, 4 ),
 ( 3, 3 ),
 ( 2.510729643520383636, 3.141592653589793116, 3.772455663659202152 ),
 ( 0.000000000000000000, 1.000000000000000000 ),
 .UNSPECIFIED. ) 
 GEOMETRIC_REPRESENTATION_ITEM ( )  RATIONAL_B_SPLINE_SURFACE ( (
 ( 1.000000000000000000, 0.7339242347988189641, 1.000000000000000000),
 ( 1.000000000000000000, 0.7379907051409162477, 1.000000000000000000),
 ( 1.000000000000000000, 0.7401730901094208948, 1.000000000000000000),
 ( 1.000000000000000000, 0.7401730901094208948, 1.000000000000000000),
 ( 1.000000000000000000, 0.7379907051409162477, 1.000000000000000000),
 ( 1.000000000000000000, 0.7339242347988189641, 1.000000000000000000) ) ) 
 REPRESENTATION_ITEM ( '' )  SURFACE ( )  );
#824 = CARTESIAN_POINT ( 'NONE',  ( 0.000000000000000000, 0.000000000000000000, 0.000000000000000000 ) ) ;
#825 = EDGE_CURVE ( 'NONE', #1665, #1713, #2183, .T. ) ;
#826 = CARTESIAN_POINT ( 'NONE',  ( 5.242367592782916752, 35.99421414278277354, 0.8946814250601928808 ) ) ;
#827 = DIRECTION ( 'NONE',  ( -0.000000000000000000, -1.000000000000000000, -0.000000000000000000 ) ) ;
#828 = CARTESIAN_POINT ( 'NONE',  ( -6.443177087643454395E-14, 27.26320489190302965, 6.209307221932397702 ) ) ;
#829 = CIRCLE ( 'NONE', #672, 0.7886920815068590995 ) ;
#830 = CARTESIAN_POINT ( 'NONE',  ( 0.000000000000000000, 0.000000000000000000, 0.000000000000000000 ) ) ;
#831 = EDGE_LOOP ( 'NONE', ( #1926, #683 ) ) ;
#832 = VECTOR ( 'NONE', #808, 1000.000000000000000 ) ;
#833 =( GEOMETRIC_REPRESENTATION_CONTEXT ( 3 ) GLOBAL_UNCERTAINTY_ASSIGNED_CONTEXT ( ( #1020 ) ) GLOBAL_UNIT_ASSIGNED_CONTEXT ( ( #2793, #2403, #867 ) ) REPRESENTATION_CONTEXT ( 'NONE', 'WORKASPACE' ) );
#834 = DIRECTION ( 'NONE',  ( 0.000000000000000000, 0.000000000000000000, 1.000000000000000000 ) ) ;
#835 = DIRECTION ( 'NONE',  ( 0.000000000000000000, 1.000000000000000000, 0.000000000000000000 ) ) ;
#836 = VECTOR ( 'NONE', #1789, 1000.000000000000000 ) ;
#837 = EDGE_LOOP ( 'NONE', ( #1452, #2369 ) ) ;
#838 = DIRECTION ( 'NONE',  ( 0.000000000000000000, -1.000000000000000000, 0.000000000000000000 ) ) ;
#839 = CARTESIAN_POINT ( 'NONE',  ( 5.404592781530322299, 34.89732906525181022, 0.8769035162245816251 ) ) ;
#840 = CARTESIAN_POINT ( 'NONE',  ( 0.000000000000000000, 20.46000000000000085, 0.000000000000000000 ) ) ;
#841 = ORIENTED_EDGE ( 'NONE', *, *, #757, .T. ) ;
#842 = CARTESIAN_POINT ( 'NONE',  ( -1.833087104677060486, -0.9499999999999995115, 3.175000000000002487 ) ) ;
#843 = CARTESIAN_POINT ( 'NONE',  ( -3.563095868725986382, 29.56005097731180697, -4.813159917454861159 ) ) ;
#844 = DIRECTION ( 'NONE',  ( 0.000000000000000000, 0.000000000000000000, -1.000000000000000000 ) ) ;
#845 = CARTESIAN_POINT ( 'NONE',  ( 4.388667662221546806, 36.20000000000000284, 3.107500827395442755 ) ) ;
#846 = CARTESIAN_POINT ( 'NONE',  ( -0.8841102007045482658, 29.37316118810634791, -5.941012550181994811 ) ) ;
#847 = ORIENTED_EDGE ( 'NONE', *, *, #2704, .T. ) ;
#848 = CARTESIAN_POINT ( 'NONE',  ( -0.4626302013409755443, 27.30269219125776914, 6.188872055578796605 ) ) ;
#849 = ORIENTED_EDGE ( 'NONE', *, *, #2858, .T. ) ;
#850 = EDGE_CURVE ( 'NONE', #2316, #3222, #951, .T. ) ;
#851 = DIRECTION ( 'NONE',  ( 1.811583010849400763E-31, -0.09571240664425756384, -0.9954090291002810620 ) ) ;
#852 = CARTESIAN_POINT ( 'NONE',  ( 0.000000000000000000, 0.000000000000000000, 0.000000000000000000 ) ) ;
#853 = ORIENTED_EDGE ( 'NONE', *, *, #2698, .F. ) ;
#854 = B_SPLINE_CURVE_WITH_KNOTS ( 'NONE', 3,
 ( #3256, #2499, #881, #1380, #148, #354, #2191 ),
 .UNSPECIFIED., .F., .F.,
 ( 4, 3, 4 ),
 ( 0.0005280937956277198357, 0.003000000005309308611, 0.008571680231918569343 ),
 .UNSPECIFIED. ) ;
#855 = CARTESIAN_POINT ( 'NONE',  ( -5.300591571925086676, 36.20000000000000284, 0.9059217567368894608 ) ) ;
#856 = CARTESIAN_POINT ( 'NONE',  ( 4.083385295012634586, 36.20000000000000284, 2.700840008817134041 ) ) ;
#857 = CARTESIAN_POINT ( 'NONE',  ( 5.321897203152962774, 35.74785620332212233, 0.8757777529930896865 ) ) ;
#858 = DIRECTION ( 'NONE',  ( 0.9954090291002811730, 0.09571240664425774425, 0.000000000000000000 ) ) ;
#859 = ORIENTED_EDGE ( 'NONE', *, *, #2900, .T. ) ;
#860 = VECTOR ( 'NONE', #1454, 1000.000000000000000 ) ;
#861 = CARTESIAN_POINT ( 'NONE',  ( 5.847688465928612791E-16, 0.000000000000000000, 4.775000000000000355 ) ) ;
#862 = DIRECTION ( 'NONE',  ( -0.000000000000000000, -1.000000000000000000, -0.000000000000000000 ) ) ;
#863 = EDGE_CURVE ( 'NONE', #1871, #497, #1351, .T. ) ;
#864 = ORIENTED_EDGE ( 'NONE', *, *, #1561, .T. ) ;
#865 = VECTOR ( 'NONE', #2670, 1000.000000000000000 ) ;
#866 = ADVANCED_FACE ( 'NONE', ( #1689 ), #2741, .T. ) ;
#867 =( NAMED_UNIT ( * ) SI_UNIT ( $, .STERADIAN. ) SOLID_ANGLE_UNIT ( ) );
#868 = EDGE_CURVE ( 'NONE', #2742, #883, #816, .T. ) ;
#869 = CARTESIAN_POINT ( 'NONE',  ( -6.100131925573418989, 27.73292483621466431, 0.8860220918101026077 ) ) ;
#870 = VECTOR ( 'NONE', #2197, 1000.000000000000114 ) ;
#871 = ORIENTED_EDGE ( 'NONE', *, *, #1513, .T. ) ;
#872 = EDGE_CURVE ( 'NONE', #1660, #976, #2169, .T. ) ;
#873 = DIRECTION ( 'NONE',  ( 1.000000000000000000, -0.000000000000000000, 1.224646799147353207E-16 ) ) ;
#874 = DIRECTION ( 'NONE',  ( 0.9976965925094416487, 0.06783442558943653111, -1.712144035029882582E-17 ) ) ;
#875 = EDGE_CURVE ( 'NONE', #2965, #1257, #2101, .T. ) ;
#876 = CARTESIAN_POINT ( 'NONE',  ( -0.8756770667147555365, 35.73885485821556784, -5.322790921487677629 ) ) ;
#877 = ORIENTED_EDGE ( 'NONE', *, *, #712, .F. ) ;
#878 = EDGE_CURVE ( 'NONE', #2724, #1741, #880, .T. ) ;
#879 = FACE_OUTER_BOUND ( 'NONE', #2455, .T. ) ;
#880 = LINE ( 'NONE', #466, #220 ) ;
#881 = CARTESIAN_POINT ( 'NONE',  ( 0.8841102007045062994, 29.37316118810635146, 5.941012550182001029 ) ) ;
#882 = CARTESIAN_POINT ( 'NONE',  ( -3.059414132961651767, 1.206713126527465763, -1.050939280316133928 ) ) ;
#883 = VERTEX_POINT ( 'NONE', #2528 ) ;
#884 = DIRECTION ( 'NONE',  ( -0.000000000000000000, 1.000000000000000000, -0.000000000000000000 ) ) ;
#885 = CARTESIAN_POINT ( 'NONE',  ( 4.558940869423008024, 33.21426811240092292, -3.315544805779703896 ) ) ;
#886 = ORIENTED_EDGE ( 'NONE', *, *, #311, .T. ) ;
#887 = AXIS2_PLACEMENT_3D ( 'NONE', #2444, #1625, #2143 ) ;
#888 = CARTESIAN_POINT ( 'NONE',  ( -0.7207319163024639153, 27.41193880594817500, 6.153274919527675912 ) ) ;
#889 = VECTOR ( 'NONE', #662, 1000.000000000000000 ) ;
#890 = ORIENTED_EDGE ( 'NONE', *, *, #2642, .F. ) ;
#891 = DIRECTION ( 'NONE',  ( 0.000000000000000000, 0.000000000000000000, 1.000000000000000000 ) ) ;
#892 = CARTESIAN_POINT ( 'NONE',  ( 0.8816741726856028860, 31.38716634262295102, -5.745573248915699871 ) ) ;
#893 = CARTESIAN_POINT ( 'NONE',  ( 0.3337416699656702845, 35.75128683324494716, -4.930131771713464062 ) ) ;
#894 = ORIENTED_EDGE ( 'NONE', *, *, #770, .T. ) ;
#895 = CIRCLE ( 'NONE', #3127, 4.895770850515039463 ) ;
#896 = CIRCLE ( 'NONE', #3128, 3.146558967083456171 ) ;
#897 = CARTESIAN_POINT ( 'NONE',  ( -3.396616719982324284, 36.19999999999999574, -2.892918286449384535 ) ) ;
#898 = CARTESIAN_POINT ( 'NONE',  ( 0.000000000000000000, 5.299999999999999822, 0.000000000000000000 ) ) ;
#899 = CARTESIAN_POINT ( 'NONE',  ( -3.470987982972451944E-26, -1.233579561989600393, 3.174999999999999822 ) ) ;
#900 = DIRECTION ( 'NONE',  ( 0.000000000000000000, 0.000000000000000000, 1.000000000000000000 ) ) ;
#901 = ORIENTED_EDGE ( 'NONE', *, *, #1456, .T. ) ;
#902 = CARTESIAN_POINT ( 'NONE',  ( -6.209307221932397702, 27.26320489190302965, 0.000000000000000000 ) ) ;
#903 = VERTEX_POINT ( 'NONE', #1784 ) ;
#904 = VERTEX_POINT ( 'NONE', #226 ) ;
#905 = DIRECTION ( 'NONE',  ( 0.000000000000000000, -1.000000000000000000, -0.000000000000000000 ) ) ;
#906 = DIRECTION ( 'NONE',  ( 0.000000000000000000, -0.000000000000000000, 1.000000000000000000 ) ) ;
#907 = FACE_OUTER_BOUND ( 'NONE', #1186, .T. ) ;
#908 = EDGE_CURVE ( 'NONE', #691, #3240, #3056, .T. ) ;
#909 = ORIENTED_EDGE ( 'NONE', *, *, #1809, .F. ) ;
#910 = DIRECTION ( 'NONE',  ( 0.000000000000000000, -0.7071067811865493491, -0.7071067811865455743 ) ) ;
#911 = EDGE_CURVE ( 'NONE', #2571, #1573, #3273, .T. ) ;
#912 = DIRECTION ( 'NONE',  ( 0.06767889178183829346, -0.9954090291002810620, 0.06767889178183947307 ) ) ;
#913 = CARTESIAN_POINT ( 'NONE',  ( 0.000000000000000000, 25.30000000000000426, 0.000000000000000000 ) ) ;
#914 = CARTESIAN_POINT ( 'NONE',  ( -4.049138265306337914, 27.30266842003839045, -4.703262128307605039 ) ) ;
#915 = ORIENTED_EDGE ( 'NONE', *, *, #244, .T. ) ;
#916 = CARTESIAN_POINT ( 'NONE',  ( -1.179683748676566779, 36.20000000000000284, 4.927520347313096849 ) ) ;
#917 = EDGE_CURVE ( 'NONE', #529, #1060, #3260, .T. ) ;
#918 = AXIS2_PLACEMENT_3D ( 'NONE', #3301, #671, #462 ) ;
#919 = ORIENTED_EDGE ( 'NONE', *, *, #2261, .F. ) ;
#920 = B_SPLINE_CURVE_WITH_KNOTS ( 'NONE', 3,
 ( #203, #3026, #684, #1711, #1725, #972 ),
 .UNSPECIFIED., .F., .F.,
 ( 4, 2, 4 ),
 ( -5.527337459318205756E-06, 0.0003793000264230804702, 0.0007641273903054792045 ),
 .UNSPECIFIED. ) ;
#921 = VERTEX_POINT ( 'NONE', #1749 ) ;
#922 = CARTESIAN_POINT ( 'NONE',  ( 0.6492191854324825817, 36.20000000000000284, -5.105395679651363317 ) ) ;
#923 = CARTESIAN_POINT ( 'NONE',  ( 3.144584363418586381, 35.73885485821559627, -4.382978747425672061 ) ) ;
#924 = CONICAL_SURFACE ( 'NONE', #2735, 3.146558967083455727, 1.047197551196604737 ) ;
#925 = VERTEX_POINT ( 'NONE', #1716 ) ;
#926 = CARTESIAN_POINT ( 'NONE',  ( 0.000000000000000000, 36.20000000000000284, 0.000000000000000000 ) ) ;
#927 = LINE ( 'NONE', #3236, #394 ) ;
#928 = CARTESIAN_POINT ( 'NONE',  ( 0.9776071471663927426, 36.20000000000000284, -4.797171717435381844 ) ) ;
#929 = CARTESIAN_POINT ( 'NONE',  ( -4.812024772826246632, 27.36533943239885502, 3.909713502161063836 ) ) ;
#930 = ORIENTED_EDGE ( 'NONE', *, *, #619, .F. ) ;
#931 = ADVANCED_FACE ( 'NONE', ( #209 ), #1037, .T. ) ;
#932 = B_SPLINE_CURVE_WITH_KNOTS ( 'NONE', 3,
 ( #1512, #1757, #2566, #1203 ),
 .UNSPECIFIED., .F., .F.,
 ( 4, 4 ),
 ( 0.000000000000000000, 9.046164044265355417E-06 ),
 .UNSPECIFIED. ) ;
#933 = B_SPLINE_CURVE_WITH_KNOTS ( 'NONE', 3,
 ( #1925, #2955, #2720, #2660, #2400, #613, #3190 ),
 .UNSPECIFIED., .F., .F.,
 ( 4, 3, 4 ),
 ( 0.0004635204855060064718, 0.003000000009842782034, 0.008507106913800337872 ),
 .UNSPECIFIED. ) ;
#934 = ITEM_DEFINED_TRANSFORMATION ( 'NONE', 'NONE', #1640,  #3296 ) ;
#935 = B_SPLINE_CURVE_WITH_KNOTS ( 'NONE', 3,
 ( #2487, #1445, #2239, #1980 ),
 .UNSPECIFIED., .F., .F.,
 ( 4, 4 ),
 ( 0.000000000000000000, 9.046164044237481257E-06 ),
 .UNSPECIFIED. ) ;
#936 = ORIENTED_EDGE ( 'NONE', *, *, #878, .T. ) ;
#937 = LINE ( 'NONE', #443, #860 ) ;
#938 = AXIS2_PLACEMENT_3D ( 'NONE', #603, #3213, #874 ) ;
#939 = DIRECTION ( 'NONE',  ( 0.000000000000000000, 0.000000000000000000, -1.000000000000000000 ) ) ;
#940 = ORIENTED_EDGE ( 'NONE', *, *, #1728, .T. ) ;
#941 = AXIS2_PLACEMENT_3D ( 'NONE', #1992, #2298, #1239 ) ;
#942 =( NAMED_UNIT ( * ) PLANE_ANGLE_UNIT ( ) SI_UNIT ( $, .RADIAN. ) );
#943 = CARTESIAN_POINT ( 'NONE',  ( -2.909811987513333253, 36.15561510594510963, 4.231290173657929365 ) ) ;
#944 = DIRECTION ( 'NONE',  ( 1.060575238724911229E-16, -0.4999999999999939493, 0.8660254037844421493 ) ) ;
#945 = AXIS2_PLACEMENT_3D ( 'NONE', #612, #884, #2456 ) ;
#946 = VERTEX_POINT ( 'NONE', #688 ) ;
#947 = DIRECTION ( 'NONE',  ( -0.000000000000000000, 1.000000000000000000, -0.000000000000000000 ) ) ;
#948 = CARTESIAN_POINT ( 'NONE',  ( -0.09335710256979667943, 27.26320489190301899, 6.209307221932396814 ) ) ;
#949 = PRODUCT_DEFINITION ( 'UNKNOWN', '', #181, #1626 ) ;
#950 = DIRECTION ( 'NONE',  ( 0.8660254037844387076, 0.000000000000000000, -0.5000000000000001110 ) ) ;
#951 =( BOUNDED_CURVE ( )  B_SPLINE_CURVE ( 3, ( #661, #2987, #648, #2731 ),
 .UNSPECIFIED., .F., .F. ) 
 B_SPLINE_CURVE_WITH_KNOTS ( ( 4, 4 ),
 ( 2.518210232572592133, 3.764975074606995875 ),
 .UNSPECIFIED. ) 
 CURVE ( )  GEOMETRIC_REPRESENTATION_ITEM ( )  RATIONAL_B_SPLINE_CURVE ( ( 1.000000000000000000, 0.8746056661178448488, 0.8746056661178448488, 1.000000000000000000 ) ) 
 REPRESENTATION_ITEM ( '' )  );
#952 = ORIENTED_EDGE ( 'NONE', *, *, #1766, .F. ) ;
#953 = CARTESIAN_POINT ( 'NONE',  ( 3.063073775559890244, 1.233181647331635711, -1.044600593398445687 ) ) ;
#954 = FACE_OUTER_BOUND ( 'NONE', #1519, .T. ) ;
#955 = ADVANCED_FACE ( 'NONE', ( #448 ), #606, .T. ) ;
#956 = ORIENTED_EDGE ( 'NONE', *, *, #105, .F. ) ;
#957 = CARTESIAN_POINT ( 'NONE',  ( -3.722120605919115199, 35.75128683324495427, 3.250138609924558164 ) ) ;
#958 = CARTESIAN_POINT ( 'NONE',  ( 4.511942011531137275, 33.89034295923231355, 3.269737675643863195 ) ) ;
#959 = DIRECTION ( 'NONE',  ( -1.222960025021340602E-18, -0.06783442558943676703, -0.9976965925094416487 ) ) ;
#960 = ORIENTED_EDGE ( 'NONE', *, *, #1362, .F. ) ;
#961 = CARTESIAN_POINT ( 'NONE',  ( 0.8000000000000000444, 0.04397163297420458861, -4.424999999999999822 ) ) ;
#962 = EDGE_CURVE ( 'NONE', #2198, #2703, #2401, .T. ) ;
#963 = FACE_OUTER_BOUND ( 'NONE', #1297, .T. ) ;
#964 = DIRECTION ( 'NONE',  ( 0.000000000000000000, -1.000000000000000000, 0.000000000000000000 ) ) ;
#965 = EDGE_CURVE ( 'NONE', #253, #2597, #1354, .T. ) ;
#966 = CARTESIAN_POINT ( 'NONE',  ( -4.797171717435386284, 36.20000000000000284, -0.9776071471663759782 ) ) ;
#967 = ORIENTED_EDGE ( 'NONE', *, *, #1221, .T. ) ;
#968 = EDGE_CURVE ( 'NONE', #1046, #2044, #2486, .T. ) ;
#969 = B_SPLINE_CURVE_WITH_KNOTS ( 'NONE', 3,
 ( #677, #3257, #435, #632, #2511, #1656, #2454, #3032, #1919, #2470, #1718, #2717, #914, #2500, #2781, #407, #3272, #1446 ),
 .UNSPECIFIED., .F., .F.,
 ( 4, 2, 2, 2, 2, 2, 2, 2, 4 ),
 ( -0.001112577971934677499, -0.0008344746783522563995, -0.0005563713847698352997, -0.0002782680911874142000, -1.647976049931002690E-07, 0.0002779384959774278911, 0.0005560417895598490992, 0.0008341450831422703074, 0.001112248376724691299 ),
 .UNSPECIFIED. ) ;
#970 = CIRCLE ( 'NONE', #2888, 3.250000000000000444 ) ;
#971 = EDGE_CURVE ( 'NONE', #1896, #2507, #2606, .T. ) ;
#972 = CARTESIAN_POINT ( 'NONE',  ( 4.382417989080885867, 35.74785620332212233, 3.143881213173488121 ) ) ;
#973 = CARTESIAN_POINT ( 'NONE',  ( -1.833087104677060930, -1.249999999999999334, 3.175000000000000266 ) ) ;
#974 =( BOUNDED_SURFACE ( )  B_SPLINE_SURFACE ( 3, 2, ( 
 ( #1002, #2040, #2068 ),
 ( #2353, #1053, #219 ),
 ( #3119, #285, #2294 ),
 ( #3089, #527, #2871 ),
 ( #1830, #2607, #271 ),
 ( #1517, #2889, #1778 ) ),
 .UNSPECIFIED., .F., .F., .T. ) 
 B_SPLINE_SURFACE_WITH_KNOTS ( ( 4, 2, 4 ),
 ( 3, 3 ),
 ( 2.510729643520384524, 3.141592653589793116, 3.772455663659201708 ),
 ( 0.000000000000000000, 1.000000000000000000 ),
 .UNSPECIFIED. ) 
 GEOMETRIC_REPRESENTATION_ITEM ( )  RATIONAL_B_SPLINE_SURFACE ( (
 ( 1.000000000000000000, 0.7339242347988189641, 1.000000000000000000),
 ( 1.000000000000000000, 0.7379907051410560248, 1.000000000000000000),
 ( 1.000000000000000000, 0.7401730901092343773, 1.000000000000000000),
 ( 1.000000000000000000, 0.7401730901096078563, 1.000000000000000000),
 ( 1.000000000000000000, 0.7379907051407774699, 1.000000000000000000),
 ( 1.000000000000000000, 0.7339242347988186310, 1.000000000000000000) ) ) 
 REPRESENTATION_ITEM ( '' )  SURFACE ( )  );
#975 = CIRCLE ( 'NONE', #1030, 4.895770850515039463 ) ;
#976 = VERTEX_POINT ( 'NONE', #2843 ) ;
#977 = EDGE_CURVE ( 'NONE', #2105, #2561, #2770, .T. ) ;
#978 = CARTESIAN_POINT ( 'NONE',  ( -6.196724190771531582, 27.28623598837160102, -0.3702742481682503861 ) ) ;
#979 = CARTESIAN_POINT ( 'NONE',  ( -4.375389265984929388, 35.87608199352013827, -3.132527244664351507 ) ) ;
#980 = CARTESIAN_POINT ( 'NONE',  ( -6.209307221932398591, 27.26320489190304031, 0.09338476730224164191 ) ) ;
#981 = CARTESIAN_POINT ( 'NONE',  ( -4.883043112716177525, 28.55304410414921534, -3.631347456173295463 ) ) ;
#982 = EDGE_LOOP ( 'NONE', ( #1382, #2578 ) ) ;
#983 = VECTOR ( 'NONE', #2624, 1000.000000000000000 ) ;
#984 = CARTESIAN_POINT ( 'NONE',  ( -5.897075759090393148E-14, 45.12486044792481010, 4.136851874833269882 ) ) ;
#985 = DIRECTION ( 'NONE',  ( 0.000000000000000000, 0.000000000000000000, -1.000000000000000000 ) ) ;
#986 = FACE_OUTER_BOUND ( 'NONE', #2549, .T. ) ;
#987 = CARTESIAN_POINT ( 'NONE',  ( 0.000000000000000000, 1.900000000000000133, 0.000000000000000000 ) ) ;
#988 = ORIENTED_EDGE ( 'NONE', *, *, #2341, .F. ) ;
#989 = DIRECTION ( 'NONE',  ( -0.000000000000000000, 1.000000000000000000, -0.000000000000000000 ) ) ;
#990 = VERTEX_POINT ( 'NONE', #1259 ) ;
#991 = AXIS2_PLACEMENT_3D ( 'NONE', #2332, #2574, #1553 ) ;
#992 = CARTESIAN_POINT ( 'NONE',  ( 0.000000000000000000, 0.000000000000000000, 0.000000000000000000 ) ) ;
#993 = DIRECTION ( 'NONE',  ( 0.000000000000000000, 1.000000000000000000, 0.000000000000000000 ) ) ;
#994 = DIRECTION ( 'NONE',  ( 0.000000000000000000, -0.000000000000000000, -1.000000000000000000 ) ) ;
#995 = ORIENTED_EDGE ( 'NONE', *, *, #3252, .T. ) ;
#996 = AXIS2_PLACEMENT_3D ( 'NONE', #1026, #689, #751 ) ;
#997 = FACE_OUTER_BOUND ( 'NONE', #3011, .T. ) ;
#998 = AXIS2_PLACEMENT_3D ( 'NONE', #2309, #1535, #2244 ) ;
#999 = DIRECTION ( 'NONE',  ( 0.000000000000000000, 0.000000000000000000, -1.000000000000000000 ) ) ;
#1000 = VECTOR ( 'NONE', #3049, 1000.000000000000227 ) ;
#1001 = CARTESIAN_POINT ( 'NONE',  ( 0.000000000000000000, 30.20000000000000284, 0.000000000000000000 ) ) ;
#1002 = CARTESIAN_POINT ( 'NONE',  ( -4.318445430364520554, 36.20000000000000284, -2.650120673675067096 ) ) ;
#1003 = ORIENTED_EDGE ( 'NONE', *, *, #2900, .F. ) ;
#1004 = DIRECTION ( 'NONE',  ( 0.9976965925094418708, -0.06783442558943680867, 0.000000000000000000 ) ) ;
#1005 = CARTESIAN_POINT ( 'NONE',  ( 5.502478475823049386, 33.89034295923229223, -0.8783711095252704215 ) ) ;
#1006 = EDGE_LOOP ( 'NONE', ( #2173, #2565, #1530, #291 ) ) ;
#1007 = CARTESIAN_POINT ( 'NONE',  ( -4.158127373413761596, 36.20000000000000995, -2.803515821200228242 ) ) ;
#1008 = B_SPLINE_CURVE_WITH_KNOTS ( 'NONE', 3,
 ( #1708, #2953, #1902, #335 ),
 .UNSPECIFIED., .F., .F.,
 ( 4, 4 ),
 ( 0.003995386356717292933, 0.005860318273239777803 ),
 .UNSPECIFIED. ) ;
#1009 = CARTESIAN_POINT ( 'NONE',  ( 5.105395679651937080, 36.20000000000000284, 0.6492191854320407129 ) ) ;
#1010 = CARTESIAN_POINT ( 'NONE',  ( 0.000000000000000000, 1.900000000000000133, 0.000000000000000000 ) ) ;
#1011 = EDGE_CURVE ( 'NONE', #2867, #2543, #1985, .T. ) ;
#1012 = ORIENTED_EDGE ( 'NONE', *, *, #588, .T. ) ;
#1013 = CARTESIAN_POINT ( 'NONE',  ( -3.686932421305494145, 27.73292483621466431, -4.939956880105535575 ) ) ;
#1014 = CARTESIAN_POINT ( 'NONE',  ( 5.629965418483690698, 45.26842905789119698, 0.000000000000000000 ) ) ;
#1015 = CARTESIAN_POINT ( 'NONE',  ( 4.318445430364537430, 36.20000000000000284, -2.650120673675037342 ) ) ;
#1016 = ADVANCED_FACE ( 'NONE', ( #1558 ), #480, .F. ) ;
#1017 = LINE ( 'NONE', #2087, #1621 ) ;
#1018 = ORIENTED_EDGE ( 'NONE', *, *, #1180, .F. ) ;
#1019 = ORIENTED_EDGE ( 'NONE', *, *, #2687, .T. ) ;
#1020 = UNCERTAINTY_MEASURE_WITH_UNIT (LENGTH_MEASURE( 1.000000000000000082E-05 ), #2793, 'distance_accuracy_value', 'NONE');
#1021 = CARTESIAN_POINT ( 'NONE',  ( 2.700840008817062543, 36.20000000000000284, 4.083385295012680771 ) ) ;
#1022 = EDGE_CURVE ( 'NONE', #904, #2357, #189, .T. ) ;
#1023 = ORIENTED_EDGE ( 'NONE', *, *, #872, .F. ) ;
#1024 = AXIS2_PLACEMENT_3D ( 'NONE', #2979, #905, #2185 ) ;
#1025 = DIRECTION ( 'NONE',  ( -0.000000000000000000, -1.000000000000000000, -0.000000000000000000 ) ) ;
#1026 = CARTESIAN_POINT ( 'NONE',  ( 0.000000000000000000, 0.000000000000000000, 0.000000000000000000 ) ) ;
#1027 = DIRECTION ( 'NONE',  ( -0.000000000000000000, 1.000000000000000000, -0.000000000000000000 ) ) ;
#1028 = ORIENTED_EDGE ( 'NONE', *, *, #2442, .F. ) ;
#1029 = EDGE_CURVE ( 'NONE', #976, #691, #3152, .T. ) ;
#1030 = AXIS2_PLACEMENT_3D ( 'NONE', #1067, #1479, #2530 ) ;
#1031 = LINE ( 'NONE', #64, #836 ) ;
#1032 = CARTESIAN_POINT ( 'NONE',  ( 4.797171717435386284, 36.20000000000000284, -0.9776071471663755341 ) ) ;
#1033 = AXIS2_PLACEMENT_3D ( 'NONE', #130, #658, #3072 ) ;
#1034 = EDGE_CURVE ( 'NONE', #2215, #581, #309, .T. ) ;
#1035 = CARTESIAN_POINT ( 'NONE',  ( 3.302468359869754178, 36.20000000000000284, 3.761544694715746928 ) ) ;
#1036 = DIRECTION ( 'NONE',  ( -0.000000000000000000, -1.000000000000000000, -0.000000000000000000 ) ) ;
#1037 = CONICAL_SURFACE ( 'NONE', #2954, 6.400000000000000355, 0.01886568602167066830 ) ;
#1038 = ORIENTED_EDGE ( 'NONE', *, *, #3085, .T. ) ;
#1039 = ORIENTED_EDGE ( 'NONE', *, *, #325, .T. ) ;
#1040 = FACE_OUTER_BOUND ( 'NONE', #2450, .T. ) ;
#1041 = CARTESIAN_POINT ( 'NONE',  ( 3.059414132961652211, 1.206713126527464430, 1.050939280316133928 ) ) ;
#1042 = ORIENTED_EDGE ( 'NONE', *, *, #2119, .F. ) ;
#1043 = CARTESIAN_POINT ( 'NONE',  ( 6.206864839514399712, 27.26662025165795455, -0.1864587790468596740 ) ) ;
#1044 = CARTESIAN_POINT ( 'NONE',  ( -5.165367331437819232, 27.84877104863627295, 5.165367331437694887 ) ) ;
#1045 = CARTESIAN_POINT ( 'NONE',  ( -5.308898677262546606, 35.87608199352013827, -0.8788361633550096919 ) ) ;
#1046 = VERTEX_POINT ( 'NONE', #1799 ) ;
#1047 = CIRCLE ( 'NONE', #1480, 1.499999999999999778 ) ;
#1048 = DIRECTION ( 'NONE',  ( 0.000000000000000000, 0.000000000000000000, -1.000000000000000000 ) ) ;
#1049 = CARTESIAN_POINT ( 'NONE',  ( -3.439296019809291227, 31.38716634262295102, -4.686171592415338871 ) ) ;
#1050 = CARTESIAN_POINT ( 'NONE',  ( 0.8847628115073331578, 35.73864478242503395, 5.329426084533435137 ) ) ;
#1051 = AXIS2_PLACEMENT_3D ( 'NONE', #756, #2293, #2835 ) ;
#1052 = B_SPLINE_CURVE_WITH_KNOTS ( 'NONE', 3,
 ( #1194, #2559, #1207, #1226, #3076, #204, #158 ),
 .UNSPECIFIED., .F., .F.,
 ( 4, 3, 4 ),
 ( 0.0005280937956277231967, 0.003000000005309309044, 0.008571680231918598833 ),
 .UNSPECIFIED. ) ;
#1053 = CARTESIAN_POINT ( 'NONE',  ( -4.069127194217968757, 36.20000000000000284, -3.150992617228141501 ) ) ;
#1054 = AXIS2_PLACEMENT_3D ( 'NONE', #1065, #2656, #1290 ) ;
#1055 = ORIENTED_EDGE ( 'NONE', *, *, #25, .T. ) ;
#1056 = VECTOR ( 'NONE', #1844, 1000.000000000000000 ) ;
#1057 = ORIENTED_EDGE ( 'NONE', *, *, #2261, .T. ) ;
#1058 = EDGE_CURVE ( 'NONE', #903, #3329, #2997, .T. ) ;
#1059 = CARTESIAN_POINT ( 'NONE',  ( 4.811912932110709917, 27.36534015417103660, 3.909836722877420012 ) ) ;
#1060 = VERTEX_POINT ( 'NONE', #7 ) ;
#1061 = CARTESIAN_POINT ( 'NONE',  ( 4.257069950853208162, 27.26662025165797232, -4.520762485004760300 ) ) ;
#1062 = CARTESIAN_POINT ( 'NONE',  ( 1.833087104677060930, -0.9499999999999995115, -3.175000000000001599 ) ) ;
#1063 = CARTESIAN_POINT ( 'NONE',  ( -4.922625111112693297, 36.20000000000000995, -0.9578550144436062119 ) ) ;
#1064 = ORIENTED_EDGE ( 'NONE', *, *, #58, .F. ) ;
#1065 = CARTESIAN_POINT ( 'NONE',  ( 0.000000000000000000, 36.20000000000000284, 0.000000000000000000 ) ) ;
#1066 = LINE ( 'NONE', #1102, #1056 ) ;
#1067 = CARTESIAN_POINT ( 'NONE',  ( 0.000000000000000000, 36.20000000000000284, 0.000000000000000000 ) ) ;
#1068 = CARTESIAN_POINT ( 'NONE',  ( 0.4626302013409335223, 27.30269219125776914, -6.188872055578797493 ) ) ;
#1069 = CARTESIAN_POINT ( 'NONE',  ( -2.595534411974573352, -1.233776848240157209, -1.854402525666627222 ) ) ;
#1070 = ORIENTED_EDGE ( 'NONE', *, *, #1353, .F. ) ;
#1071 = VERTEX_POINT ( 'NONE', #1876 ) ;
#1072 = EDGE_CURVE ( 'NONE', #1375, #2114, #50, .T. ) ;
#1073 = DIRECTION ( 'NONE',  ( -0.000000000000000000, -1.000000000000000000, -0.000000000000000000 ) ) ;
#1074 = DIRECTION ( 'NONE',  ( -0.09571240664425756384, -0.9954090291002810620, -0.000000000000000000 ) ) ;
#1075 = VERTEX_POINT ( 'NONE', #2580 ) ;
#1076 = EDGE_CURVE ( 'NONE', #1075, #1488, #2446, .T. ) ;
#1077 = CARTESIAN_POINT ( 'NONE',  ( 4.643498487868530589, 27.28621823196979435, -4.120004774696607086 ) ) ;
#1078 = PLANE ( 'NONE',  #72 ) ;
#1079 = CARTESIAN_POINT ( 'NONE',  ( 3.143881213173473910, 35.74785620332212233, -4.382417989080896525 ) ) ;
#1080 = CIRCLE ( 'NONE', #2779, 6.400000000000000355 ) ;
#1081 = ORIENTED_EDGE ( 'NONE', *, *, #2940, .F. ) ;
#1082 = DIRECTION ( 'NONE',  ( 0.000000000000000000, 0.000000000000000000, 1.000000000000000000 ) ) ;
#1083 = DIRECTION ( 'NONE',  ( 0.000000000000000000, 1.000000000000000000, 0.000000000000000000 ) ) ;
#1084 = CYLINDRICAL_SURFACE ( 'NONE', #1837, 1.499999999999999778 ) ;
#1085 = CARTESIAN_POINT ( 'NONE',  ( 3.143881213173413069, 35.74785620332212233, 4.382417989080940046 ) ) ;
#1086 = AXIS2_PLACEMENT_3D ( 'NONE', #840, #801, #1841 ) ;
#1087 = DIRECTION ( 'NONE',  ( -0.000000000000000000, -1.000000000000000000, -0.000000000000000000 ) ) ;
#1088 = ORIENTED_EDGE ( 'NONE', *, *, #1076, .T. ) ;
#1089 =( REPRESENTATION_RELATIONSHIP ('NONE','NONE', #2123, #3161 ) REPRESENTATION_RELATIONSHIP_WITH_TRANSFORMATION ( #934 )SHAPE_REPRESENTATION_RELATIONSHIP( ) );
#1090 = CARTESIAN_POINT ( 'NONE',  ( -5.502478475823049386, 33.89034295923229934, 0.8783711095252704215 ) ) ;
#1091 = B_SPLINE_CURVE_WITH_KNOTS ( 'NONE', 3,
 ( #1883, #1619, #1361, #2171, #2416, #83, #2154 ),
 .UNSPECIFIED., .F., .F.,
 ( 4, 3, 4 ),
 ( 0.0004635204855060064176, 0.003000000009842789840, 0.008507106913800337872 ),
 .UNSPECIFIED. ) ;
#1092 = EDGE_LOOP ( 'NONE', ( #3356, #2482, #1300, #952, #847, #1642, #849, #1039, #3138, #1528, #3126, #2830, #2914, #27, #2991, #2149, #286, #919, #1172, #3025, #1341, #2478, #412, #32, #1943, #1322, #1624, #1416 ) ) ;
#1093 = CARTESIAN_POINT ( 'NONE',  ( 4.520503038172927646, 27.26660549139023004, -4.257344779072948171 ) ) ;
#1094 = DIRECTION ( 'NONE',  ( -0.000000000000000000, -1.000000000000000000, -0.000000000000000000 ) ) ;
#1095 = EDGE_CURVE ( 'NONE', #2459, #2368, #1240, .T. ) ;
#1096 = PLANE ( 'NONE',  #809 ) ;
#1097 = B_SPLINE_CURVE_WITH_KNOTS ( 'NONE', 3,
 ( #1975, #2251, #3302, #748, #734, #1005, #1781 ),
 .UNSPECIFIED., .F., .F.,
 ( 4, 3, 4 ),
 ( 0.0005280937956277266662, 0.003000000005309308611, 0.008571680231918579751 ),
 .UNSPECIFIED. ) ;
#1098 = ORIENTED_EDGE ( 'NONE', *, *, #600, .F. ) ;
#1099 = CARTESIAN_POINT ( 'NONE',  ( 5.165367331437783704, 27.84877104863627650, -5.165367331437730414 ) ) ;
#1100 = ADVANCED_FACE ( 'NONE', ( #2652 ), #2598, .F. ) ;
#1101 = EDGE_CURVE ( 'NONE', #2970, #2055, #1450, .T. ) ;
#1102 = CARTESIAN_POINT ( 'NONE',  ( 6.827405905246494173E-16, 25.30000000000000426, -5.575000000000000178 ) ) ;
#1103 = CARTESIAN_POINT ( 'NONE',  ( 4.173504974414337107E-16, 1.249999999999997558, 3.146558967083455727 ) ) ;
#1104 = CARTESIAN_POINT ( 'NONE',  ( 3.190450315174097717, 35.74458789742280374, 4.081032889252046658 ) ) ;
#1105 = AXIS2_PLACEMENT_3D ( 'NONE', #2918, #2343, #2083 ) ;
#1106 = CARTESIAN_POINT ( 'NONE',  ( -3.144381164857994015, 35.74185609686031739, 4.382769363038026889 ) ) ;
#1107 = EDGE_LOOP ( 'NONE', ( #2898, #186, #2592, #2264 ) ) ;
#1108 = AXIS2_PLACEMENT_3D ( 'NONE', #2524, #2266, #3315 ) ;
#1109 = ORIENTED_EDGE ( 'NONE', *, *, #471, .T. ) ;
#1110 = CARTESIAN_POINT ( 'NONE',  ( -1.414487224679292547E-17, 7.106327212397043347, 3.494845983014384385E-17 ) ) ;
#1111 = CARTESIAN_POINT ( 'NONE',  ( 0.000000000000000000, 1.250000000000001110, 0.000000000000000000 ) ) ;
#1112 = CIRCLE ( 'NONE', #2806, 2.000000000000000000 ) ;
#1113 = EDGE_LOOP ( 'NONE', ( #272, #1131, #2984, #3263 ) ) ;
#1114 = AXIS2_PLACEMENT_3D ( 'NONE', #1359, #1915, #1412 ) ;
#1115 = FACE_OUTER_BOUND ( 'NONE', #145, .T. ) ;
#1116 =( LENGTH_UNIT ( ) NAMED_UNIT ( * ) SI_UNIT ( .MILLI., .METRE. ) );
#1117 = ORIENTED_EDGE ( 'NONE', *, *, #1456, .F. ) ;
#1118 = CARTESIAN_POINT ( 'NONE',  ( -4.388667662221614307, 36.20000000000000284, 3.107500827395351717 ) ) ;
#1119 = CARTESIAN_POINT ( 'NONE',  ( 0.000000000000000000, 0.000000000000000000, 0.000000000000000000 ) ) ;
#1120 = CARTESIAN_POINT ( 'NONE',  ( -3.258547106632627255, 34.05580003434261727, -4.500340567775440448 ) ) ;
#1121 = DIRECTION ( 'NONE',  ( 0.000000000000000000, 0.09571240664425774425, -0.9954090291002811730 ) ) ;
#1122 = EDGE_CURVE ( 'NONE', #921, #2622, #2328, .T. ) ;
#1123 = DIRECTION ( 'NONE',  ( 0.000000000000000000, 0.000000000000000000, 1.000000000000000000 ) ) ;
#1124 = CYLINDRICAL_SURFACE ( 'NONE', #2787, 2.000000000000000000 ) ;
#1125 = ORIENTED_EDGE ( 'NONE', *, *, #2848, .F. ) ;
#1126 = DIRECTION ( 'NONE',  ( -0.000000000000000000, -1.000000000000000000, -0.000000000000000000 ) ) ;
#1127 = ORIENTED_EDGE ( 'NONE', *, *, #1400, .T. ) ;
#1128 = CARTESIAN_POINT ( 'NONE',  ( 0.000000000000000000, 20.70000000000000284, 5.669600159872127065 ) ) ;
#1129 = CARTESIAN_POINT ( 'NONE',  ( 0.9776071471663252410, 36.20000000000000284, 4.797171717435396943 ) ) ;
#1130 = DIRECTION ( 'NONE',  ( 0.000000000000000000, 0.000000000000000000, 1.000000000000000000 ) ) ;
#1131 = ORIENTED_EDGE ( 'NONE', *, *, #2533, .T. ) ;
#1132 = CARTESIAN_POINT ( 'NONE',  ( 0.000000000000000000, 16.20000000000000284, -6.349999999999998757 ) ) ;
#1133 = DIRECTION ( 'NONE',  ( 0.000000000000000000, 0.000000000000000000, -1.000000000000000000 ) ) ;
#1134 = CYLINDRICAL_SURFACE ( 'NONE', #401, 0.7886920815068586554 ) ;
#1135 = FACE_OUTER_BOUND ( 'NONE', #62, .T. ) ;
#1136 = ADVANCED_FACE ( 'NONE', ( #1666, #1892 ), #1355, .T. ) ;
#1137 = ORIENTED_EDGE ( 'NONE', *, *, #1462, .F. ) ;
#1138 = B_SPLINE_CURVE_WITH_KNOTS ( 'NONE', 3,
 ( #468, #1492, #2257, #212, #2304, #1274, #738 ),
 .UNSPECIFIED., .F., .F.,
 ( 4, 3, 4 ),
 ( 0.0004635204855060064176, 0.003000000009842789840, 0.008507106913800334402 ),
 .UNSPECIFIED. ) ;
#1139 = AXIS2_PLACEMENT_3D ( 'NONE', #2059, #838, #276 ) ;
#1140 = CARTESIAN_POINT ( 'NONE',  ( -0.3246159894518673705, 36.20000000000000284, 4.995011533287574856 ) ) ;
#1141 = CARTESIAN_POINT ( 'NONE',  ( 0.000000000000000000, 21.20000000000000284, -4.775000000000000355 ) ) ;
#1142 = ADVANCED_FACE ( 'NONE', ( #1115 ), #2832, .T. ) ;
#1143 = ORIENTED_EDGE ( 'NONE', *, *, #2377, .F. ) ;
#1144 = CARTESIAN_POINT ( 'NONE',  ( 0.000000000000000000, 36.20000000000000284, 0.000000000000000000 ) ) ;
#1145 = ORIENTED_EDGE ( 'NONE', *, *, #1291, .F. ) ;
#1146 = CARTESIAN_POINT ( 'NONE',  ( 0.000000000000000000, 30.20000000000000284, 0.000000000000000000 ) ) ;
#1147 = CARTESIAN_POINT ( 'NONE',  ( 5.322790921487675853, 35.73885485821556784, 0.8756770667147742992 ) ) ;
#1148 = CARTESIAN_POINT ( 'NONE',  ( -0.8756770667147555365, 35.73885485821556784, -5.322790921487677629 ) ) ;
#1149 = ORIENTED_EDGE ( 'NONE', *, *, #1520, .F. ) ;
#1150 = CARTESIAN_POINT ( 'NONE',  ( -5.105395679652292351, 36.20000000000000284, 0.6492191854317679311 ) ) ;
#1151 = CARTESIAN_POINT ( 'NONE',  ( 1.833087104677060930, -0.9499999999999995115, -3.175000000000001599 ) ) ;
#1152 = CARTESIAN_POINT ( 'NONE',  ( 0.000000000000000000, 20.71998401917443644, 0.000000000000000000 ) ) ;
#1153 = CARTESIAN_POINT ( 'NONE',  ( -4.119528041381330219, 27.28631093204086966, 4.643912032301645176 ) ) ;
#1154 = ORIENTED_EDGE ( 'NONE', *, *, #1520, .T. ) ;
#1155 = FACE_OUTER_BOUND ( 'NONE', #1166, .T. ) ;
#1156 = DIRECTION ( 'NONE',  ( 0.000000000000000000, 0.000000000000000000, -1.000000000000000000 ) ) ;
#1157 = EDGE_LOOP ( 'NONE', ( #479, #1578 ) ) ;
#1158 = DIRECTION ( 'NONE',  ( 0.000000000000000000, 0.000000000000000000, -1.000000000000000000 ) ) ;
#1159 = EDGE_CURVE ( 'NONE', #2556, #990, #2225, .T. ) ;
#1160 = AXIS2_PLACEMENT_3D ( 'NONE', #2711, #2980, #2494 ) ;
#1161 = AXIS2_PLACEMENT_3D ( 'NONE', #3208, #1852, #305 ) ;
#1162 = ORIENTED_EDGE ( 'NONE', *, *, #1561, .F. ) ;
#1163 = AXIS2_PLACEMENT_3D ( 'NONE', #2009, #2373, #3108 ) ;
#1164 = CARTESIAN_POINT ( 'NONE',  ( 7.776507174585691177E-16, 16.20000000000000284, 6.349999999999998757 ) ) ;
#1165 = CARTESIAN_POINT ( 'NONE',  ( -4.382582389122529953, 35.74485703477443366, 3.144146779602674080 ) ) ;
#1166 = EDGE_LOOP ( 'NONE', ( #2996, #614 ) ) ;
#1167 = CIRCLE ( 'NONE', #235, 4.895770850515039463 ) ;
#1168 = AXIS2_PLACEMENT_3D ( 'NONE', #125, #2706, #1158 ) ;
#1169 = ADVANCED_FACE ( 'NONE', ( #1408 ), #3372, .F. ) ;
#1170 = DIRECTION ( 'NONE',  ( 0.000000000000000000, 0.000000000000000000, -1.000000000000000000 ) ) ;
#1171 = CARTESIAN_POINT ( 'NONE',  ( -3.365240864082643668, 1.107898174753727760, -0.5212318437018704786 ) ) ;
#1172 = ORIENTED_EDGE ( 'NONE', *, *, #1362, .T. ) ;
#1173 = CARTESIAN_POINT ( 'NONE',  ( -0.6492191854318933864, 36.20000000000000284, 5.105395679652188434 ) ) ;
#1174 = ORIENTED_EDGE ( 'NONE', *, *, #535, .T. ) ;
#1175 =( BOUNDED_CURVE ( )  B_SPLINE_CURVE ( 3, ( #1540, #3125, #1269, #240 ),
 .UNSPECIFIED., .F., .T. ) 
 B_SPLINE_CURVE_WITH_KNOTS ( ( 4, 4 ),
 ( 2.630874857590355997, 3.652310449589230235 ),
 .UNSPECIFIED. ) 
 CURVE ( )  GEOMETRIC_REPRESENTATION_ITEM ( )  RATIONAL_B_SPLINE_CURVE ( ( 1.000000000000000000, 0.9149292474456451885, 0.9149292474456451885, 1.000000000000000000 ) ) 
 REPRESENTATION_ITEM ( '' )  );
#1176 = ORIENTED_EDGE ( 'NONE', *, *, #535, .F. ) ;
#1177 = CARTESIAN_POINT ( 'NONE',  ( 0.3154314918917420774, 35.74785620332212943, -5.038486898352753762 ) ) ;
#1178 = FACE_OUTER_BOUND ( 'NONE', #611, .T. ) ;
#1179 = CARTESIAN_POINT ( 'NONE',  ( -5.136400120957503646, 35.74475617435510344, 0.6184265416887070321 ) ) ;
#1180 = EDGE_CURVE ( 'NONE', #497, #2252, #1944, .T. ) ;
#1181 = VERTEX_POINT ( 'NONE', #343 ) ;
#1182 = LINE ( 'NONE', #2150, #1534 ) ;
#1183 = DIRECTION ( 'NONE',  ( 0.000000000000000000, 0.000000000000000000, 1.000000000000000000 ) ) ;
#1184 = CARTESIAN_POINT ( 'NONE',  ( -1.833087104677060486, -1.249999999999999334, -3.175000000000001599 ) ) ;
#1185 = FACE_OUTER_BOUND ( 'NONE', #1419, .T. ) ;
#1186 = EDGE_LOOP ( 'NONE', ( #797, #258, #1042, #909 ) ) ;
#1187 = FACE_OUTER_BOUND ( 'NONE', #337, .T. ) ;
#1188 = AXIS2_PLACEMENT_3D ( 'NONE', #1243, #2509, #736 ) ;
#1189 = ORIENTED_EDGE ( 'NONE', *, *, #3188, .F. ) ;
#1190 =( BOUNDED_CURVE ( )  B_SPLINE_CURVE ( 3, ( #3017, #149, #752, #2829 ),
 .UNSPECIFIED., .F., .T. ) 
 B_SPLINE_CURVE_WITH_KNOTS ( ( 4, 4 ),
 ( 2.518210232572592133, 3.764975074606996319 ),
 .UNSPECIFIED. ) 
 CURVE ( )  GEOMETRIC_REPRESENTATION_ITEM ( )  RATIONAL_B_SPLINE_CURVE ( ( 1.000000000000000000, 0.8746056661178448488, 0.8746056661178448488, 1.000000000000000000 ) ) 
 REPRESENTATION_ITEM ( '' )  );
#1191 = ORIENTED_EDGE ( 'NONE', *, *, #770, .F. ) ;
#1192 = AXIS2_PLACEMENT_3D ( 'NONE', #245, #994, #2845 ) ;
#1193 = CARTESIAN_POINT ( 'NONE',  ( 0.8756770667147926179, 35.73885485821556784, -5.322790921487672300 ) ) ;
#1194 = CARTESIAN_POINT ( 'NONE',  ( 3.686932421305528784, 27.73292483621466431, -4.939956880105509818 ) ) ;
#1195 = ORIENTED_EDGE ( 'NONE', *, *, #1809, .T. ) ;
#1196 = CARTESIAN_POINT ( 'NONE',  ( -5.329426084533427144, 35.73864478242503395, -0.8847628115073908894 ) ) ;
#1197 = CARTESIAN_POINT ( 'NONE',  ( -3.143881213173443268, 35.74785620332212233, -4.382417989080918730 ) ) ;
#1198 = CARTESIAN_POINT ( 'NONE',  ( 0.000000000000000000, -0.9499999999999995115, 0.000000000000000000 ) ) ;
#1199 = CARTESIAN_POINT ( 'NONE',  ( -0.8756770667148300324, 35.73885485821556784, 5.322790921487666971 ) ) ;
#1200 = EDGE_CURVE ( 'NONE', #1963, #1990, #3247, .T. ) ;
#1201 = ORIENTED_EDGE ( 'NONE', *, *, #3044, .F. ) ;
#1202 = ADVANCED_FACE ( 'NONE', ( #602 ), #91, .F. ) ;
#1203 = CARTESIAN_POINT ( 'NONE',  ( 0.8757777529931097815, 35.74785620332212233, -5.321897203152960110 ) ) ;
#1204 = ORIENTED_EDGE ( 'NONE', *, *, #814, .T. ) ;
#1205 = ORIENTED_EDGE ( 'NONE', *, *, #197, .T. ) ;
#1206 = DIRECTION ( 'NONE',  ( -0.000000000000000000, 1.000000000000000000, -0.000000000000000000 ) ) ;
#1207 = CARTESIAN_POINT ( 'NONE',  ( 3.575769943113694893, 29.37316118810635146, -4.826090579582452023 ) ) ;
#1208 = ORIENTED_EDGE ( 'NONE', *, *, #872, .T. ) ;
#1209 = ADVANCED_FACE ( 'NONE', ( #2163 ), #2886, .F. ) ;
#1210 = CARTESIAN_POINT ( 'NONE',  ( -6.109296031559941831, 27.63844601043108185, -0.8861303355604698284 ) ) ;
#1211 = DIRECTION ( 'NONE',  ( 0.000000000000000000, -1.000000000000000000, 0.000000000000000000 ) ) ;
#1212 = CARTESIAN_POINT ( 'NONE',  ( 4.540782383802614675, 36.20000000000000284, 0.4205753225222974567 ) ) ;
#1213 = CARTESIAN_POINT ( 'NONE',  ( -3.909836722877435555, 27.36534015417103660, 4.811912932110697483 ) ) ;
#1214 = AXIS2_PLACEMENT_3D ( 'NONE', #3115, #1804, #3185 ) ;
#1215 = CONICAL_SURFACE ( 'NONE', #1584, 1.700000000000003508, 0.7853981633974468357 ) ;
#1216 = VERTEX_POINT ( 'NONE', #3265 ) ;
#1217 = APPLICATION_CONTEXT ( 'automotive_design' ) ;
#1218 = LINE ( 'NONE', #2273, #2863 ) ;
#1219 = CARTESIAN_POINT ( 'NONE',  ( -1.982927533892890670, 1.036510412143833326, 2.915468763570254751 ) ) ;
#1220 = ADVANCED_FACE ( 'NONE', ( #365 ), #3051, .T. ) ;
#1221 = EDGE_CURVE ( 'NONE', #2305, #1493, #2053, .T. ) ;
#1222 = FACE_BOUND ( 'NONE', #2873, .T. ) ;
#1223 = EDGE_CURVE ( 'NONE', #2910, #1879, #2632, .T. ) ;
#1224 = ORIENTED_EDGE ( 'NONE', *, *, #3245, .T. ) ;
#1225 = CARTESIAN_POINT ( 'NONE',  ( 0.8847628115074056554, 35.73864478242503395, -5.329426084533421815 ) ) ;
#1226 = CARTESIAN_POINT ( 'NONE',  ( 3.520200855833194531, 30.19327585426520244, -4.769095055243472991 ) ) ;
#1227 = B_SPLINE_CURVE_WITH_KNOTS ( 'NONE', 3,
 ( #3318, #2826, #2527, #978, #1489, #1748, #191, #2030, #1210, #3061 ),
 .UNSPECIFIED., .F., .F.,
 ( 4, 2, 2, 2, 4 ),
 ( 9.757819552369539906E-19, 0.0002780620941811722284, 0.0005561241883623435894, 0.0008341862825435149504, 0.001112248376724686311 ),
 .UNSPECIFIED. ) ;
#1228 = VERTEX_POINT ( 'NONE', #2250 ) ;
#1229 = CARTESIAN_POINT ( 'NONE',  ( 6.827405905246494173E-16, 25.30000000000000426, 5.575000000000000178 ) ) ;
#1230 = CARTESIAN_POINT ( 'NONE',  ( -2.700840008817146920, 36.20000000000000284, 4.083385295012624816 ) ) ;
#1231 = CARTESIAN_POINT ( 'NONE',  ( 4.158879789674424288, 36.19999999999999574, -2.804549441785380903 ) ) ;
#1232 = CARTESIAN_POINT ( 'NONE',  ( -4.939956880105524029, 27.73292483621466431, -3.686932421305511465 ) ) ;
#1233 = ORIENTED_EDGE ( 'NONE', *, *, #2850, .T. ) ;
#1234 = PLANE ( 'NONE',  #2138 ) ;
#1235 = FACE_OUTER_BOUND ( 'NONE', #229, .T. ) ;
#1236 = FACE_OUTER_BOUND ( 'NONE', #3267, .T. ) ;
#1237 = CARTESIAN_POINT ( 'NONE',  ( 0.9578550144438624514, 36.20000000000000995, -4.922625111112726159 ) ) ;
#1238 = ORIENTED_EDGE ( 'NONE', *, *, #1653, .T. ) ;
#1239 = DIRECTION ( 'NONE',  ( -0.4999999999999998890, 0.000000000000000000, 0.8660254037844385966 ) ) ;
#1240 = B_SPLINE_CURVE_WITH_KNOTS ( 'NONE', 3,
 ( #549, #533, #1579, #3163, #3111, #766, #2633, #1043, #2912, #294, #1856, #1323, #2375, #498, #2864, #570, #517, #1597 ),
 .UNSPECIFIED., .F., .F.,
 ( 4, 2, 2, 2, 2, 2, 2, 2, 4 ),
 ( -0.001112577971934676198, -0.0008344746783522558574, -0.0005563713847698356250, -0.0002782680911874153926, -1.647976049950518329E-07, 0.0002779384959774252890, 0.0005560417895598458466, 0.0008341450831422664042, 0.001112248376724686962 ),
 .UNSPECIFIED. ) ;
#1241 = ORIENTED_EDGE ( 'NONE', *, *, #3044, .T. ) ;
#1242 = CARTESIAN_POINT ( 'NONE',  ( -5.136400120957503646, 35.74475617435510344, -0.6184265416887070321 ) ) ;
#1243 = CARTESIAN_POINT ( 'NONE',  ( 0.000000000000000000, 20.46000000000000085, 0.000000000000000000 ) ) ;
#1244 = CARTESIAN_POINT ( 'NONE',  ( 5.329426084533426256, 35.73864478242503395, -0.8847628115073895572 ) ) ;
#1245 = CARTESIAN_POINT ( 'NONE',  ( 5.165367331437711762, 27.84877104863627650, 5.165367331437802356 ) ) ;
#1246 = ORIENTED_EDGE ( 'NONE', *, *, #379, .F. ) ;
#1247 = CARTESIAN_POINT ( 'NONE',  ( 4.382582389122507749, 35.74485703477443366, -3.144146779602703834 ) ) ;
#1248 = VECTOR ( 'NONE', #2223, 1000.000000000000000 ) ;
#1249 = DIRECTION ( 'NONE',  ( -0.000000000000000000, -1.000000000000000000, -0.000000000000000000 ) ) ;
#1250 = B_SPLINE_CURVE_WITH_KNOTS ( 'NONE', 3,
 ( #334, #1309, #283, #2099, #1845, #1381, #2676, #1636, #2902, #1587 ),
 .UNSPECIFIED., .F., .F.,
 ( 4, 2, 2, 2, 4 ),
 ( -0.001112577971934680969, -0.0008344334789510106723, -0.0005562889859673403759, -0.0002781444929836700795, 2.168404344971008868E-19 ),
 .UNSPECIFIED. ) ;
#1251 = CARTESIAN_POINT ( 'NONE',  ( 0.8000000000000000444, 1.900000000000000133, -3.484339966191588811 ) ) ;
#1252 = CARTESIAN_POINT ( 'NONE',  ( 0.000000000000000000, 21.20000000000000284, 0.000000000000000000 ) ) ;
#1253 = ORIENTED_EDGE ( 'NONE', *, *, #2698, .T. ) ;
#1254 = ADVANCED_FACE ( 'NONE', ( #1974 ), #156, .F. ) ;
#1255 = CARTESIAN_POINT ( 'NONE',  ( 0.000000000000000000, 21.20000000000000284, 0.000000000000000000 ) ) ;
#1256 = CYLINDRICAL_SURFACE ( 'NONE', #2911, 3.575000000000000178 ) ;
#1257 = VERTEX_POINT ( 'NONE', #2772 ) ;
#1258 =( NAMED_UNIT ( * ) SI_UNIT ( $, .STERADIAN. ) SOLID_ANGLE_UNIT ( ) );
#1259 = CARTESIAN_POINT ( 'NONE',  ( 7.249174752183624324E-16, 21.20000000000000284, -5.669600159872127065 ) ) ;
#1260 = PLANE ( 'NONE',  #1453 ) ;
#1261 = ORIENTED_EDGE ( 'NONE', *, *, #1653, .F. ) ;
#1262 = CARTESIAN_POINT ( 'NONE',  ( -7.304932534758198592, 27.84877104863627650, 0.000000000000000000 ) ) ;
#1263 = TOROIDAL_SURFACE ( 'NONE', #2418, 0.9999999999999997780, 0.5000000000000000000 ) ;
#1264 = CARTESIAN_POINT ( 'NONE',  ( -2.439847181069531246, 1.206713126527464874, 2.124060719683867227 ) ) ;
#1265 = DIRECTION ( 'NONE',  ( 0.000000000000000000, -0.000000000000000000, -1.000000000000000000 ) ) ;
#1266 = FACE_OUTER_BOUND ( 'NONE', #1913, .T. ) ;
#1267 = EDGE_LOOP ( 'NONE', ( #3109, #180, #3322, #746 ) ) ;
#1268 = CARTESIAN_POINT ( 'NONE',  ( -5.322790921487675853, 35.73885485821556784, -0.8756770667147745213 ) ) ;
#1269 = CARTESIAN_POINT ( 'NONE',  ( 3.396616719982305188, 36.19999999999999574, 2.892918286449408072 ) ) ;
#1270 = ORIENTED_EDGE ( 'NONE', *, *, #1794, .T. ) ;
#1271 = DIRECTION ( 'NONE',  ( 0.000000000000000000, 0.000000000000000000, -1.000000000000000000 ) ) ;
#1272 = CARTESIAN_POINT ( 'NONE',  ( 4.678004094798303036, 36.20000000000000284, -0.8396535887812095478 ) ) ;
#1273 = EDGE_CURVE ( 'NONE', #2994, #601, #1396, .T. ) ;
#1274 = CARTESIAN_POINT ( 'NONE',  ( -5.922907267361534167, 29.56005097731180697, -0.8839287657736933923 ) ) ;
#1275 = EDGE_LOOP ( 'NONE', ( #1574, #501, #1538, #3361 ) ) ;
#1276 = CARTESIAN_POINT ( 'NONE',  ( -2.134020449948540232, 1.107898174753727316, 2.653768156298129899 ) ) ;
#1277 = CARTESIAN_POINT ( 'NONE',  ( 3.107500827395367704, 36.20000000000000284, 4.388667662221599208 ) ) ;
#1278 = ORIENTED_EDGE ( 'NONE', *, *, #3085, .F. ) ;
#1279 = EDGE_LOOP ( 'NONE', ( #1976, #1457, #2213, #717 ) ) ;
#1280 = CARTESIAN_POINT ( 'NONE',  ( 0.000000000000000000, 16.20000000000000284, 0.000000000000000000 ) ) ;
#1281 = B_SPLINE_CURVE_WITH_KNOTS ( 'NONE', 3,
 ( #1463, #2488, #164, #1706, #1213, #2226, #1153, #2989, #393, #179, #1415, #2212, #3220, #929, #3005, #423, #3286, #663 ),
 .UNSPECIFIED., .F., .F.,
 ( 4, 2, 2, 2, 2, 2, 2, 2, 4 ),
 ( -0.001112577971934679017, -0.0008344746783522571584, -0.0005563713847698351913, -0.0002782680911874132242, -1.647976049913655455E-07, 0.0002779384959774304931, 0.0005560417895598525687, 0.0008341450831422724758, 0.001112248376724692383 ),
 .UNSPECIFIED. ) ;
#1282 = ORIENTED_EDGE ( 'NONE', *, *, #971, .F. ) ;
#1283 = CIRCLE ( 'NONE', #3209, 0.5000000000000004441 ) ;
#1284 = DIRECTION ( 'NONE',  ( 1.060575238724911229E-16, 0.4999999999999939493, -0.8660254037844421493 ) ) ;
#1285 = CARTESIAN_POINT ( 'NONE',  ( 0.000000000000000000, 35.74785620332212233, 0.000000000000000000 ) ) ;
#1286 = CARTESIAN_POINT ( 'NONE',  ( 0.9776071471663252410, 36.20000000000000284, 4.797171717435396943 ) ) ;
#1287 = EDGE_LOOP ( 'NONE', ( #573, #2489 ) ) ;
#1288 = CIRCLE ( 'NONE', #3103, 1.499999999999999778 ) ;
#1289 = PRODUCT_RELATED_PRODUCT_CATEGORY ( 'part', '', ( #3194 ) ) ;
#1290 = DIRECTION ( 'NONE',  ( 0.000000000000000000, 0.000000000000000000, -1.000000000000000000 ) ) ;
#1291 = EDGE_CURVE ( 'NONE', #1637, #2114, #477, .T. ) ;
#1292 = DIRECTION ( 'NONE',  ( -0.06767889178183879306, -0.9954090291002811730, -0.06767889178183901511 ) ) ;
#1293 = AXIS2_PLACEMENT_3D ( 'NONE', #3137, #1036, #2329 ) ;
#1294 = FACE_OUTER_BOUND ( 'NONE', #1701, .T. ) ;
#1295 = AXIS2_PLACEMENT_3D ( 'NONE', #1641, #2702, #1156 ) ;
#1296 = LINE ( 'NONE', #745, #983 ) ;
#1297 = EDGE_LOOP ( 'NONE', ( #2424, #53, #395, #1398 ) ) ;
#1298 = ORIENTED_EDGE ( 'NONE', *, *, #1448, .T. ) ;
#1299 = CARTESIAN_POINT ( 'NONE',  ( 0.000000000000000000, 20.70000000000000284, 0.000000000000000000 ) ) ;
#1300 = ORIENTED_EDGE ( 'NONE', *, *, #1072, .F. ) ;
#1301 = CARTESIAN_POINT ( 'NONE',  ( 4.939956880105548898, 27.73292483621466431, -3.686932421305476826 ) ) ;
#1302 = CARTESIAN_POINT ( 'NONE',  ( -5.421010862427522170E-17, 16.20000000000000284, 3.636307918493141056 ) ) ;
#1303 = DIRECTION ( 'NONE',  ( 0.000000000000000000, 0.000000000000000000, 1.000000000000000000 ) ) ;
#1304 = VERTEX_POINT ( 'NONE', #3012 ) ;
#1305 = ADVANCED_FACE ( 'NONE', ( #2297 ), #1895, .T. ) ;
#1306 = VECTOR ( 'NONE', #1863, 1000.000000000000000 ) ;
#1307 = DIRECTION ( 'NONE',  ( -0.000000000000000000, 1.000000000000000000, -0.000000000000000000 ) ) ;
#1308 = CARTESIAN_POINT ( 'NONE',  ( -3.631347456173343868, 28.55304410414921179, 4.883043112716142886 ) ) ;
#1309 = CARTESIAN_POINT ( 'NONE',  ( -0.8861302811253219947, 27.63849352325904007, -6.109291422986670383 ) ) ;
#1310 = CIRCLE ( 'NONE', #453, 1.700000000000003508 ) ;
#1311 =( BOUNDED_CURVE ( )  B_SPLINE_CURVE ( 3, ( #923, #644, #1373, #2426 ),
 .UNSPECIFIED., .F., .F. ) 
 B_SPLINE_CURVE_WITH_KNOTS ( ( 4, 4 ),
 ( 2.518210232572591245, 3.764975074606995875 ),
 .UNSPECIFIED. ) 
 CURVE ( )  GEOMETRIC_REPRESENTATION_ITEM ( )  RATIONAL_B_SPLINE_CURVE ( ( 1.000000000000000000, 0.8746056661178448488, 0.8746056661178448488, 1.000000000000000000 ) ) 
 REPRESENTATION_ITEM ( '' )  );
#1312 = ADVANCED_FACE ( 'NONE', ( #3314 ), #428, .T. ) ;
#1313 = CARTESIAN_POINT ( 'NONE',  ( 0.6378034100752002500, 27.36530844987875710, 6.167217912124437262 ) ) ;
#1314 = CARTESIAN_POINT ( 'NONE',  ( -3.666174209354124969, -0.9499999999999995115, 3.252606517456513302E-15 ) ) ;
#1315 = EDGE_CURVE ( 'NONE', #2708, #1954, #1687, .T. ) ;
#1316 = ORIENTED_EDGE ( 'NONE', *, *, #473, .F. ) ;
#1317 = CIRCLE ( 'NONE', #1922, 2.000000000000000000 ) ;
#1318 = ORIENTED_EDGE ( 'NONE', *, *, #2033, .F. ) ;
#1319 = CARTESIAN_POINT ( 'NONE',  ( 0.000000000000000000, 22.80000000000000426, -5.575000000000000178 ) ) ;
#1320 = ADVANCED_FACE ( 'NONE', ( #157 ), #378, .T. ) ;
#1321 = FACE_OUTER_BOUND ( 'NONE', #287, .T. ) ;
#1322 = ORIENTED_EDGE ( 'NONE', *, *, #763, .T. ) ;
#1323 = CARTESIAN_POINT ( 'NONE',  ( 6.196732583910243619, 27.28621823196979435, 0.3701659544923574519 ) ) ;
#1324 = CARTESIAN_POINT ( 'NONE',  ( 5.922907267361535055, 29.56005097731180342, 0.8839287657736936143 ) ) ;
#1325 = CARTESIAN_POINT ( 'NONE',  ( 2.700840008817119831, 36.20000000000000284, -4.083385295012643468 ) ) ;
#1326 = ORIENTED_EDGE ( 'NONE', *, *, #2134, .T. ) ;
#1327 = EDGE_CURVE ( 'NONE', #1741, #263, #937, .T. ) ;
#1328 = DIRECTION ( 'NONE',  ( 0.9976965925094418708, 0.06783442558943679479, 0.000000000000000000 ) ) ;
#1329 = LINE ( 'NONE', #2415, #16 ) ;
#1330 = DIRECTION ( 'NONE',  ( -0.000000000000000000, -1.000000000000000000, -0.000000000000000000 ) ) ;
#1331 = CARTESIAN_POINT ( 'NONE',  ( 4.318445430364502791, 36.20000000000000284, 2.650120673675097294 ) ) ;
#1332 = CARTESIAN_POINT ( 'NONE',  ( 4.500340567775451106, 34.05580003434261016, -3.258547106632611268 ) ) ;
#1333 = VERTEX_POINT ( 'NONE', #1193 ) ;
#1334 = APPLICATION_PROTOCOL_DEFINITION ( 'draft international standard', 'automotive_design', 1998, #2151 ) ;
#1335 = B_SPLINE_CURVE_WITH_KNOTS ( 'NONE', 3,
 ( #2869, #524, #2516, #576 ),
 .UNSPECIFIED., .F., .F.,
 ( 4, 4 ),
 ( 0.005860318273239779538, 0.007724211672967957326 ),
 .UNSPECIFIED. ) ;
#1336 = ORIENTED_EDGE ( 'NONE', *, *, #244, .F. ) ;
#1337 = CARTESIAN_POINT ( 'NONE',  ( -7.304932534758198592, 27.84877104863627650, 0.000000000000000000 ) ) ;
#1338 = CARTESIAN_POINT ( 'NONE',  ( -4.083385295012690541, 36.20000000000000284, 2.700840008817048776 ) ) ;
#1339 = FACE_OUTER_BOUND ( 'NONE', #2184, .T. ) ;
#1340 = AXIS2_PLACEMENT_3D ( 'NONE', #2760, #1206, #1961 ) ;
#1341 = ORIENTED_EDGE ( 'NONE', *, *, #1969, .T. ) ;
#1342 = CARTESIAN_POINT ( 'NONE',  ( 0.000000000000000000, 1.250000000000001110, 0.000000000000000000 ) ) ;
#1343 = CARTESIAN_POINT ( 'NONE',  ( -3.520200855833227394, 30.19327585426520244, 4.769095055243448122 ) ) ;
#1344 = DIRECTION ( 'NONE',  ( 0.06767889178183830734, -0.9954090291002811730, 0.06767889178183948695 ) ) ;
#1345 = CIRCLE ( 'NONE', #1192, 0.5000000000000004441 ) ;
#1346 = CARTESIAN_POINT ( 'NONE',  ( 3.761544694715389880, 36.20000000000000284, 3.302468359869746184 ) ) ;
#1347 = LINE ( 'NONE', #2384, #2230 ) ;
#1348 = ORIENTED_EDGE ( 'NONE', *, *, #2220, .F. ) ;
#1349 = VECTOR ( 'NONE', #1654, 1000.000000000000000 ) ;
#1350 = DIRECTION ( 'NONE',  ( 0.06767889178183923715, -0.9954090291002810620, -0.06767889178183854326 ) ) ;
#1351 = CIRCLE ( 'NONE', #169, 2.000000000000000000 ) ;
#1352 = ORIENTED_EDGE ( 'NONE', *, *, #2320, .T. ) ;
#1353 = EDGE_CURVE ( 'NONE', #811, #568, #920, .T. ) ;
#1354 = CIRCLE ( 'NONE', #2274, 6.300000000000000711 ) ;
#1355 = PLANE ( 'NONE',  #1024 ) ;
#1356 = CARTESIAN_POINT ( 'NONE',  ( 0.000000000000000000, 30.20000000000000284, -3.250000000000000444 ) ) ;
#1357 = EDGE_CURVE ( 'NONE', #634, #170, #3264, .T. ) ;
#1358 = EDGE_LOOP ( 'NONE', ( #2088, #2718, #1709, #1191, #2721 ) ) ;
#1359 = CARTESIAN_POINT ( 'NONE',  ( 0.000000000000000000, 13.60000000000000320, 0.000000000000000000 ) ) ;
#1360 = FACE_OUTER_BOUND ( 'NONE', #2089, .T. ) ;
#1361 = CARTESIAN_POINT ( 'NONE',  ( -0.8780805772072445281, 34.05580003434261016, 5.486362089038657963 ) ) ;
#1362 = EDGE_CURVE ( 'NONE', #2351, #2584, #2763, .T. ) ;
#1363 = CARTESIAN_POINT ( 'NONE',  ( 3.144584363418527317, 35.73885485821556784, 4.382978747425716470 ) ) ;
#1364 = CIRCLE ( 'NONE', #2196, 1.500000000000000000 ) ;
#1365 = DIRECTION ( 'NONE',  ( -0.000000000000000000, -1.000000000000000000, -0.000000000000000000 ) ) ;
#1366 = ORIENTED_EDGE ( 'NONE', *, *, #1916, .F. ) ;
#1367 = AXIS2_PLACEMENT_3D ( 'NONE', #1001, #2536, #1776 ) ;
#1368 = CARTESIAN_POINT ( 'NONE',  ( 0.000000000000000000, 9.606327212397044235, 0.000000000000000000 ) ) ;
#1369 = CYLINDRICAL_SURFACE ( 'NONE', #1168, 5.575000000000000178 ) ;
#1370 = ORIENTED_EDGE ( 'NONE', *, *, #1034, .F. ) ;
#1371 =( GEOMETRIC_REPRESENTATION_CONTEXT ( 3 ) GLOBAL_UNCERTAINTY_ASSIGNED_CONTEXT ( ( #1570 ) ) GLOBAL_UNIT_ASSIGNED_CONTEXT ( ( #3304, #942, #1258 ) ) REPRESENTATION_CONTEXT ( 'NONE', 'WORKASPACE' ) );
#1372 = CARTESIAN_POINT ( 'NONE',  ( 0.000000000000000000, 1.249999999999997558, 0.000000000000000000 ) ) ;
#1373 = CARTESIAN_POINT ( 'NONE',  ( 3.722120605919092551, 35.75128683324494716, -3.250138609924582589 ) ) ;
#1374 = CARTESIAN_POINT ( 'NONE',  ( 2.892918286449396081, 36.20000000000000284, -3.396616719982313626 ) ) ;
#1375 = VERTEX_POINT ( 'NONE', #3057 ) ;
#1376 = B_SPLINE_CURVE_WITH_KNOTS ( 'NONE', 3,
 ( #460, #1933, #367, #876 ),
 .UNSPECIFIED., .F., .F.,
 ( 4, 4 ),
 ( 0.000000000000000000, 9.046164044265455367E-06 ),
 .UNSPECIFIED. ) ;
#1377 = CARTESIAN_POINT ( 'NONE',  ( -4.318445430364560522, 36.20000000000000284, 2.650120673675007144 ) ) ;
#1378 = EDGE_CURVE ( 'NONE', #2929, #2441, #1080, .T. ) ;
#1379 = DIRECTION ( 'NONE',  ( 1.000000000000000000, 0.000000000000000000, 0.000000000000000000 ) ) ;
#1380 = CARTESIAN_POINT ( 'NONE',  ( 0.8831015573875216074, 30.19327585426520244, 5.861417349984236580 ) ) ;
#1381 = CARTESIAN_POINT ( 'NONE',  ( -0.4635404981431028304, 27.30297748243048872, -6.188767863323334062 ) ) ;
#1382 = ORIENTED_EDGE ( 'NONE', *, *, #635, .F. ) ;
#1383 = CARTESIAN_POINT ( 'NONE',  ( -0.6297369773370748991, 35.74458789742283926, 5.141715083133791886 ) ) ;
#1384 = DIRECTION ( 'NONE',  ( 2.310243152969584339E-18, 0.9998220482235220530, -0.01886456694761350777 ) ) ;
#1385 = EDGE_LOOP ( 'NONE', ( #389, #871 ) ) ;
#1386 = APPLICATION_PROTOCOL_DEFINITION ( 'draft international standard', 'automotive_design', 1998, #1217 ) ;
#1387 = CARTESIAN_POINT ( 'NONE',  ( -0.1862181349512996853, 27.26661389279361813, 6.206870581942694365 ) ) ;
#1388 = EDGE_LOOP ( 'NONE', ( #669, #1447, #1195, #1246 ) ) ;
#1389 = CARTESIAN_POINT ( 'NONE',  ( -1.179683748676500832, 36.20000000000000284, -4.927520347313115501 ) ) ;
#1390 = CARTESIAN_POINT ( 'NONE',  ( 0.8839287657737132653, 29.56005097731180697, -5.922907267361530614 ) ) ;
#1391 = CARTESIAN_POINT ( 'NONE',  ( 5.321897203152962774, 35.74785620332212233, -0.8757777529930900196 ) ) ;
#1392 = ORIENTED_EDGE ( 'NONE', *, *, #863, .T. ) ;
#1393 = CARTESIAN_POINT ( 'NONE',  ( -2.892918286449372545, 36.19999999999999574, -3.396616719982334054 ) ) ;
#1394 = LINE ( 'NONE', #2967, #3277 ) ;
#1395 = LINE ( 'NONE', #96, #1694 ) ;
#1396 = CIRCLE ( 'NONE', #802, 4.775000000000000355 ) ;
#1397 = CARTESIAN_POINT ( 'NONE',  ( -2.132395010966545712, 1.122805500267965328, -2.656583499199548726 ) ) ;
#1398 = ORIENTED_EDGE ( 'NONE', *, *, #743, .F. ) ;
#1399 = CARTESIAN_POINT ( 'NONE',  ( 0.6297369773369690948, 35.74458789742284637, 5.141715083133804320 ) ) ;
#1400 = EDGE_CURVE ( 'NONE', #883, #1637, #1283, .T. ) ;
#1401 = DIRECTION ( 'NONE',  ( 0.000000000000000000, 0.000000000000000000, -1.000000000000000000 ) ) ;
#1402 = VERTEX_POINT ( 'NONE', #2314 ) ;
#1403 = SHAPE_REPRESENTATION ( 'Borne_4mm', ( #3296 ), #1371 ) ;
#1404 = ITEM_DEFINED_TRANSFORMATION ( 'NONE', 'NONE', #2576,  #3296 ) ;
#1405 = CARTESIAN_POINT ( 'NONE',  ( -6.841488316810096423E-14, 35.74785620332212943, 5.038486898352755539 ) ) ;
#1406 = EDGE_LOOP ( 'NONE', ( #3097, #1697, #595, #2655 ) ) ;
#1407 = ADVANCED_FACE ( 'NONE', ( #495 ), #239, .F. ) ;
#1408 = FACE_OUTER_BOUND ( 'NONE', #739, .T. ) ;
#1409 = CARTESIAN_POINT ( 'NONE',  ( 5.322499181287167147, 35.74185609686031739, -0.8756726926745551642 ) ) ;
#1410 = CARTESIAN_POINT ( 'NONE',  ( -6.100131925573418989, 27.73292483621466431, 0.8860220918101026077 ) ) ;
#1411 = VERTEX_POINT ( 'NONE', #1522 ) ;
#1412 = DIRECTION ( 'NONE',  ( 0.000000000000000000, 0.000000000000000000, -1.000000000000000000 ) ) ;
#1413 = DIRECTION ( 'NONE',  ( 0.000000000000000000, 1.000000000000000000, 0.000000000000000000 ) ) ;
#1414 = CARTESIAN_POINT ( 'NONE',  ( -6.167217912124432821, 27.36530844987876421, 0.6378034100752647539 ) ) ;
#1415 = CARTESIAN_POINT ( 'NONE',  ( -4.520503038172957844, 27.26660549139022649, 4.257344779072917085 ) ) ;
#1416 = ORIENTED_EDGE ( 'NONE', *, *, #2010, .F. ) ;
#1417 = CARTESIAN_POINT ( 'NONE',  ( 0.000000000000000000, 35.70000000000000284, 0.000000000000000000 ) ) ;
#1418 = B_SPLINE_CURVE_WITH_KNOTS ( 'NONE', 3,
 ( #1491, #1231, #2510, #1733, #2795, #2529 ),
 .UNSPECIFIED., .F., .F.,
 ( 4, 2, 4 ),
 ( -5.527337459319638936E-06, 0.0003793000264230797112, 0.0007641273903054789877 ),
 .UNSPECIFIED. ) ;
#1419 = EDGE_LOOP ( 'NONE', ( #822, #3006, #1607, #618 ) ) ;
#1420 = B_SPLINE_CURVE_WITH_KNOTS ( 'NONE', 3,
 ( #3243, #68, #1106, #2904 ),
 .UNSPECIFIED., .F., .F.,
 ( 4, 4 ),
 ( 0.000000000000000000, 9.046164044237515138E-06 ),
 .UNSPECIFIED. ) ;
#1421 = EDGE_CURVE ( 'NONE', #2321, #1741, #2874, .T. ) ;
#1422 = AXIS2_PLACEMENT_3D ( 'NONE', #1285, #1598, #1612 ) ;
#1423 = VERTEX_POINT ( 'NONE', #1319 ) ;
#1424 = AXIS2_PLACEMENT_3D ( 'NONE', #3036, #694, #1723 ) ;
#1425 = DIRECTION ( 'NONE',  ( -1.000000000000000000, 0.000000000000000000, 0.000000000000000000 ) ) ;
#1426 = CARTESIAN_POINT ( 'NONE',  ( -1.833087104677060486, -0.9499999999999995115, -3.175000000000001599 ) ) ;
#1427 = CARTESIAN_POINT ( 'NONE',  ( -5.038486898352755539, 35.74785620332212943, 0.000000000000000000 ) ) ;
#1428 = ORIENTED_EDGE ( 'NONE', *, *, #3345, .T. ) ;
#1429 = CARTESIAN_POINT ( 'NONE',  ( -3.785791999661285434, 35.74785620332212943, 3.339704505828324343 ) ) ;
#1430 = CARTESIAN_POINT ( 'NONE',  ( 0.000000000000000000, 0.000000000000000000, -3.575000000000000178 ) ) ;
#1431 = DIRECTION ( 'NONE',  ( -0.000000000000000000, 1.000000000000000000, -0.000000000000000000 ) ) ;
#1432 = CARTESIAN_POINT ( 'NONE',  ( -5.811818991107776888, 27.70520243866988608, 0.000000000000000000 ) ) ;
#1433 = ADVANCED_FACE ( 'NONE', ( #1795 ), #1814, .F. ) ;
#1434 = EDGE_LOOP ( 'NONE', ( #930, #2421, #1999, #1442 ) ) ;
#1435 = CARTESIAN_POINT ( 'NONE',  ( 2.449293598294706414E-16, -1.249999999999999334, -2.000000000000000000 ) ) ;
#1436 = ORIENTED_EDGE ( 'NONE', *, *, #2695, .F. ) ;
#1437 = APPLICATION_PROTOCOL_DEFINITION ( 'draft international standard', 'automotive_design', 1998, #2325 ) ;
#1438 = ORIENTED_EDGE ( 'NONE', *, *, #2885, .T. ) ;
#1439 = CARTESIAN_POINT ( 'NONE',  ( 0.8757062175542653648, 35.74485703477443366, 5.322201235360196847 ) ) ;
#1440 = CARTESIAN_POINT ( 'NONE',  ( -3.980986725255569958, 45.26842905789119698, -3.980986725255583725 ) ) ;
#1441 = EDGE_CURVE ( 'NONE', #2232, #140, #152, .T. ) ;
#1442 = ORIENTED_EDGE ( 'NONE', *, *, #1467, .F. ) ;
#1443 = CARTESIAN_POINT ( 'NONE',  ( -5.105395679652866114, 36.20000000000000284, -0.6492191854313388300 ) ) ;
#1444 = CARTESIAN_POINT ( 'NONE',  ( -4.231290173657958675, 36.15561510594510963, -2.909811987513291065 ) ) ;
#1445 = CARTESIAN_POINT ( 'NONE',  ( 4.382582389122463340, 35.74485703477443366, 3.144146779602764674 ) ) ;
#1446 = CARTESIAN_POINT ( 'NONE',  ( -3.686932421305494145, 27.73292483621466431, -4.939956880105535575 ) ) ;
#1447 = ORIENTED_EDGE ( 'NONE', *, *, #25, .F. ) ;
#1448 = EDGE_CURVE ( 'NONE', #140, #1046, #3099, .T. ) ;
#1449 = CARTESIAN_POINT ( 'NONE',  ( 4.382769363038080179, 35.74185609686031739, -3.144381164857918964 ) ) ;
#1450 = CIRCLE ( 'NONE', #1952, 0.4999999999999995559 ) ;
#1451 = ORIENTED_EDGE ( 'NONE', *, *, #2645, .F. ) ;
#1452 = ORIENTED_EDGE ( 'NONE', *, *, #2176, .F. ) ;
#1453 = AXIS2_PLACEMENT_3D ( 'NONE', #1998, #2564, #723 ) ;
#1454 = DIRECTION ( 'NONE',  ( -1.000000000000000000, -0.000000000000000000, -0.000000000000000000 ) ) ;
#1455 = CYLINDRICAL_SURFACE ( 'NONE', #3122, 1.499999999999999778 ) ;
#1456 = EDGE_CURVE ( 'NONE', #1682, #1660, #2003, .T. ) ;
#1457 = ORIENTED_EDGE ( 'NONE', *, *, #2051, .T. ) ;
#1458 = DIRECTION ( 'NONE',  ( -0.000000000000000000, -1.000000000000000000, -0.000000000000000000 ) ) ;
#1459 = EDGE_CURVE ( 'NONE', #2703, #2734, #596, .T. ) ;
#1460 = CARTESIAN_POINT ( 'NONE',  ( -4.083385295012653238, 36.20000000000000284, -2.700840008817105176 ) ) ;
#1461 = CARTESIAN_POINT ( 'NONE',  ( 4.927520347313112836, 36.20000000000000284, 1.179683748676520372 ) ) ;
#1462 = EDGE_CURVE ( 'NONE', #3362, #1216, #1317, .T. ) ;
#1463 = CARTESIAN_POINT ( 'NONE',  ( -3.686932421305562535, 27.73292483621466076, 4.939956880105484949 ) ) ;
#1464 = VERTEX_POINT ( 'NONE', #2056 ) ;
#1465 = DIRECTION ( 'NONE',  ( 0.000000000000000000, 0.000000000000000000, 1.000000000000000000 ) ) ;
#1466 = CARTESIAN_POINT ( 'NONE',  ( 0.6184265416886481903, 35.74475617435510344, 5.136400120957507198 ) ) ;
#1467 = EDGE_CURVE ( 'NONE', #2441, #2929, #2472, .T. ) ;
#1468 = FACE_OUTER_BOUND ( 'NONE', #154, .T. ) ;
#1469 = EDGE_CURVE ( 'NONE', #341, #98, #490, .T. ) ;
#1470 = ORIENTED_EDGE ( 'NONE', *, *, #707, .F. ) ;
#1471 = VECTOR ( 'NONE', #2639, 999.9999999999998863 ) ;
#1472 = AXIS2_PLACEMENT_3D ( 'NONE', #1152, #3237, #1672 ) ;
#1473 = CARTESIAN_POINT ( 'NONE',  ( 0.000000000000000000, 22.80000000000000426, 0.000000000000000000 ) ) ;
#1474 = ORIENTED_EDGE ( 'NONE', *, *, #3299, .F. ) ;
#1475 = VECTOR ( 'NONE', #2820, 1000.000000000000000 ) ;
#1476 = DIRECTION ( 'NONE',  ( 0.000000000000000000, 0.000000000000000000, 1.000000000000000000 ) ) ;
#1477 = CARTESIAN_POINT ( 'NONE',  ( -0.6184265416887646527, 35.74475617435509633, 5.136400120957500093 ) ) ;
#1478 = CARTESIAN_POINT ( 'NONE',  ( 5.329426084533427144, 35.73864478242503395, 0.8847628115073904453 ) ) ;
#1479 = DIRECTION ( 'NONE',  ( 0.000000000000000000, 1.000000000000000000, 0.000000000000000000 ) ) ;
#1480 = AXIS2_PLACEMENT_3D ( 'NONE', #790, #333, #1602 ) ;
#1481 = EDGE_LOOP ( 'NONE', ( #686, #803, #886, #2382 ) ) ;
#1482 = DIRECTION ( 'NONE',  ( 0.000000000000000000, 0.000000000000000000, 1.000000000000000000 ) ) ;
#1483 = LINE ( 'NONE', #1497, #289 ) ;
#1484 = ORIENTED_EDGE ( 'NONE', *, *, #757, .F. ) ;
#1485 = B_SPLINE_CURVE_WITH_KNOTS ( 'NONE', 3,
 ( #317, #2365, #578, #2120, #1313, #1884, #2066, #593, #3117, #828 ),
 .UNSPECIFIED., .F., .F.,
 ( 4, 2, 2, 2, 4 ),
 ( -0.001112577971934676849, -0.0008344334789510076365, -0.0005562889859673385328, -0.0002781444929836692122, 2.168404344971008868E-19 ),
 .UNSPECIFIED. ) ;
#1486 = CARTESIAN_POINT ( 'NONE',  ( 0.000000000000000000, 35.70000000000000284, 0.000000000000000000 ) ) ;
#1487 = PRESENTATION_STYLE_ASSIGNMENT (( #463 ) ) ;
#1488 = VERTEX_POINT ( 'NONE', #3107 ) ;
#1489 = CARTESIAN_POINT ( 'NONE',  ( -6.188872055578800158, 27.30269219125776559, -0.4626302013409111513 ) ) ;
#1490 = CARTESIAN_POINT ( 'NONE',  ( -4.382978747425727128, 35.73885485821556784, 3.144584363418512218 ) ) ;
#1491 = CARTESIAN_POINT ( 'NONE',  ( 4.083385295012671889, 36.20000000000000284, -2.700840008817076754 ) ) ;
#1492 = CARTESIAN_POINT ( 'NONE',  ( -5.404592781530322299, 34.89732906525181022, -0.8769035162245818471 ) ) ;
#1493 = VERTEX_POINT ( 'NONE', #2594 ) ;
#1494 = DIRECTION ( 'NONE',  ( 0.000000000000000000, 0.000000000000000000, 1.000000000000000000 ) ) ;
#1495 = CARTESIAN_POINT ( 'NONE',  ( -1.833087104677059154, 0.9499999999999995115, 3.175000000000002487 ) ) ;
#1496 = ADVANCED_FACE ( 'NONE', ( #1040 ), #1742, .T. ) ;
#1497 = CARTESIAN_POINT ( 'NONE',  ( -0.8000000000000000444, 0.04397163297420458861, -3.484339966191588811 ) ) ;
#1498 = AXIS2_PLACEMENT_3D ( 'NONE', #2146, #3197, #851 ) ;
#1499 = DIRECTION ( 'NONE',  ( 0.000000000000000000, 0.000000000000000000, -1.000000000000000000 ) ) ;
#1500 = ORIENTED_EDGE ( 'NONE', *, *, #1823, .T. ) ;
#1501 = DIRECTION ( 'NONE',  ( 1.172138924355798865E-17, -0.9954090291002810620, 0.09571240664425757771 ) ) ;
#1502 =( LENGTH_UNIT ( ) NAMED_UNIT ( * ) SI_UNIT ( .MILLI., .METRE. ) );
#1503 = VECTOR ( 'NONE', #2766, 1000.000000000000000 ) ;
#1504 = EDGE_CURVE ( 'NONE', #1875, #1181, #249, .T. ) ;
#1505 = EDGE_LOOP ( 'NONE', ( #3211, #2646, #3177, #654 ) ) ;
#1506 =( BOUNDED_CURVE ( )  B_SPLINE_CURVE ( 3, ( #404, #1393, #897, #2467 ),
 .UNSPECIFIED., .F., .T. ) 
 B_SPLINE_CURVE_WITH_KNOTS ( ( 4, 4 ),
 ( 2.630874857590355997, 3.652310449589230235 ),
 .UNSPECIFIED. ) 
 CURVE ( )  GEOMETRIC_REPRESENTATION_ITEM ( )  RATIONAL_B_SPLINE_CURVE ( ( 1.000000000000000000, 0.9149292474456451885, 0.9149292474456451885, 1.000000000000000000 ) ) 
 REPRESENTATION_ITEM ( '' )  );
#1507 = DIRECTION ( 'NONE',  ( 0.000000000000000000, 1.000000000000000000, 0.000000000000000000 ) ) ;
#1508 = CARTESIAN_POINT ( 'NONE',  ( 3.686932421305528784, 27.73292483621466431, -4.939956880105509818 ) ) ;
#1509 = CARTESIAN_POINT ( 'NONE',  ( -6.188767863323334950, 27.30297748243049227, 0.4635404981431238136 ) ) ;
#1510 = CARTESIAN_POINT ( 'NONE',  ( -4.511942011531160368, 33.89034295923231355, -3.269737675643832109 ) ) ;
#1511 = ORIENTED_EDGE ( 'NONE', *, *, #554, .F. ) ;
#1512 = CARTESIAN_POINT ( 'NONE',  ( 0.8756770667147926179, 35.73885485821556784, -5.322790921487672300 ) ) ;
#1513 = EDGE_CURVE ( 'NONE', #2023, #1423, #2194, .T. ) ;
#1514 = AXIS2_PLACEMENT_3D ( 'NONE', #608, #1413, #147 ) ;
#1515 = FACE_OUTER_BOUND ( 'NONE', #2258, .T. ) ;
#1516 = CARTESIAN_POINT ( 'NONE',  ( 0.000000000000000000, -1.249999999999999334, 0.000000000000000000 ) ) ;
#1517 = CARTESIAN_POINT ( 'NONE',  ( -2.650120673675052885, 36.20000000000000284, -4.318445430364527660 ) ) ;
#1518 = ORIENTED_EDGE ( 'NONE', *, *, #267, .T. ) ;
#1519 = EDGE_LOOP ( 'NONE', ( #3225, #1261, #2145, #3093 ) ) ;
#1520 = EDGE_CURVE ( 'NONE', #399, #1464, #202, .T. ) ;
#1521 = PRODUCT_DEFINITION_CONTEXT ( 'detailed design', #2151, 'design' ) ;
#1522 = CARTESIAN_POINT ( 'NONE',  ( 0.000000000000000000, -1.249999999999997558, 3.146558967083456171 ) ) ;
#1523 = CARTESIAN_POINT ( 'NONE',  ( -2.903726902056610548, -1.233776848240156765, 1.320597474333374155 ) ) ;
#1524 = VERTEX_POINT ( 'NONE', #103 ) ;
#1525 = CIRCLE ( 'NONE', #339, 4.895770850515039463 ) ;
#1526 = CARTESIAN_POINT ( 'NONE',  ( 4.456550752847906693, 27.26320024775426631, -4.324739891591184993 ) ) ;
#1527 = CARTESIAN_POINT ( 'NONE',  ( 5.038486898352755539, 35.74785620332212943, -0.3154314918917278110 ) ) ;
#1528 = ORIENTED_EDGE ( 'NONE', *, *, #2512, .F. ) ;
#1529 = STYLED_ITEM ( 'NONE', ( #566 ), #2586 ) ;
#1530 = ORIENTED_EDGE ( 'NONE', *, *, #697, .T. ) ;
#1531 = DIRECTION ( 'NONE',  ( -0.000000000000000000, 1.000000000000000000, -0.000000000000000000 ) ) ;
#1532 = VECTOR ( 'NONE', #2438, 1000.000000000000000 ) ;
#1533 = DIRECTION ( 'NONE',  ( -0.000000000000000000, 1.000000000000000000, -0.000000000000000000 ) ) ;
#1534 = VECTOR ( 'NONE', #910, 1000.000000000000114 ) ;
#1535 = DIRECTION ( 'NONE',  ( 0.000000000000000000, 1.000000000000000000, 0.000000000000000000 ) ) ;
#1536 = CARTESIAN_POINT ( 'NONE',  ( 4.382417989080885867, 35.74785620332212233, 3.143881213173488121 ) ) ;
#1537 = EDGE_LOOP ( 'NONE', ( #403, #3078, #2496, #1484 ) ) ;
#1538 = ORIENTED_EDGE ( 'NONE', *, *, #1930, .T. ) ;
#1539 = CARTESIAN_POINT ( 'NONE',  ( -0.9344198957655890370, 36.15559694196618779, 5.049553821859621650 ) ) ;
#1540 = CARTESIAN_POINT ( 'NONE',  ( 2.700840008817062543, 36.20000000000000284, 4.083385295012680771 ) ) ;
#1541 = ORIENTED_EDGE ( 'NONE', *, *, #415, .T. ) ;
#1542 = DIRECTION ( 'NONE',  ( -0.000000000000000000, -1.000000000000000000, -0.000000000000000000 ) ) ;
#1543 = CARTESIAN_POINT ( 'NONE',  ( 0.8000000000000000444, 1.900000000000000133, -4.424999999999999822 ) ) ;
#1544 = ADVANCED_FACE ( 'NONE', ( #2958 ), #55, .F. ) ;
#1545 = CARTESIAN_POINT ( 'NONE',  ( -4.382978747425681831, 35.73885485821559627, -3.144584363418570838 ) ) ;
#1546 = ORIENTED_EDGE ( 'NONE', *, *, #381, .F. ) ;
#1547 = CARTESIAN_POINT ( 'NONE',  ( 0.3561685780242064281, 36.19999999999999574, -4.447372853558034578 ) ) ;
#1548 = CARTESIAN_POINT ( 'NONE',  ( -3.201559782603217386, 34.89732906525181022, -4.441688628140689765 ) ) ;
#1549 = CARTESIAN_POINT ( 'NONE',  ( 0.8468460164870831308, 27.54917117990436637, -6.123869794318675730 ) ) ;
#1550 = CARTESIAN_POINT ( 'NONE',  ( -3.144146779602720265, 35.74485703477443366, -4.382582389122497091 ) ) ;
#1551 = ORIENTED_EDGE ( 'NONE', *, *, #2181, .T. ) ;
#1552 = ORIENTED_EDGE ( 'NONE', *, *, #325, .F. ) ;
#1553 = DIRECTION ( 'NONE',  ( 0.000000000000000000, 0.000000000000000000, 1.000000000000000000 ) ) ;
#1554 = EDGE_CURVE ( 'NONE', #1954, #2965, #2370, .T. ) ;
#1555 = FILL_AREA_STYLE ('',( #531 ) ) ;
#1556 = ORIENTED_EDGE ( 'NONE', *, *, #3007, .F. ) ;
#1557 = AXIS2_PLACEMENT_3D ( 'NONE', #4, #2859, #1004 ) ;
#1558 = FACE_OUTER_BOUND ( 'NONE', #1832, .T. ) ;
#1559 = PLANE ( 'NONE',  #132 ) ;
#1560 =( NAMED_UNIT ( * ) SI_UNIT ( $, .STERADIAN. ) SOLID_ANGLE_UNIT ( ) );
#1561 = EDGE_CURVE ( 'NONE', #1488, #1075, #2249, .T. ) ;
#1562 = ORIENTED_EDGE ( 'NONE', *, *, #875, .T. ) ;
#1563 = PRESENTATION_LAYER_ASSIGNMENT (  '', '', ( #3052 ) ) ;
#1564 = EDGE_CURVE ( 'NONE', #159, #170, #2461, .T. ) ;
#1565 = FACE_OUTER_BOUND ( 'NONE', #1960, .T. ) ;
#1566 = ADVANCED_FACE ( 'NONE', ( #1644 ), #1369, .T. ) ;
#1567 = CARTESIAN_POINT ( 'NONE',  ( 3.980102097228898231E-16, 36.20000000000000284, 3.250000000000000444 ) ) ;
#1568 = DIRECTION ( 'NONE',  ( 0.000000000000000000, 0.000000000000000000, 1.000000000000000000 ) ) ;
#1569 = CARTESIAN_POINT ( 'NONE',  ( -0.8860220918101670007, 27.73292483621466431, 6.100131925573409220 ) ) ;
#1570 = UNCERTAINTY_MEASURE_WITH_UNIT (LENGTH_MEASURE( 1.000000000000000082E-05 ), #3304, 'distance_accuracy_value', 'NONE');
#1571 = ADVANCED_FACE ( 'NONE', ( #3227 ), #458, .T. ) ;
#1572 = CARTESIAN_POINT ( 'NONE',  ( -3.143881213173502776, 35.74785620332212233, 4.382417989080876097 ) ) ;
#1573 = VERTEX_POINT ( 'NONE', #1927 ) ;
#1574 = ORIENTED_EDGE ( 'NONE', *, *, #3039, .F. ) ;
#1575 = DIRECTION ( 'NONE',  ( 1.000000000000000000, 0.000000000000000000, 0.000000000000000000 ) ) ;
#1576 = DIRECTION ( 'NONE',  ( 0.000000000000000000, 0.000000000000000000, -1.000000000000000000 ) ) ;
#1577 = CARTESIAN_POINT ( 'NONE',  ( 4.939956880105548898, 27.73292483621466431, -3.686932421305476826 ) ) ;
#1578 = ORIENTED_EDGE ( 'NONE', *, *, #743, .T. ) ;
#1579 = CARTESIAN_POINT ( 'NONE',  ( 6.123987860075997602, 27.54858534291021854, -0.8463804184799651464 ) ) ;
#1580 = CARTESIAN_POINT ( 'NONE',  ( -5.322790921487675853, 35.73885485821556784, -0.8756770667147745213 ) ) ;
#1581 =( NAMED_UNIT ( * ) PLANE_ANGLE_UNIT ( ) SI_UNIT ( $, .RADIAN. ) );
#1582 = EDGE_LOOP ( 'NONE', ( #940, #1707 ) ) ;
#1583 = ADVANCED_BREP_SHAPE_REPRESENTATION ( '', ( #322, #3296 ), #1696 ) ;
#1584 = AXIS2_PLACEMENT_3D ( 'NONE', #457, #742, #1482 ) ;
#1585 = CARTESIAN_POINT ( 'NONE',  ( -3.470987982972451944E-26, -1.233579561989600393, 3.174999999999999822 ) ) ;
#1586 = CARTESIAN_POINT ( 'NONE',  ( 2.081899558550504963E-16, 0.000000000000000000, -1.700000000000003508 ) ) ;
#1587 = CARTESIAN_POINT ( 'NONE',  ( 2.131653006007723351E-14, 27.26320489190302965, -6.209307221932397702 ) ) ;
#1588 = CIRCLE ( 'NONE', #773, 5.393475365065178551 ) ;
#1589 = CARTESIAN_POINT ( 'NONE',  ( 0.6380916242236287506, 27.36537137503549388, -6.167190619095599402 ) ) ;
#1590 = CIRCLE ( 'NONE', #1424, 3.575000000000000178 ) ;
#1591 = CARTESIAN_POINT ( 'NONE',  ( 0.000000000000000000, 35.74785620332212233, 0.000000000000000000 ) ) ;
#1592 = AXIS2_PLACEMENT_3D ( 'NONE', #1014, #3374, #772 ) ;
#1593 = ORIENTED_EDGE ( 'NONE', *, *, #1818, .T. ) ;
#1594 = CARTESIAN_POINT ( 'NONE',  ( 0.000000000000000000, 35.74785620332212233, 0.000000000000000000 ) ) ;
#1595 = CARTESIAN_POINT ( 'NONE',  ( -5.629965418483690698, 45.26842905789119698, 0.000000000000000000 ) ) ;
#1596 = ORIENTED_EDGE ( 'NONE', *, *, #2737, .T. ) ;
#1597 = CARTESIAN_POINT ( 'NONE',  ( 6.100131925573418989, 27.73292483621466431, 0.8860220918101022747 ) ) ;
#1598 = DIRECTION ( 'NONE',  ( -0.000000000000000000, -1.000000000000000000, -0.000000000000000000 ) ) ;
#1599 = CARTESIAN_POINT ( 'NONE',  ( 0.3561685780241445332, 36.19999999999999574, 4.447372853558039907 ) ) ;
#1600 = ORIENTED_EDGE ( 'NONE', *, *, #1695, .F. ) ;
#1601 = CARTESIAN_POINT ( 'NONE',  ( 3.144584363418527317, 35.73885485821556784, 4.382978747425716470 ) ) ;
#1602 = DIRECTION ( 'NONE',  ( 0.000000000000000000, 0.09571240664425774425, -0.9954090291002811730 ) ) ;
#1603 = CARTESIAN_POINT ( 'NONE',  ( 5.165367331437712650, 27.84877104863627295, 5.165367331437802356 ) ) ;
#1604 = APPLICATION_CONTEXT ( 'automotive_design' ) ;
#1605 = CARTESIAN_POINT ( 'NONE',  ( 0.8861303355604894794, 27.63844601043106053, -6.109296031559937390 ) ) ;
#1606 = LINE ( 'NONE', #1904, #870 ) ;
#1607 = ORIENTED_EDGE ( 'NONE', *, *, #1459, .F. ) ;
#1608 = CARTESIAN_POINT ( 'NONE',  ( 0.000000000000000000, 0.000000000000000000, 0.000000000000000000 ) ) ;
#1609 = CARTESIAN_POINT ( 'NONE',  ( 0.000000000000000000, 22.80000000000000426, 0.000000000000000000 ) ) ;
#1610 = ORIENTED_EDGE ( 'NONE', *, *, #451, .F. ) ;
#1611 = CARTESIAN_POINT ( 'NONE',  ( 0.6297369773370401491, 35.74458789742287479, -5.141715083133793662 ) ) ;
#1612 = DIRECTION ( 'NONE',  ( 0.000000000000000000, 0.000000000000000000, 1.000000000000000000 ) ) ;
#1613 = EDGE_CURVE ( 'NONE', #1637, #2742, #1914, .T. ) ;
#1614 = SURFACE_STYLE_USAGE ( .BOTH. , #586 ) ;
#1615 = AXIS2_PLACEMENT_3D ( 'NONE', #259, #75, #106 ) ;
#1616 = EDGE_LOOP ( 'NONE', ( #2405, #3048, #1765, #548 ) ) ;
#1617 = CARTESIAN_POINT ( 'NONE',  ( -3.150992617226955339, 36.20000000000000284, 4.069127194217688981 ) ) ;
#1618 = CARTESIAN_POINT ( 'NONE',  ( 0.000000000000000000, 35.70000000000000284, 0.000000000000000000 ) ) ;
#1619 = CARTESIAN_POINT ( 'NONE',  ( -0.8769035162246394677, 34.89732906525181022, 5.404592781530311640 ) ) ;
#1620 = CARTESIAN_POINT ( 'NONE',  ( 0.7207319163024229480, 27.41193880594817145, -6.153274919527680353 ) ) ;
#1621 = VECTOR ( 'NONE', #2054, 1000.000000000000000 ) ;
#1622 = CARTESIAN_POINT ( 'NONE',  ( 4.813159917454873593, 29.56005097731180697, -3.563095868725969506 ) ) ;
#1623 = APPLICATION_CONTEXT ( 'automotive_design' ) ;
#1624 = ORIENTED_EDGE ( 'NONE', *, *, #1315, .T. ) ;
#1625 = DIRECTION ( 'NONE',  ( -0.000000000000000000, 1.000000000000000000, -0.000000000000000000 ) ) ;
#1626 = PRODUCT_DEFINITION_CONTEXT ( 'detailed design', #3077, 'design' ) ;
#1627 = EDGE_LOOP ( 'NONE', ( #890, #2410, #1428, #967 ) ) ;
#1628 = ADVANCED_FACE ( 'NONE', ( #2924, #439 ), #3175, .T. ) ;
#1629 = DIRECTION ( 'NONE',  ( -1.002534245082572405E-15, -0.9954090291002810620, 0.09571240664425756384 ) ) ;
#1630 = CARTESIAN_POINT ( 'NONE',  ( 0.000000000000000000, 16.20000000000000284, 0.000000000000000000 ) ) ;
#1631 = DIRECTION ( 'NONE',  ( -0.000000000000000000, -1.000000000000000000, -0.000000000000000000 ) ) ;
#1632 = ORIENTED_EDGE ( 'NONE', *, *, #2518, .F. ) ;
#1633 = CARTESIAN_POINT ( 'NONE',  ( 4.083385295012671889, 36.20000000000000284, -2.700840008817076754 ) ) ;
#1634 = CYLINDRICAL_SURFACE ( 'NONE', #3110, 1.499999999999999556 ) ;
#1635 = CARTESIAN_POINT ( 'NONE',  ( 0.000000000000000000, 21.20000000000000284, 5.669600159872127065 ) ) ;
#1636 = CARTESIAN_POINT ( 'NONE',  ( -0.1863215207995483069, 27.26661183537311928, -6.206869982993294954 ) ) ;
#1637 = VERTEX_POINT ( 'NONE', #88 ) ;
#1638 = DIRECTION ( 'NONE',  ( -0.000000000000000000, -1.000000000000000000, -0.000000000000000000 ) ) ;
#1639 = CIRCLE ( 'NONE', #725, 2.000000000000000000 ) ;
#1640 = AXIS2_PLACEMENT_3D ( 'NONE', #1368, #834, #2662 ) ;
#1641 = CARTESIAN_POINT ( 'NONE',  ( 0.000000000000000000, 16.20000000000000284, 0.000000000000000000 ) ) ;
#1642 = ORIENTED_EDGE ( 'NONE', *, *, #2389, .F. ) ;
#1643 = APPLICATION_PROTOCOL_DEFINITION ( 'draft international standard', 'automotive_design', 1998, #2204 ) ;
#1644 = FACE_OUTER_BOUND ( 'NONE', #1279, .T. ) ;
#1645 = CIRCLE ( 'NONE', #945, 3.146558967083455727 ) ;
#1646 = CIRCLE ( 'NONE', #729, 2.000000000000001776 ) ;
#1647 = ORIENTED_EDGE ( 'NONE', *, *, #2946, .T. ) ;
#1648 = DIRECTION ( 'NONE',  ( 0.9976965925094416487, -0.06783442558943698908, 1.467552030025603561E-17 ) ) ;
#1649 = CARTESIAN_POINT ( 'NONE',  ( 6.100131925573418989, 27.73292483621466431, -0.8860220918101024967 ) ) ;
#1650 = CARTESIAN_POINT ( 'NONE',  ( 5.049553821859630531, 36.15559694196618779, -0.9344198957655376336 ) ) ;
#1651 = ORIENTED_EDGE ( 'NONE', *, *, #2282, .F. ) ;
#1652 = CARTESIAN_POINT ( 'NONE',  ( -3.142851540447558545, 35.73864478242503395, 4.394095107964568037 ) ) ;
#1653 = EDGE_CURVE ( 'NONE', #2357, #1990, #709, .T. ) ;
#1654 = DIRECTION ( 'NONE',  ( -0.000000000000000000, -0.000000000000000000, 1.000000000000000000 ) ) ;
#1655 = CARTESIAN_POINT ( 'NONE',  ( 6.827405905246494173E-16, 22.80000000000000426, 5.575000000000000178 ) ) ;
#1656 = CARTESIAN_POINT ( 'NONE',  ( -4.703952109873640097, 27.30300118143553689, -4.048273807988007178 ) ) ;
#1657 = ORIENTED_EDGE ( 'NONE', *, *, #473, .T. ) ;
#1658 = CARTESIAN_POINT ( 'NONE',  ( -0.4205753225223459735, 36.20000000000000284, 4.540782383802614675 ) ) ;
#1659 = DIRECTION ( 'NONE',  ( 0.000000000000000000, 0.000000000000000000, -1.000000000000000000 ) ) ;
#1660 = VERTEX_POINT ( 'NONE', #2292 ) ;
#1661 = APPLICATION_PROTOCOL_DEFINITION ( 'draft international standard', 'automotive_design', 1998, #1604 ) ;
#1662 = DIRECTION ( 'NONE',  ( 0.000000000000000000, 0.000000000000000000, -1.000000000000000000 ) ) ;
#1663 = B_SPLINE_CURVE_WITH_KNOTS ( 'NONE', 3,
 ( #3205, #2679, #846, #318, #1849, #377, #3172 ),
 .UNSPECIFIED., .F., .F.,
 ( 4, 3, 4 ),
 ( 0.0005280937956277302441, 0.003000000005309309044, 0.008571680231918581486 ),
 .UNSPECIFIED. ) ;
#1664 =( BOUNDED_SURFACE ( )  B_SPLINE_SURFACE ( 3, 2, ( 
 ( #1331, #845, #2903 ),
 ( #2659, #3171, #2643 ),
 ( #2623, #1346, #301 ),
 ( #2605, #1035, #2383 ),
 ( #2399, #67, #1104 ),
 ( #2678, #1277, #3180 ) ),
 .UNSPECIFIED., .F., .F., .T. ) 
 B_SPLINE_SURFACE_WITH_KNOTS ( ( 4, 2, 4 ),
 ( 3, 3 ),
 ( 2.510729643520384524, 3.141592653589793560, 3.772455663659202596 ),
 ( 0.000000000000000000, 1.000000000000000000 ),
 .UNSPECIFIED. ) 
 GEOMETRIC_REPRESENTATION_ITEM ( )  RATIONAL_B_SPLINE_SURFACE ( (
 ( 1.000000000000000000, 0.7339242347988189641, 1.000000000000000000),
 ( 1.000000000000000000, 0.7379907051407752494, 1.000000000000000000),
 ( 1.000000000000000000, 0.7401730901096075232, 1.000000000000000000),
 ( 1.000000000000000000, 0.7401730901092340442, 1.000000000000000000),
 ( 1.000000000000000000, 0.7379907051410584673, 1.000000000000000000),
 ( 1.000000000000000000, 0.7339242347988189641, 1.000000000000000000) ) ) 
 REPRESENTATION_ITEM ( '' )  SURFACE ( )  );
#1665 = VERTEX_POINT ( 'NONE', #216 ) ;
#1666 = FACE_OUTER_BOUND ( 'NONE', #1385, .T. ) ;
#1667 = CARTESIAN_POINT ( 'NONE',  ( 3.315544805779687909, 33.21426811240092292, 4.558940869423020459 ) ) ;
#1668 = CARTESIAN_POINT ( 'NONE',  ( 4.923888029877836914, 36.19999999999999574, -0.9576561729588825012 ) ) ;
#1669 = EDGE_LOOP ( 'NONE', ( #1205, #806, #1610, #464, #2671, #561 ) ) ;
#1670 = CARTESIAN_POINT ( 'NONE',  ( -4.927520347313111948, 36.20000000000000284, 1.179683748676518595 ) ) ;
#1671 = DIRECTION ( 'NONE',  ( 0.000000000000000000, 0.000000000000000000, 1.000000000000000000 ) ) ;
#1672 = DIRECTION ( 'NONE',  ( 0.000000000000000000, 0.000000000000000000, 1.000000000000000000 ) ) ;
#1673 = AXIS2_PLACEMENT_3D ( 'NONE', #2111, #1025, #3366 ) ;
#1674 = CARTESIAN_POINT ( 'NONE',  ( -3.516333780138292564, 1.036510412143834214, -0.2595312364297455154 ) ) ;
#1675 = ORIENTED_EDGE ( 'NONE', *, *, #2017, .T. ) ;
#1676 = AXIS2_PLACEMENT_3D ( 'NONE', #316, #827, #1864 ) ;
#1677 = EDGE_CURVE ( 'NONE', #2105, #656, #1807, .T. ) ;
#1678 = FACE_OUTER_BOUND ( 'NONE', #2625, .T. ) ;
#1679 = ORIENTED_EDGE ( 'NONE', *, *, #26, .T. ) ;
#1680 = CIRCLE ( 'NONE', #1033, 2.000000000000000000 ) ;
#1681 = PRODUCT_CONTEXT ( 'NONE', #2617, 'mechanical' ) ;
#1682 = VERTEX_POINT ( 'NONE', #755 ) ;
#1683 = CARTESIAN_POINT ( 'NONE',  ( 6.943257688232722174E-16, 20.70000000000000284, -5.669600159872127065 ) ) ;
#1684 = CARTESIAN_POINT ( 'NONE',  ( 0.8860220918101228138, 27.73292483621466431, -6.100131925573414549 ) ) ;
#1685 = CARTESIAN_POINT ( 'NONE',  ( 0.8946838160720201882, 35.99423123528535484, -5.242357526023679881 ) ) ;
#1686 = ORIENTED_EDGE ( 'NONE', *, *, #1400, .F. ) ;
#1687 = B_SPLINE_CURVE_WITH_KNOTS ( 'NONE', 3,
 ( #429, #1439, #2493, #3280 ),
 .UNSPECIFIED., .F., .F.,
 ( 4, 4 ),
 ( 0.000000000000000000, 9.046164044265450285E-06 ),
 .UNSPECIFIED. ) ;
#1688 = CARTESIAN_POINT ( 'NONE',  ( -2.714123671374818247, 36.20000000000000284, 3.901573164324930065 ) ) ;
#1689 = FACE_OUTER_BOUND ( 'NONE', #2016, .T. ) ;
#1690 = DIRECTION ( 'NONE',  ( -0.000000000000000000, -1.000000000000000000, -0.000000000000000000 ) ) ;
#1691 = CARTESIAN_POINT ( 'NONE',  ( -1.833087104677060708, 0.9499999999999995115, -3.175000000000001155 ) ) ;
#1692 = ORIENTED_EDGE ( 'NONE', *, *, #740, .T. ) ;
#1693 = ORIENTED_EDGE ( 'NONE', *, *, #2585, .F. ) ;
#1694 = VECTOR ( 'NONE', #944, 1000.000000000000000 ) ;
#1695 = EDGE_CURVE ( 'NONE', #532, #1071, #1870, .T. ) ;
#1696 =( GEOMETRIC_REPRESENTATION_CONTEXT ( 3 ) GLOBAL_UNCERTAINTY_ASSIGNED_CONTEXT ( ( #3106 ) ) GLOBAL_UNIT_ASSIGNED_CONTEXT ( ( #812, #3193, #545 ) ) REPRESENTATION_CONTEXT ( 'NONE', 'WORKASPACE' ) );
#1697 = ORIENTED_EDGE ( 'NONE', *, *, #2017, .F. ) ;
#1698 = CIRCLE ( 'NONE', #627, 1.500000000000000000 ) ;
#1699 = CARTESIAN_POINT ( 'NONE',  ( 1.833087104677063151, 0.9499999999999959588, -3.175000000000001599 ) ) ;
#1700 = LINE ( 'NONE', #1164, #2690 ) ;
#1701 = EDGE_LOOP ( 'NONE', ( #137, #3347, #988, #122, #279, #2109, #2680 ) ) ;
#1702 = VECTOR ( 'NONE', #1881, 1000.000000000000000 ) ;
#1703 = CARTESIAN_POINT ( 'NONE',  ( -5.141715083133800768, 35.74458789742278952, -0.6297369773370200541 ) ) ;
#1704 = CARTESIAN_POINT ( 'NONE',  ( 0.000000000000000000, 25.80000000000000426, 0.000000000000000000 ) ) ;
#1705 = CARTESIAN_POINT ( 'NONE',  ( 3.888253587646774443E-16, 1.233579561989600171, 3.174999999999999822 ) ) ;
#1706 = CARTESIAN_POINT ( 'NONE',  ( -3.841274703852754602, 27.41215118439586007, 4.860716367141263206 ) ) ;
#1707 = ORIENTED_EDGE ( 'NONE', *, *, #3123, .T. ) ;
#1708 = CARTESIAN_POINT ( 'NONE',  ( 1.833087104677063151, 0.9499999999999959588, -3.175000000000001599 ) ) ;
#1709 = ORIENTED_EDGE ( 'NONE', *, *, #825, .F. ) ;
#1710 = ADVANCED_FACE ( 'NONE', ( #1515 ), #3116, .F. ) ;
#1711 = CARTESIAN_POINT ( 'NONE',  ( 4.339548976991078000, 35.99421414278277354, 3.074278371667727772 ) ) ;
#1712 = DIRECTION ( 'NONE',  ( -0.000000000000000000, -1.000000000000000000, -0.000000000000000000 ) ) ;
#1713 = VERTEX_POINT ( 'NONE', #2324 ) ;
#1714 = ADVANCED_FACE ( 'NONE', ( #963 ), #293, .T. ) ;
#1715 = ADVANCED_FACE ( 'NONE', ( #2260 ), #2567, .T. ) ;
#1716 = CARTESIAN_POINT ( 'NONE',  ( 0.000000000000000000, 33.25000000000000000, -3.000000000000000444 ) ) ;
#1717 = CARTESIAN_POINT ( 'NONE',  ( 5.300591571925086676, 36.20000000000000284, -0.9059217567368902380 ) ) ;
#1718 = CARTESIAN_POINT ( 'NONE',  ( -4.257344779072964158, 27.26660549139023004, -4.520503038172913435 ) ) ;
#1719 = EDGE_LOOP ( 'NONE', ( #195, #1562, #2435, #1901 ) ) ;
#1720 = CARTESIAN_POINT ( 'NONE',  ( 0.000000000000000000, 5.299999999999999822, 6.400000000000000355 ) ) ;
#1721 = CARTESIAN_POINT ( 'NONE',  ( 0.8756770667147191212, 35.73885485821556784, 5.322790921487684734 ) ) ;
#1722 = VECTOR ( 'NONE', #621, 1000.000000000000000 ) ;
#1723 = DIRECTION ( 'NONE',  ( 0.000000000000000000, 0.000000000000000000, 1.000000000000000000 ) ) ;
#1724 = VERTEX_POINT ( 'NONE', #2050 ) ;
#1725 = CARTESIAN_POINT ( 'NONE',  ( 4.375389777807733083, 35.87607265627848108, 3.132528071446166074 ) ) ;
#1726 = FACE_OUTER_BOUND ( 'NONE', #348, .T. ) ;
#1727 = CIRCLE ( 'NONE', #1295, 6.349999999999998757 ) ;
#1728 = EDGE_CURVE ( 'NONE', #2805, #1851, #2973, .T. ) ;
#1729 = ORIENTED_EDGE ( 'NONE', *, *, #2144, .T. ) ;
#1730 = AXIS2_PLACEMENT_3D ( 'NONE', #1704, #2692, #1170 ) ;
#1731 = DIRECTION ( 'NONE',  ( 0.000000000000000000, 0.000000000000000000, -1.000000000000000000 ) ) ;
#1732 = CARTESIAN_POINT ( 'NONE',  ( 3.731832010393164367, 27.54858534291021499, -4.928794677134503921 ) ) ;
#1733 = CARTESIAN_POINT ( 'NONE',  ( 4.339548976991119744, 35.99421414278277354, -3.074278371667668264 ) ) ;
#1734 = DIRECTION ( 'NONE',  ( 0.000000000000000000, 0.000000000000000000, -1.000000000000000000 ) ) ;
#1735 = ORIENTED_EDGE ( 'NONE', *, *, #124, .T. ) ;
#1736 = DIRECTION ( 'NONE',  ( 1.000000000000000000, 0.000000000000000000, -0.000000000000000000 ) ) ;
#1737 = CARTESIAN_POINT ( 'NONE',  ( -3.366866303064638188, 1.122805500267966217, 0.5184165008004534281 ) ) ;
#1738 = B_SPLINE_CURVE_WITH_KNOTS ( 'NONE', 3,
 ( #2098, #1548, #1120, #539, #1049, #843, #590 ),
 .UNSPECIFIED., .F., .F.,
 ( 4, 3, 4 ),
 ( 0.0004635204855060065261, 0.003000000009842782034, 0.008507106913800334402 ),
 .UNSPECIFIED. ) ;
#1739 = CARTESIAN_POINT ( 'NONE',  ( 5.321897203152962774, 35.74785620332212233, -0.8757777529930900196 ) ) ;
#1740 = FACE_OUTER_BOUND ( 'NONE', #1537, .T. ) ;
#1741 = VERTEX_POINT ( 'NONE', #1758 ) ;
#1742 = TOROIDAL_SURFACE ( 'NONE', #28, 5.669600159872127065, 0.5000000000000000000 ) ;
#1743 = CARTESIAN_POINT ( 'NONE',  ( 5.322499181287167147, 35.74185609686031739, 0.8756726926745546091 ) ) ;
#1744 = CIRCLE ( 'NONE', #3288, 3.000000000000000444 ) ;
#1745 = FILL_AREA_STYLE ('',( #3059 ) ) ;
#1746 = ORIENTED_EDGE ( 'NONE', *, *, #320, .T. ) ;
#1747 = PRESENTATION_LAYER_ASSIGNMENT (  '', '', ( #74 ) ) ;
#1748 = CARTESIAN_POINT ( 'NONE',  ( -6.167190619095601178, 27.36537137503548323, -0.6380916242236059910 ) ) ;
#1749 = CARTESIAN_POINT ( 'NONE',  ( 0.000000000000000000, 30.20000000000000284, -3.000000000000000444 ) ) ;
#1750 = CARTESIAN_POINT ( 'NONE',  ( 4.540782383802614675, 36.20000000000000284, -0.4205753225223035630 ) ) ;
#1751 = FACE_OUTER_BOUND ( 'NONE', #1627, .T. ) ;
#1752 = ADVANCED_FACE ( 'NONE', ( #503 ), #1215, .T. ) ;
#1753 = AXIS2_PLACEMENT_3D ( 'NONE', #1342, #2359, #2396 ) ;
#1754 = AXIS2_PLACEMENT_3D ( 'NONE', #231, #2038, #2534 ) ;
#1755 = ORIENTED_EDGE ( 'NONE', *, *, #1677, .T. ) ;
#1756 = EDGE_CURVE ( 'NONE', #904, #2910, #2818, .T. ) ;
#1757 = CARTESIAN_POINT ( 'NONE',  ( 0.8756726926745728168, 35.74185609686031739, -5.322499181287164483 ) ) ;
#1758 = CARTESIAN_POINT ( 'NONE',  ( 0.8000000000000003775, 5.299999999999999822, -4.424999999999999822 ) ) ;
#1759 = CARTESIAN_POINT ( 'NONE',  ( 3.673940397442060361E-16, 30.20000000000000284, 3.000000000000000444 ) ) ;
#1760 = ADVANCED_FACE ( 'NONE', ( #1774 ), #2275, .F. ) ;
#1761 = DIRECTION ( 'NONE',  ( 0.000000000000000000, 0.000000000000000000, -1.000000000000000000 ) ) ;
#1762 = ORIENTED_EDGE ( 'NONE', *, *, #1862, .F. ) ;
#1763 = CARTESIAN_POINT ( 'NONE',  ( 7.304932534758198592, 27.84877104863627650, 0.000000000000000000 ) ) ;
#1764 = LINE ( 'NONE', #973, #3342 ) ;
#1765 = ORIENTED_EDGE ( 'NONE', *, *, #1886, .T. ) ;
#1766 = EDGE_CURVE ( 'NONE', #1228, #1375, #2019, .T. ) ;
#1767 = CARTESIAN_POINT ( 'NONE',  ( -5.038486898352755539, 35.74785620332212943, 0.000000000000000000 ) ) ;
#1768 = FACE_OUTER_BOUND ( 'NONE', #1092, .T. ) ;
#1769 = DIRECTION ( 'NONE',  ( 0.000000000000000000, 0.000000000000000000, 1.000000000000000000 ) ) ;
#1770 = ORIENTED_EDGE ( 'NONE', *, *, #168, .F. ) ;
#1771 =( BOUNDED_SURFACE ( )  B_SPLINE_SURFACE ( 3, 2, ( 
 ( #1670, #855, #2451 ),
 ( #1897, #1150, #2947 ),
 ( #2189, #607, #446 ),
 ( #3283, #420, #2012 ),
 ( #2810, #1443, #1703 ),
 ( #701, #1995, #1196 ) ),
 .UNSPECIFIED., .F., .F., .T. ) 
 B_SPLINE_SURFACE_WITH_KNOTS ( ( 4, 2, 4 ),
 ( 3, 3 ),
 ( 2.510729643520384080, 3.141592653589793116, 3.772455663659202596 ),
 ( 0.000000000000000000, 1.000000000000000000 ),
 .UNSPECIFIED. ) 
 GEOMETRIC_REPRESENTATION_ITEM ( )  RATIONAL_B_SPLINE_SURFACE ( (
 ( 1.000000000000000000, 0.7339242347988189641, 1.000000000000000000),
 ( 1.000000000000000000, 0.7379907051409162477, 1.000000000000000000),
 ( 1.000000000000000000, 0.7401730901094208948, 1.000000000000000000),
 ( 1.000000000000000000, 0.7401730901094208948, 1.000000000000000000),
 ( 1.000000000000000000, 0.7379907051409162477, 1.000000000000000000),
 ( 1.000000000000000000, 0.7339242347988189641, 1.000000000000000000) ) ) 
 REPRESENTATION_ITEM ( '' )  SURFACE ( )  );
#1772 = EDGE_CURVE ( 'NONE', #2665, #263, #2851, .T. ) ;
#1773 = CARTESIAN_POINT ( 'NONE',  ( 3.666174209354124081, 0.9499999999999995115, -1.084202172485504237E-15 ) ) ;
#1774 = FACE_OUTER_BOUND ( 'NONE', #3173, .T. ) ;
#1775 = ADVANCED_FACE ( 'NONE', ( #1235 ), #615, .T. ) ;
#1776 = DIRECTION ( 'NONE',  ( 0.000000000000000000, -0.000000000000000000, 1.000000000000000000 ) ) ;
#1777 = AXIS2_PLACEMENT_3D ( 'NONE', #2893, #2907, #1576 ) ;
#1778 = CARTESIAN_POINT ( 'NONE',  ( -3.142851540447498593, 35.73864478242503395, -4.394095107964608893 ) ) ;
#1779 = VERTEX_POINT ( 'NONE', #1032 ) ;
#1780 = CARTESIAN_POINT ( 'NONE',  ( 0.000000000000000000, -1.249999999999999334, 0.000000000000000000 ) ) ;
#1781 = CARTESIAN_POINT ( 'NONE',  ( 5.322790921487674964, 35.73885485821556784, -0.8756770667147741882 ) ) ;
#1782 = ORIENTED_EDGE ( 'NONE', *, *, #2783, .T. ) ;
#1783 = CIRCLE ( 'NONE', #1958, 6.300000000000000711 ) ;
#1784 = CARTESIAN_POINT ( 'NONE',  ( 0.000000000000000000, 25.30000000000000426, -5.575000000000000178 ) ) ;
#1785 = CARTESIAN_POINT ( 'NONE',  ( -6.206869982993293178, 27.26661183537312283, 0.1863215207995688183 ) ) ;
#1786 = CARTESIAN_POINT ( 'NONE',  ( -0.8946838160719855493, 35.99423123528535484, -5.242357526023685210 ) ) ;
#1787 = ORIENTED_EDGE ( 'NONE', *, *, #2983, .F. ) ;
#1788 = AXIS2_PLACEMENT_3D ( 'NONE', #1119, #2152, #675 ) ;
#1789 = DIRECTION ( 'NONE',  ( 0.000000000000000000, 0.4999999999999939493, 0.8660254037844421493 ) ) ;
#1790 = CARTESIAN_POINT ( 'NONE',  ( 0.000000000000000000, 16.20000000000000284, 0.000000000000000000 ) ) ;
#1791 = CARTESIAN_POINT ( 'NONE',  ( 3.761544694715735382, 36.20000000000000284, -3.302468359869582315 ) ) ;
#1792 = CARTESIAN_POINT ( 'NONE',  ( 1.833087104677060930, -0.9499999999999995115, -3.175000000000001599 ) ) ;
#1793 = ORIENTED_EDGE ( 'NONE', *, *, #2022, .T. ) ;
#1794 = EDGE_CURVE ( 'NONE', #2048, #3244, #1335, .T. ) ;
#1795 = FACE_OUTER_BOUND ( 'NONE', #3287, .T. ) ;
#1796 = CARTESIAN_POINT ( 'NONE',  ( 2.132395010966548377, 1.122805500267965551, 2.656583499199546949 ) ) ;
#1797 = ORIENTED_EDGE ( 'NONE', *, *, #167, .T. ) ;
#1798 = AXIS2_PLACEMENT_3D ( 'NONE', #3063, #499, #2581 ) ;
#1799 = CARTESIAN_POINT ( 'NONE',  ( -4.382417989080908072, 35.74785620332212233, -3.143881213173458367 ) ) ;
#1800 = FACE_OUTER_BOUND ( 'NONE', #2374, .T. ) ;
#1801 = CARTESIAN_POINT ( 'NONE',  ( -0.8000000000000000444, 5.299999999999999822, -4.424999999999999822 ) ) ;
#1802 = EDGE_LOOP ( 'NONE', ( #380, #2825 ) ) ;
#1803 = TOROIDAL_SURFACE ( 'NONE', #1108, 0.9999999999999997780, 0.5000000000000000000 ) ;
#1804 = DIRECTION ( 'NONE',  ( -0.000000000000000000, -1.000000000000000000, -0.000000000000000000 ) ) ;
#1805 = CIRCLE ( 'NONE', #349, 3.575000000000000178 ) ;
#1806 = CARTESIAN_POINT ( 'NONE',  ( 0.000000000000000000, 36.20000000000000284, 0.000000000000000000 ) ) ;
#1807 = CIRCLE ( 'NONE', #2640, 5.393475365065178551 ) ;
#1808 = DIRECTION ( 'NONE',  ( 0.000000000000000000, 0.000000000000000000, -1.000000000000000000 ) ) ;
#1809 = EDGE_CURVE ( 'NONE', #1524, #946, #2065, .T. ) ;
#1810 = DIRECTION ( 'NONE',  ( -0.000000000000000000, 1.000000000000000000, -0.000000000000000000 ) ) ;
#1811 = ORIENTED_EDGE ( 'NONE', *, *, #588, .F. ) ;
#1812 = ORIENTED_EDGE ( 'NONE', *, *, #522, .F. ) ;
#1813 = EDGE_CURVE ( 'NONE', #1411, #2215, #896, .T. ) ;
#1814 = CYLINDRICAL_SURFACE ( 'NONE', #1557, 1.499999999999999556 ) ;
#1815 = CARTESIAN_POINT ( 'NONE',  ( 5.321897203152962774, 35.74785620332212233, 0.8757777529930896865 ) ) ;
#1816 = EDGE_CURVE ( 'NONE', #3191, #213, #1047, .T. ) ;
#1817 = EDGE_LOOP ( 'NONE', ( #1023, #2501, #2626, #2058 ) ) ;
#1818 = EDGE_CURVE ( 'NONE', #1859, #2571, #416, .T. ) ;
#1819 = CARTESIAN_POINT ( 'NONE',  ( 4.489768510602107410E-16, -0.9499999999999995115, -3.666174209354124525 ) ) ;
#1820 = FACE_BOUND ( 'NONE', #360, .T. ) ;
#1821 = CARTESIAN_POINT ( 'NONE',  ( 2.700840008817119831, 36.20000000000000284, -4.083385295012643468 ) ) ;
#1822 = ORIENTED_EDGE ( 'NONE', *, *, #2440, .T. ) ;
#1823 = EDGE_CURVE ( 'NONE', #903, #1375, #1066, .T. ) ;
#1824 = FACE_BOUND ( 'NONE', #436, .T. ) ;
#1825 = DIRECTION ( 'NONE',  ( -0.000000000000000000, -1.000000000000000000, -0.000000000000000000 ) ) ;
#1826 = CARTESIAN_POINT ( 'NONE',  ( -0.8757777529931457527, 35.74785620332212233, 5.321897203152954781 ) ) ;
#1827 = B_SPLINE_CURVE_WITH_KNOTS ( 'NONE', 3,
 ( #1314, #2367, #37, #1069, #2103, #2821, #3156, #810 ),
 .UNSPECIFIED., .F., .F.,
 ( 4, 2, 2, 4 ),
 ( 2.380740674693438112E-07, 0.001851557466009770038, 0.002777217161980919356, 0.003702876857952069542 ),
 .UNSPECIFIED. ) ;
#1828 = EDGE_CURVE ( 'NONE', #3279, #2584, #2362, .T. ) ;
#1829 = DIRECTION ( 'NONE',  ( -0.000000000000000000, 1.000000000000000000, -0.000000000000000000 ) ) ;
#1830 = CARTESIAN_POINT ( 'NONE',  ( -2.714123671375190394, 36.20000000000000284, -3.901573164325089049 ) ) ;
#1831 = ORIENTED_EDGE ( 'NONE', *, *, #908, .T. ) ;
#1832 = EDGE_LOOP ( 'NONE', ( #1693, #3090, #537 ) ) ;
#1833 =( LENGTH_UNIT ( ) NAMED_UNIT ( * ) SI_UNIT ( .MILLI., .METRE. ) );
#1834 = VECTOR ( 'NONE', #1501, 1000.000000000000227 ) ;
#1835 = CARTESIAN_POINT ( 'NONE',  ( 4.520762485004746978, 27.26662025165797232, 4.257069950853228590 ) ) ;
#1836 = EDGE_LOOP ( 'NONE', ( #1055, #356 ) ) ;
#1837 = AXIS2_PLACEMENT_3D ( 'NONE', #2118, #2950, #1121 ) ;
#1838 = CARTESIAN_POINT ( 'NONE',  ( 4.946514392939795890, 27.63843201186336529, -3.693336831678663668 ) ) ;
#1839 = DIRECTION ( 'NONE',  ( 0.000000000000000000, 0.000000000000000000, 1.000000000000000000 ) ) ;
#1840 = COLOUR_RGB ( '',0.7921568627450980005, 0.8196078431372548767, 0.9333333333333333481 ) ;
#1841 = DIRECTION ( 'NONE',  ( 0.000000000000000000, -0.000000000000000000, 1.000000000000000000 ) ) ;
#1842 = ORIENTED_EDGE ( 'NONE', *, *, #1459, .T. ) ;
#1843 = CARTESIAN_POINT ( 'NONE',  ( 0.9776071471663927426, 36.20000000000000284, -4.797171717435381844 ) ) ;
#1844 = DIRECTION ( 'NONE',  ( 1.029066600582068436E-16, 0.5421268698220952365, -0.8402966482242428814 ) ) ;
#1845 = CARTESIAN_POINT ( 'NONE',  ( -0.6378034100752449920, 27.36530844987876065, -6.167217912124433710 ) ) ;
#1846 = DIRECTION ( 'NONE',  ( 0.000000000000000000, -1.000000000000000000, -0.000000000000000000 ) ) ;
#1847 = UNCERTAINTY_MEASURE_WITH_UNIT (LENGTH_MEASURE( 1.000000000000000082E-05 ), #2612, 'distance_accuracy_value', 'NONE');
#1848 = CIRCLE ( 'NONE', #2560, 6.349999999999998757 ) ;
#1849 = CARTESIAN_POINT ( 'NONE',  ( -0.8808280738885390093, 32.04181550095518105, -5.682009653325267529 ) ) ;
#1850 = AXIS2_PLACEMENT_3D ( 'NONE', #2764, #2414, #113 ) ;
#1851 = VERTEX_POINT ( 'NONE', #1567 ) ;
#1852 = DIRECTION ( 'NONE',  ( 0.000000000000000000, 0.000000000000000000, 1.000000000000000000 ) ) ;
#1853 = DIRECTION ( 'NONE',  ( 0.000000000000000000, 0.000000000000000000, 1.000000000000000000 ) ) ;
#1854 = CARTESIAN_POINT ( 'NONE',  ( 3.516333780138293452, 1.036510412143833326, 0.2595312364297472918 ) ) ;
#1855 = ORIENTED_EDGE ( 'NONE', *, *, #2220, .T. ) ;
#1856 = CARTESIAN_POINT ( 'NONE',  ( 6.206875715798094717, 27.26660549139023360, 0.1860809895348079779 ) ) ;
#1857 = DIRECTION ( 'NONE',  ( -1.000000000000000000, 0.000000000000000000, 2.365849761790802036E-16 ) ) ;
#1858 = PRESENTATION_STYLE_ASSIGNMENT (( #1614 ) ) ;
#1859 = VERTEX_POINT ( 'NONE', #13 ) ;
#1860 = CIRCLE ( 'NONE', #3235, 6.169200639233021199 ) ;
#1861 = CARTESIAN_POINT ( 'NONE',  ( 0.000000000000000000, 33.25000000000000000, 0.000000000000000000 ) ) ;
#1862 = EDGE_CURVE ( 'NONE', #2507, #1896, #1646, .T. ) ;
#1863 = DIRECTION ( 'NONE',  ( -0.000000000000000000, -1.000000000000000000, -0.000000000000000000 ) ) ;
#1864 = DIRECTION ( 'NONE',  ( 0.000000000000000000, 0.000000000000000000, -1.000000000000000000 ) ) ;
#1865 = CONICAL_SURFACE ( 'NONE', #1160, 5.575000000000000178, 0.9978301839061879397 ) ;
#1866 = CARTESIAN_POINT ( 'NONE',  ( 2.131653006007723351E-14, 27.26320489190302965, -6.209307221932397702 ) ) ;
#1867 = CIRCLE ( 'NONE', #408, 3.146558967083456171 ) ;
#1868 = CARTESIAN_POINT ( 'NONE',  ( -5.897075759090393148E-14, 45.26842905789119698, 5.629965418483690698 ) ) ;
#1869 = TOROIDAL_SURFACE ( 'NONE', #2082, 4.895770850515039463, 0.5000000000000000000 ) ;
#1870 = B_SPLINE_CURVE_WITH_KNOTS ( 'NONE', 3,
 ( #3050, #1737, #3087, #2800, #1264, #1276, #1219, #1495 ),
 .UNSPECIFIED., .F., .F.,
 ( 4, 2, 2, 4 ),
 ( 2.380740674735616647E-07, 0.001851557466009771990, 0.002777217161980920224, 0.003702876857952068675 ),
 .UNSPECIFIED. ) ;
#1871 = VERTEX_POINT ( 'NONE', #2135 ) ;
#1872 = EDGE_CURVE ( 'NONE', #2881, #2335, #2962, .T. ) ;
#1873 = PRODUCT_CONTEXT ( 'NONE', #2204, 'mechanical' ) ;
#1874 = DIRECTION ( 'NONE',  ( 0.9976965925094418708, 0.06783442558943683642, 0.000000000000000000 ) ) ;
#1875 = VERTEX_POINT ( 'NONE', #2397 ) ;
#1876 = CARTESIAN_POINT ( 'NONE',  ( -1.833087104677059154, 0.9499999999999995115, 3.175000000000002487 ) ) ;
#1877 = CARTESIAN_POINT ( 'NONE',  ( 5.568102219292172528, 33.21426811240092292, 0.8792137883028123824 ) ) ;
#1878 = PRODUCT_DEFINITION_SHAPE ( 'NONE', 'NONE',  #949 ) ;
#1879 = VERTEX_POINT ( 'NONE', #48 ) ;
#1880 = EDGE_CURVE ( 'NONE', #3158, #2252, #34, .T. ) ;
#1881 = DIRECTION ( 'NONE',  ( -0.000000000000000000, -1.000000000000000000, -0.000000000000000000 ) ) ;
#1882 = LINE ( 'NONE', #2604, #1306 ) ;
#1883 = CARTESIAN_POINT ( 'NONE',  ( -0.8756770667148300324, 35.73885485821556784, 5.322790921487666971 ) ) ;
#1884 = CARTESIAN_POINT ( 'NONE',  ( 0.4635404981430585325, 27.30297748243048872, 6.188767863323340279 ) ) ;
#1885 = CARTESIAN_POINT ( 'NONE',  ( -0.8757777529930719229, 35.74785620332212233, -5.321897203152966327 ) ) ;
#1886 = EDGE_CURVE ( 'NONE', #925, #921, #1329, .T. ) ;
#1887 = ORIENTED_EDGE ( 'NONE', *, *, #223, .T. ) ;
#1888 =( BOUNDED_CURVE ( )  B_SPLINE_CURVE ( 3, ( #296, #2943, #572, #604 ),
 .UNSPECIFIED., .F., .F. ) 
 B_SPLINE_CURVE_WITH_KNOTS ( ( 4, 4 ),
 ( 2.630874857590356442, 3.652310449589229790 ),
 .UNSPECIFIED. ) 
 CURVE ( )  GEOMETRIC_REPRESENTATION_ITEM ( )  RATIONAL_B_SPLINE_CURVE ( ( 1.000000000000000000, 0.9149292474456451885, 0.9149292474456451885, 1.000000000000000000 ) ) 
 REPRESENTATION_ITEM ( '' )  );
#1889 =( NAMED_UNIT ( * ) PLANE_ANGLE_UNIT ( ) SI_UNIT ( $, .RADIAN. ) );
#1890 = CARTESIAN_POINT ( 'NONE',  ( -0.8860220918101670007, 27.73292483621466431, 6.100131925573409220 ) ) ;
#1891 = ORIENTED_EDGE ( 'NONE', *, *, #623, .T. ) ;
#1892 = FACE_BOUND ( 'NONE', #1287, .T. ) ;
#1893 = CARTESIAN_POINT ( 'NONE',  ( 0.8769035162246002768, 34.89732906525181022, -5.404592781530318746 ) ) ;
#1894 = CARTESIAN_POINT ( 'NONE',  ( 3.132528071446152751, 35.87607265627848108, -4.375389777807744629 ) ) ;
#1895 = TOROIDAL_SURFACE ( 'NONE', #2725, 4.895770850515039463, 0.5000000000000000000 ) ;
#1896 = VERTEX_POINT ( 'NONE', #65 ) ;
#1897 = CARTESIAN_POINT ( 'NONE',  ( -4.678004094797738155, 36.20000000000000284, 0.8396535887816186650 ) ) ;
#1898 = DIRECTION ( 'NONE',  ( 0.000000000000000000, -0.06783442558943680867, -0.9976965925094418708 ) ) ;
#1899 = DIRECTION ( 'NONE',  ( 0.000000000000000000, 0.000000000000000000, 1.000000000000000000 ) ) ;
#1900 = CARTESIAN_POINT ( 'NONE',  ( 0.000000000000000000, 30.20000000000000284, 0.000000000000000000 ) ) ;
#1901 = ORIENTED_EDGE ( 'NONE', *, *, #868, .T. ) ;
#1902 = CARTESIAN_POINT ( 'NONE',  ( 0.6277875928326875909, 1.233579561989599283, -3.175000000000001599 ) ) ;
#1903 = CONICAL_SURFACE ( 'NONE', #387, 6.349999999999996092, 0.09585914711001297661 ) ;
#1904 = CARTESIAN_POINT ( 'NONE',  ( 0.000000000000000000, 16.20000000000000284, -6.349999999999998757 ) ) ;
#1905 = ORIENTED_EDGE ( 'NONE', *, *, #3230, .T. ) ;
#1906 = PRODUCT_DEFINITION ( 'UNKNOWN', '', #507, #340 ) ;
#1907 = CARTESIAN_POINT ( 'NONE',  ( 4.120004774696592875, 27.28621823196979435, 4.643498487868544800 ) ) ;
#1908 = ORIENTED_EDGE ( 'NONE', *, *, #1772, .T. ) ;
#1909 = ADVANCED_FACE ( 'NONE', ( #2381 ), #447, .T. ) ;
#1910 = CARTESIAN_POINT ( 'NONE',  ( 0.6274379993957168722, 1.233579561989600393, 3.174999999999999822 ) ) ;
#1911 = CARTESIAN_POINT ( 'NONE',  ( 3.258547106632595725, 34.05580003434261016, 4.500340567775463541 ) ) ;
#1912 = CARTESIAN_POINT ( 'NONE',  ( 0.9344261866130187943, 36.15561510594510963, -5.049521763310096389 ) ) ;
#1913 = EDGE_LOOP ( 'NONE', ( #2769, #1392, #759, #90 ) ) ;
#1914 = B_SPLINE_CURVE_WITH_KNOTS ( 'NONE', 3,
 ( #3246, #948, #1387, #3035, #848, #2404, #888, #338, #693, #1890 ),
 .UNSPECIFIED., .F., .F.,
 ( 4, 2, 2, 2, 4 ),
 ( 1.626303258728256651E-19, 0.0002780620941811715778, 0.0005561241883623429388, 0.0008341862825435144083, 0.001112248376724685878 ),
 .UNSPECIFIED. ) ;
#1915 = DIRECTION ( 'NONE',  ( -0.000000000000000000, -1.000000000000000000, -0.000000000000000000 ) ) ;
#1916 = EDGE_CURVE ( 'NONE', #3222, #2881, #1738, .T. ) ;
#1917 = DIRECTION ( 'NONE',  ( -0.000000000000000000, -1.000000000000000000, -0.000000000000000000 ) ) ;
#1918 = DIRECTION ( 'NONE',  ( -0.000000000000000000, -1.000000000000000000, -0.000000000000000000 ) ) ;
#1919 = CARTESIAN_POINT ( 'NONE',  ( -4.456781333201723427, 27.26320954431408339, -4.324500987357363435 ) ) ;
#1920 = B_SPLINE_CURVE_WITH_KNOTS ( 'NONE', 3,
 ( #2081, #3134, #789, #1585 ),
 .UNSPECIFIED., .F., .F.,
 ( 4, 4 ),
 ( 0.003995386356717292933, 0.005860318273239779538 ),
 .UNSPECIFIED. ) ;
#1921 = ORIENTED_EDGE ( 'NONE', *, *, #2162, .T. ) ;
#1922 = AXIS2_PLACEMENT_3D ( 'NONE', #1780, #530, #2611 ) ;
#1923 = CARTESIAN_POINT ( 'NONE',  ( -6.400000000000000355, 5.299999999999999822, 0.000000000000000000 ) ) ;
#1924 = VECTOR ( 'NONE', #3016, 1000.000000000000000 ) ;
#1925 = CARTESIAN_POINT ( 'NONE',  ( -4.382978747425727128, 35.73885485821556784, 3.144584363418512218 ) ) ;
#1926 = ORIENTED_EDGE ( 'NONE', *, *, #522, .T. ) ;
#1927 = CARTESIAN_POINT ( 'NONE',  ( -4.382978747425727128, 35.73885485821556784, 3.144584363418512218 ) ) ;
#1928 = AXIS2_PLACEMENT_3D ( 'NONE', #1609, #1126, #1662 ) ;
#1929 = ORIENTED_EDGE ( 'NONE', *, *, #451, .T. ) ;
#1930 = EDGE_CURVE ( 'NONE', #2131, #1896, #1882, .T. ) ;
#1931 = DIRECTION ( 'NONE',  ( 0.000000000000000000, -1.000000000000000000, 0.000000000000000000 ) ) ;
#1932 = DIRECTION ( 'NONE',  ( -0.000000000000000000, -1.000000000000000000, -0.000000000000000000 ) ) ;
#1933 = CARTESIAN_POINT ( 'NONE',  ( -0.8757062175543022242, 35.74485703477443366, -5.322201235360190630 ) ) ;
#1934 = EDGE_CURVE ( 'NONE', #2044, #424, #2074, .T. ) ;
#1935 = ORIENTED_EDGE ( 'NONE', *, *, #3192, .T. ) ;
#1936 = CARTESIAN_POINT ( 'NONE',  ( -3.508209678034503121, 36.20000000000000284, 2.913426352923895735 ) ) ;
#1937 = DIRECTION ( 'NONE',  ( -0.000000000000000000, 1.000000000000000000, -0.000000000000000000 ) ) ;
#1938 = DIRECTION ( 'NONE',  ( 3.341780816941908511E-16, -0.9954090291002811730, -0.09571240664425757771 ) ) ;
#1939 = CARTESIAN_POINT ( 'NONE',  ( -2.903726902056610992, 1.233776848240156543, -1.320597474333371490 ) ) ;
#1940 = ORIENTED_EDGE ( 'NONE', *, *, #2993, .F. ) ;
#1941 = CARTESIAN_POINT ( 'NONE',  ( 4.447372853558035466, 36.19999999999999574, 0.3561685780241899413 ) ) ;
#1942 = ORIENTED_EDGE ( 'NONE', *, *, #3299, .T. ) ;
#1943 = ORIENTED_EDGE ( 'NONE', *, *, #2848, .T. ) ;
#1944 = LINE ( 'NONE', #2425, #1722 ) ;
#1945 = CARTESIAN_POINT ( 'NONE',  ( 7.837739514543060920E-16, 5.299999999999999822, -6.400000000000000355 ) ) ;
#1946 = FACE_OUTER_BOUND ( 'NONE', #1113, .T. ) ;
#1947 = B_SPLINE_CURVE_WITH_KNOTS ( 'NONE', 3,
 ( #1363, #2699, #2417, #99 ),
 .UNSPECIFIED., .F., .F.,
 ( 4, 4 ),
 ( 0.000000000000000000, 9.046164044265396075E-06 ),
 .UNSPECIFIED. ) ;
#1948 = ORIENTED_EDGE ( 'NONE', *, *, #2076, .F. ) ;
#1949 = CARTESIAN_POINT ( 'NONE',  ( 0.8860220918101228138, 27.73292483621466431, -6.100131925573414549 ) ) ;
#1950 = DIRECTION ( 'NONE',  ( -1.002534245082572603E-15, -0.9954090291002811730, 0.09571240664425757771 ) ) ;
#1951 = CARTESIAN_POINT ( 'NONE',  ( 1.833087104677064483, 0.9499999999999995115, 3.174999999999999378 ) ) ;
#1952 = AXIS2_PLACEMENT_3D ( 'NONE', #1128, #1425, #891 ) ;
#1953 = CARTESIAN_POINT ( 'NONE',  ( -5.321897203152962774, 35.74785620332212233, -0.8757777529930896865 ) ) ;
#1954 = VERTEX_POINT ( 'NONE', #282 ) ;
#1955 = CARTESIAN_POINT ( 'NONE',  ( -0.8396535887816060084, 36.20000000000000284, 4.678004094797812762 ) ) ;
#1956 = TOROIDAL_SURFACE ( 'NONE', #321, 4.895770850515039463, 0.5000000000000000000 ) ;
#1957 = ORIENTED_EDGE ( 'NONE', *, *, #11, .T. ) ;
#1958 = AXIS2_PLACEMENT_3D ( 'NONE', #830, #2934, #2139 ) ;
#1959 = CIRCLE ( 'NONE', #2738, 5.393475365065178551 ) ;
#1960 = EDGE_LOOP ( 'NONE', ( #1233, #39 ) ) ;
#1961 = DIRECTION ( 'NONE',  ( 0.000000000000000000, 0.000000000000000000, 1.000000000000000000 ) ) ;
#1962 = CARTESIAN_POINT ( 'NONE',  ( 6.100131925573418989, 27.73292483621466431, 0.8860220918101022747 ) ) ;
#1963 = VERTEX_POINT ( 'NONE', #2675 ) ;
#1964 = DIRECTION ( 'NONE',  ( -0.000000000000000000, -1.000000000000000000, -0.000000000000000000 ) ) ;
#1965 = CARTESIAN_POINT ( 'NONE',  ( -6.100131925573418989, 27.73292483621466431, 0.8860220918101026077 ) ) ;
#1966 = LINE ( 'NONE', #373, #1503 ) ;
#1967 = ORIENTED_EDGE ( 'NONE', *, *, #712, .T. ) ;
#1968 = CARTESIAN_POINT ( 'NONE',  ( -5.165367331437748177, 27.84877104863627650, -5.165367331437766829 ) ) ;
#1969 = EDGE_CURVE ( 'NONE', #568, #1993, #935, .T. ) ;
#1970 = AXIS2_PLACEMENT_3D ( 'NONE', #2338, #2668, #327 ) ;
#1971 = ORIENTED_EDGE ( 'NONE', *, *, #2701, .F. ) ;
#1972 = ADVANCED_FACE ( 'NONE', ( #1360 ), #617, .F. ) ;
#1973 = AXIS2_PLACEMENT_3D ( 'NONE', #3136, #1846, #1808 ) ;
#1974 = FACE_OUTER_BOUND ( 'NONE', #1802, .T. ) ;
#1975 = CARTESIAN_POINT ( 'NONE',  ( 6.100131925573418989, 27.73292483621466431, -0.8860220918101024967 ) ) ;
#1976 = ORIENTED_EDGE ( 'NONE', *, *, #1058, .T. ) ;
#1977 = AXIS2_PLACEMENT_3D ( 'NONE', #3079, #465, #1731 ) ;
#1978 = CARTESIAN_POINT ( 'NONE',  ( 0.000000000000000000, 0.000000000000000000, 0.000000000000000000 ) ) ;
#1979 = CARTESIAN_POINT ( 'NONE',  ( 0.000000000000000000, 5.299999999999999822, 0.000000000000000000 ) ) ;
#1980 = CARTESIAN_POINT ( 'NONE',  ( 4.382978747425660515, 35.73885485821559627, 3.144584363418601480 ) ) ;
#1981 = DIRECTION ( 'NONE',  ( 0.000000000000000000, 1.000000000000000000, 0.000000000000000000 ) ) ;
#1982 = ORIENTED_EDGE ( 'NONE', *, *, #3245, .F. ) ;
#1983 = PLANE ( 'NONE',  #2758 ) ;
#1984 = CARTESIAN_POINT ( 'NONE',  ( 3.980986725255597491, 45.26842905789119698, -3.980986725255555747 ) ) ;
#1985 = B_SPLINE_CURVE_WITH_KNOTS ( 'NONE', 3,
 ( #1508, #3045, #1732, #2562, #2013, #3062, #720, #1061, #2337, #1526, #1093, #1077, #2615, #43, #2075, #2390, #1838, #1301 ),
 .UNSPECIFIED., .F., .F.,
 ( 4, 2, 2, 2, 2, 2, 2, 2, 4 ),
 ( -0.001112577971934680969, -0.0008344746783522591100, -0.0005563713847698372513, -0.0002782680911874153926, -1.647976049935339499E-07, 0.0002779384959774283247, 0.0005560417895598501834, 0.0008341450831422720421, 0.001112248376724693901 ),
 .UNSPECIFIED. ) ;
#1986 = CARTESIAN_POINT ( 'NONE',  ( 3.150992617227191595, 36.20000000000000284, -4.069127194217703192 ) ) ;
#1987 = CONTEXT_DEPENDENT_SHAPE_REPRESENTATION ( #2, #2180 ) ;
#1988 = ADVANCED_FACE ( 'NONE', ( #3219 ), #2469, .F. ) ;
#1989 = B_SPLINE_CURVE_WITH_KNOTS ( 'NONE', 3,
 ( #295, #839, #44, #1877, #2913, #1324, #2376 ),
 .UNSPECIFIED., .F., .F.,
 ( 4, 3, 4 ),
 ( 0.0004635204855060064176, 0.003000000009842789840, 0.008507106913800336137 ),
 .UNSPECIFIED. ) ;
#1990 = VERTEX_POINT ( 'NONE', #1951 ) ;
#1991 = CARTESIAN_POINT ( 'NONE',  ( 1.982927533892894445, 1.036510412143832660, -2.915468763570254307 ) ) ;
#1992 = CARTESIAN_POINT ( 'NONE',  ( 3.666174209354124525, -1.249999999999999334, -4.305185255295723459E-16 ) ) ;
#1993 = VERTEX_POINT ( 'NONE', #2968 ) ;
#1994 =( BOUNDED_SURFACE ( )  B_SPLINE_SURFACE ( 3, 2, ( 
 ( #198, #2039, #2554 ),
 ( #2262, #1986, #730 ),
 ( #217, #233, #474 ),
 ( #3341, #1791, #3088 ),
 ( #744, #3311, #2802 ),
 ( #1015, #2277, #3102 ) ),
 .UNSPECIFIED., .F., .F., .T. ) 
 B_SPLINE_SURFACE_WITH_KNOTS ( ( 4, 2, 4 ),
 ( 3, 3 ),
 ( 2.510729643520384524, 3.141592653589793116, 3.772455663659202152 ),
 ( 0.000000000000000000, 1.000000000000000000 ),
 .UNSPECIFIED. ) 
 GEOMETRIC_REPRESENTATION_ITEM ( )  RATIONAL_B_SPLINE_SURFACE ( (
 ( 1.000000000000000000, 0.7339242347988189641, 1.000000000000000000),
 ( 1.000000000000000000, 0.7379907051407770258, 1.000000000000000000),
 ( 1.000000000000000000, 0.7401730901096078563, 1.000000000000000000),
 ( 1.000000000000000000, 0.7401730901092343773, 1.000000000000000000),
 ( 1.000000000000000000, 0.7379907051410562469, 1.000000000000000000),
 ( 1.000000000000000000, 0.7339242347988191861, 1.000000000000000000) ) ) 
 REPRESENTATION_ITEM ( '' )  SURFACE ( )  );
#1995 = CARTESIAN_POINT ( 'NONE',  ( -5.300591571925087564, 36.20000000000000284, -0.9059217567368915702 ) ) ;
#1996 = CARTESIAN_POINT ( 'NONE',  ( -4.339543549418043433, 35.99423123528535484, -3.074269562693314306 ) ) ;
#1997 = CARTESIAN_POINT ( 'NONE',  ( -5.322499181287166259, 35.74185609686031739, 0.8756726926745550532 ) ) ;
#1998 = CARTESIAN_POINT ( 'NONE',  ( 0.000000000000000000, 21.20000000000000284, 0.000000000000000000 ) ) ;
#1999 = ORIENTED_EDGE ( 'NONE', *, *, #182, .T. ) ;
#2000 = DIRECTION ( 'NONE',  ( -0.000000000000000000, -1.000000000000000000, -0.000000000000000000 ) ) ;
#2001 = VECTOR ( 'NONE', #1284, 1000.000000000000000 ) ;
#2002 = DIRECTION ( 'NONE',  ( -0.000000000000000000, 1.000000000000000000, -0.000000000000000000 ) ) ;
#2003 = CIRCLE ( 'NONE', #2363, 3.575000000000000178 ) ;
#2004 = FACE_BOUND ( 'NONE', #409, .T. ) ;
#2005 = CARTESIAN_POINT ( 'NONE',  ( 0.000000000000000000, 0.000000000000000000, 0.000000000000000000 ) ) ;
#2006 = ORIENTED_EDGE ( 'NONE', *, *, #1421, .T. ) ;
#2007 = EDGE_CURVE ( 'NONE', #1071, #1963, #3022, .T. ) ;
#2008 = DIRECTION ( 'NONE',  ( 0.9954090291002811730, -0.09571240664425774425, 0.000000000000000000 ) ) ;
#2009 = CARTESIAN_POINT ( 'NONE',  ( 0.000000000000000000, 21.20000000000000284, 0.000000000000000000 ) ) ;
#2010 = EDGE_CURVE ( 'NONE', #1304, #1954, #854, .T. ) ;
#2011 = ORIENTED_EDGE ( 'NONE', *, *, #105, .T. ) ;
#2012 = CARTESIAN_POINT ( 'NONE',  ( -5.038486898352754650, 35.74785620332212943, -0.3154314918917240362 ) ) ;
#2013 = CARTESIAN_POINT ( 'NONE',  ( 3.909836722877398252, 27.36534015417104371, -4.811912932110725016 ) ) ;
#2014 = PLANE ( 'NONE',  #1798 ) ;
#2015 = CARTESIAN_POINT ( 'NONE',  ( 7.776507174585693149E-16, 0.000000000000000000, -6.300000000000000711 ) ) ;
#2016 = EDGE_LOOP ( 'NONE', ( #626, #1500, #2208, #2028 ) ) ;
#2017 = EDGE_CURVE ( 'NONE', #3329, #903, #3176, .T. ) ;
#2018 = FACE_OUTER_BOUND ( 'NONE', #3055, .T. ) ;
#2019 = LINE ( 'NONE', #3100, #628 ) ;
#2020 = DIRECTION ( 'NONE',  ( -0.000000000000000000, 1.000000000000000000, -0.000000000000000000 ) ) ;
#2021 = CARTESIAN_POINT ( 'NONE',  ( 4.083385295012671889, 36.20000000000000284, -2.700840008817076754 ) ) ;
#2022 = EDGE_CURVE ( 'NONE', #903, #1423, #631, .T. ) ;
#2023 = VERTEX_POINT ( 'NONE', #1655 ) ;
#2024 = VECTOR ( 'NONE', #489, 1000.000000000000000 ) ;
#2025 = CARTESIAN_POINT ( 'NONE',  ( 2.595534411974574240, 1.233776848240155877, -1.854402525666630330 ) ) ;
#2026 = CIRCLE ( 'NONE', #1472, 6.169200639233021199 ) ;
#2027 = CARTESIAN_POINT ( 'NONE',  ( 2.449293598294709866E-16, 20.46000000000000085, 2.000000000000001776 ) ) ;
#2028 = ORIENTED_EDGE ( 'NONE', *, *, #563, .F. ) ;
#2029 = AXIS2_PLACEMENT_3D ( 'NONE', #256, #547, #2875 ) ;
#2030 = CARTESIAN_POINT ( 'NONE',  ( -6.123869794318677506, 27.54917117990436637, -0.8468460164870598161 ) ) ;
#2031 = CARTESIAN_POINT ( 'NONE',  ( -3.132527244664394583, 35.87608199352013827, 4.375389265984898302 ) ) ;
#2032 = FACE_OUTER_BOUND ( 'NONE', #2755, .T. ) ;
#2033 = EDGE_CURVE ( 'NONE', #2970, #2556, #1860, .T. ) ;
#2034 = CARTESIAN_POINT ( 'NONE',  ( -0.8788361633549920393, 35.87608199352013827, -5.308898677262550159 ) ) ;
#2035 = CIRCLE ( 'NONE', #1054, 3.250000000000000444 ) ;
#2036 = ORIENTED_EDGE ( 'NONE', *, *, #2585, .T. ) ;
#2037 = DIRECTION ( 'NONE',  ( 0.000000000000000000, -0.4999999999999939493, -0.8660254037844421493 ) ) ;
#2038 = DIRECTION ( 'NONE',  ( -0.000000000000000000, 1.000000000000000000, -0.000000000000000000 ) ) ;
#2039 = CARTESIAN_POINT ( 'NONE',  ( 3.107500827395428544, 36.20000000000000284, -4.388667662221556576 ) ) ;
#2040 = CARTESIAN_POINT ( 'NONE',  ( -4.388667662221568122, 36.20000000000000284, -3.107500827395412557 ) ) ;
#2041 = ADVANCED_FACE ( 'NONE', ( #163 ), #2966, .T. ) ;
#2042 = VERTEX_POINT ( 'NONE', #928 ) ;
#2043 = CARTESIAN_POINT ( 'NONE',  ( 2.909839104631918527, 36.15559694196618779, 4.231308394174858378 ) ) ;
#2044 = VERTEX_POINT ( 'NONE', #2170 ) ;
#2045 = CARTESIAN_POINT ( 'NONE',  ( -0.8756770667148300324, 35.73885485821556784, 5.322790921487666971 ) ) ;
#2046 = DIRECTION ( 'NONE',  ( 0.000000000000000000, 0.000000000000000000, -1.000000000000000000 ) ) ;
#2047 = CARTESIAN_POINT ( 'NONE',  ( -4.769095055243484538, 30.19327585426520244, -3.520200855833178544 ) ) ;
#2048 = VERTEX_POINT ( 'NONE', #899 ) ;
#2049 = CARTESIAN_POINT ( 'NONE',  ( 3.144146779602750463, 35.74485703477443366, -4.382582389122473998 ) ) ;
#2050 = CARTESIAN_POINT ( 'NONE',  ( 3.144584363418586381, 35.73885485821559627, -4.382978747425672061 ) ) ;
#2051 = EDGE_CURVE ( 'NONE', #3329, #2023, #3285, .T. ) ;
#2052 = FACE_OUTER_BOUND ( 'NONE', #2267, .T. ) ;
#2053 = CIRCLE ( 'NONE', #918, 3.250000000000000444 ) ;
#2054 = DIRECTION ( 'NONE',  ( -0.000000000000000000, 1.000000000000000000, -0.000000000000000000 ) ) ;
#2055 = VERTEX_POINT ( 'NONE', #1635 ) ;
#2056 = CARTESIAN_POINT ( 'NONE',  ( -5.322790921487674964, 35.73885485821556784, 0.8756770667147741882 ) ) ;
#2057 = SURFACE_STYLE_USAGE ( .BOTH. , #2908 ) ;
#2058 = ORIENTED_EDGE ( 'NONE', *, *, #1029, .F. ) ;
#2059 = CARTESIAN_POINT ( 'NONE',  ( 0.000000000000000000, 1.250000000000001110, 0.000000000000000000 ) ) ;
#2060 = DIRECTION ( 'NONE',  ( 0.000000000000000000, -0.09571240664425774425, -0.9954090291002811730 ) ) ;
#2061 = FACE_OUTER_BOUND ( 'NONE', #831, .T. ) ;
#2062 = ORIENTED_EDGE ( 'NONE', *, *, #267, .F. ) ;
#2063 = B_SPLINE_CURVE_WITH_KNOTS ( 'NONE', 3,
 ( #1691, #1397, #650, #1939, #882, #1171, #1674, #2240 ),
 .UNSPECIFIED., .F., .F.,
 ( 4, 2, 2, 4 ),
 ( 2.380740674736284215E-07, 0.001851557466009772640, 0.002777217161980922392, 0.003702876857952071710 ),
 .UNSPECIFIED. ) ;
#2064 = DIRECTION ( 'NONE',  ( 0.000000000000000000, 0.000000000000000000, -1.000000000000000000 ) ) ;
#2065 = LINE ( 'NONE', #2883, #2630 ) ;
#2066 = CARTESIAN_POINT ( 'NONE',  ( 0.3706869574387672839, 27.28629310299666244, 6.196696324845150983 ) ) ;
#2067 = EDGE_CURVE ( 'NONE', #20, #1963, #1395, .T. ) ;
#2068 = CARTESIAN_POINT ( 'NONE',  ( -4.394095107964600011, 35.73864478242503395, -3.142851540447513248 ) ) ;
#2069 = EDGE_LOOP ( 'NONE', ( #815, #853 ) ) ;
#2070 = VERTEX_POINT ( 'NONE', #2433 ) ;
#2071 = CARTESIAN_POINT ( 'NONE',  ( 3.143881213173413069, 35.74785620332212233, 4.382417989080940046 ) ) ;
#2072 = ADVANCED_FACE ( 'NONE', ( #609 ), #1134, .T. ) ;
#2073 = ORIENTED_EDGE ( 'NONE', *, *, #977, .F. ) ;
#2074 = CIRCLE ( 'NONE', #1105, 4.895770850515039463 ) ;
#2076 = EDGE_CURVE ( 'NONE', #2556, #2970, #2026, .T. ) ;
#2075 = CARTESIAN_POINT ( 'NONE',  ( 4.860632454937828584, 27.41190509780381745, -3.841424340043627428 ) ) ;
#2077 = CARTESIAN_POINT ( 'NONE',  ( 2.436187538471296765, -1.233181647331635267, -2.130399406601557466 ) ) ;
#2078 = FILL_AREA_STYLE ('',( #2409 ) ) ;
#2079 = EDGE_LOOP ( 'NONE', ( #3351, #2062, #1811, #2862 ) ) ;
#2080 = EDGE_CURVE ( 'NONE', #399, #2782, #89, .T. ) ;
#2081 = CARTESIAN_POINT ( 'NONE',  ( 1.833087104677064483, -0.9499999999999995115, 3.174999999999999378 ) ) ;
#2082 = AXIS2_PLACEMENT_3D ( 'NONE', #692, #2243, #1494 ) ;
#2083 = DIRECTION ( 'NONE',  ( 0.000000000000000000, 0.000000000000000000, 1.000000000000000000 ) ) ;
#2084 = AXIS2_PLACEMENT_3D ( 'NONE', #1790, #3358, #2552 ) ;
#2085 = CARTESIAN_POINT ( 'NONE',  ( 0.8396535887815700372, 36.20000000000000284, 4.678004094797752366 ) ) ;
#2086 = ADVANCED_FACE ( 'NONE', ( #1768 ), #232, .T. ) ;
#2087 = CARTESIAN_POINT ( 'NONE',  ( -0.7749999999999996891, 14.90000000000000391, 3.489985673323029669 ) ) ;
#2088 = ORIENTED_EDGE ( 'NONE', *, *, #878, .F. ) ;
#2089 = EDGE_LOOP ( 'NONE', ( #2445, #476, #2247 ) ) ;
#2090 = ADVANCED_FACE ( 'NONE', ( #2302 ), #2014, .F. ) ;
#2091 = CARTESIAN_POINT ( 'NONE',  ( -0.9576561729591134275, 36.19999999999999574, 4.923888029877854677 ) ) ;
#2092 = ORIENTED_EDGE ( 'NONE', *, *, #2051, .F. ) ;
#2093 = CARTESIAN_POINT ( 'NONE',  ( 3.063073775559891132, -1.233181647331635711, 1.044600593398443911 ) ) ;
#2094 = CARTESIAN_POINT ( 'NONE',  ( 3.059414132961652655, -1.206713126527464874, -1.050939280316135482 ) ) ;
#2095 = CARTESIAN_POINT ( 'NONE',  ( 3.143881213173473910, 35.74785620332212233, -4.382417989080896525 ) ) ;
#2096 = ORIENTED_EDGE ( 'NONE', *, *, #2076, .T. ) ;
#2097 = CARTESIAN_POINT ( 'NONE',  ( 2.265596578422605566E-16, 0.000000000000000000, -1.700000000000003508 ) ) ;
#2098 = CARTESIAN_POINT ( 'NONE',  ( -3.144584363418557960, 35.73885485821556784, -4.382978747425694266 ) ) ;
#2099 = CARTESIAN_POINT ( 'NONE',  ( -0.7208111449167876605, 27.41211735449380882, -6.153245362736693203 ) ) ;
#2100 = PLANE ( 'NONE',  #1973 ) ;
#2101 =( BOUNDED_CURVE ( )  B_SPLINE_CURVE ( 3, ( #3270, #2287, #1477, #2045 ),
 .UNSPECIFIED., .F., .T. ) 
 B_SPLINE_CURVE_WITH_KNOTS ( ( 4, 4 ),
 ( 3.141592653589803330, 3.764975074606995875 ),
 .UNSPECIFIED. ) 
 CURVE ( )  GEOMETRIC_REPRESENTATION_ITEM ( )  RATIONAL_B_SPLINE_CURVE ( ( 1.000000000000000000, 0.9678775265542578499, 0.9678775265542578499, 1.000000000000000000 ) ) 
 REPRESENTATION_ITEM ( '' )  );
#2102 = B_SPLINE_CURVE_WITH_KNOTS ( 'NONE', 3,
 ( #230, #2306, #2799, #2259 ),
 .UNSPECIFIED., .F., .F.,
 ( 4, 4 ),
 ( 0.005860318273239777803, 0.007724211672967958194 ),
 .UNSPECIFIED. ) ;
#2103 = CARTESIAN_POINT ( 'NONE',  ( -2.439847181069533910, -1.206713126527466207, -2.124060719683865894 ) ) ;
#2104 = ORIENTED_EDGE ( 'NONE', *, *, #1818, .F. ) ;
#2105 = VERTEX_POINT ( 'NONE', #2256 ) ;
#2106 = AXIS2_PLACEMENT_3D ( 'NONE', #1372, #1931, #2407 ) ;
#2107 = CARTESIAN_POINT ( 'NONE',  ( 0.8000000000000000444, 0.04397163297420458861, -4.424999999999999822 ) ) ;
#2108 = DIRECTION ( 'NONE',  ( 0.9954090291002811730, -0.09571240664425774425, 0.000000000000000000 ) ) ;
#2109 = ORIENTED_EDGE ( 'NONE', *, *, #160, .F. ) ;
#2110 = ADVANCED_FACE ( 'NONE', ( #227 ), #823, .T. ) ;
#2111 = CARTESIAN_POINT ( 'NONE',  ( 0.000000000000000000, 25.80000000000000426, 0.000000000000000000 ) ) ;
#2112 = CARTESIAN_POINT ( 'NONE',  ( 0.000000000000000000, 1.249999999999997558, 0.000000000000000000 ) ) ;
#2113 = CIRCLE ( 'NONE', #2669, 1.500000000000000000 ) ;
#2114 = VERTEX_POINT ( 'NONE', #2778 ) ;
#2115 = AXIS2_PLACEMENT_3D ( 'NONE', #144, #2964, #1130 ) ;
#2116 = CARTESIAN_POINT ( 'NONE',  ( -0.9776071471663584367, 36.20000000000000284, -4.797171717435389837 ) ) ;
#2117 = CARTESIAN_POINT ( 'NONE',  ( 0.000000000000000000, 20.46000000000000085, 0.000000000000000000 ) ) ;
#2118 = CARTESIAN_POINT ( 'NONE',  ( 1.965691919696797927E-14, 45.26842905789119698, -5.629965418483690698 ) ) ;
#2119 = EDGE_CURVE ( 'NONE', #946, #2252, #1639, .T. ) ;
#2120 = CARTESIAN_POINT ( 'NONE',  ( 0.7208111449167420304, 27.41211735449380882, 6.153245362736697643 ) ) ;
#2121 = CYLINDRICAL_SURFACE ( 'NONE', #2395, 1.499999999999999778 ) ;
#2122 = ORIENTED_EDGE ( 'NONE', *, *, #2737, .F. ) ;
#2123 = SHAPE_REPRESENTATION ( '4mm_banana_socket_assembly', ( #1161, #2857, #2576, #1640, #3343 ), #454 ) ;
#2124 = CARTESIAN_POINT ( 'NONE',  ( 8.420508477259197459E-18, 10.85632721239704424, 2.564078761010285949E-16 ) ) ;
#2125 = CARTESIAN_POINT ( 'NONE',  ( 0.3168466955166200916, 35.74785620332212943, 5.038486898352754650 ) ) ;
#2126 = ADVANCED_FACE ( 'NONE', ( #2032 ), #2318, .T. ) ;
#2127 = ORIENTED_EDGE ( 'NONE', *, *, #1223, .F. ) ;
#2128 = DIRECTION ( 'NONE',  ( -0.09571240664425757771, -0.9954090291002811730, 0.000000000000000000 ) ) ;
#2129 = DIRECTION ( 'NONE',  ( 0.000000000000000000, 0.000000000000000000, 1.000000000000000000 ) ) ;
#2130 = CARTESIAN_POINT ( 'NONE',  ( -0.8000000000000000444, 0.04397163297420458861, -4.424999999999999822 ) ) ;
#2131 = VERTEX_POINT ( 'NONE', #2270 ) ;
#2132 = AXIS2_PLACEMENT_3D ( 'NONE', #1198, #1431, #135 ) ;
#2133 = DIRECTION ( 'NONE',  ( 0.000000000000000000, -1.000000000000000000, 0.000000000000000000 ) ) ;
#2134 = EDGE_CURVE ( 'NONE', #1875, #1993, #2202, .T. ) ;
#2135 = CARTESIAN_POINT ( 'NONE',  ( 2.449293598294706414E-16, 13.60000000000000320, 2.000000000000000000 ) ) ;
#2136 = CARTESIAN_POINT ( 'NONE',  ( 3.673940397442060361E-16, 33.25000000000000000, 3.000000000000000444 ) ) ;
#2137 = CARTESIAN_POINT ( 'NONE',  ( 0.09335710256975379706, 27.26320489190302609, -6.209307221932397702 ) ) ;
#2138 = AXIS2_PLACEMENT_3D ( 'NONE', #3324, #726, #33 ) ;
#2139 = DIRECTION ( 'NONE',  ( 0.000000000000000000, 0.000000000000000000, 1.000000000000000000 ) ) ;
#2140 = CIRCLE ( 'NONE', #681, 5.393475365065178551 ) ;
#2141 = ORIENTED_EDGE ( 'NONE', *, *, #364, .F. ) ;
#2142 = DIRECTION ( 'NONE',  ( 0.1884548733085491812, -2.775557561562891351E-17, 0.9820818503191364179 ) ) ;
#2143 = DIRECTION ( 'NONE',  ( 0.000000000000000000, 0.000000000000000000, 1.000000000000000000 ) ) ;
#2144 = EDGE_CURVE ( 'NONE', #674, #1464, #2819, .T. ) ;
#2145 = ORIENTED_EDGE ( 'NONE', *, *, #1022, .F. ) ;
#2146 = CARTESIAN_POINT ( 'NONE',  ( -7.651510687984895124E-14, 27.84877104863627650, 7.304932534758198592 ) ) ;
#2147 = DIRECTION ( 'NONE',  ( -0.000000000000000000, -1.000000000000000000, -0.000000000000000000 ) ) ;
#2148 = PRODUCT ( 'Borne_4mm_porca', 'Borne_4mm_porca', '', ( #1873 ) ) ;
#2149 = ORIENTED_EDGE ( 'NONE', *, *, #2514, .F. ) ;
#2150 = CARTESIAN_POINT ( 'NONE',  ( 0.000000000000000000, 34.25000000000000000, -2.000000000000005329 ) ) ;
#2151 = APPLICATION_CONTEXT ( 'automotive_design' ) ;
#2152 = DIRECTION ( 'NONE',  ( -0.000000000000000000, -1.000000000000000000, -0.000000000000000000 ) ) ;
#2153 = DIRECTION ( 'NONE',  ( -0.000000000000000000, -1.000000000000000000, -0.000000000000000000 ) ) ;
#2154 = CARTESIAN_POINT ( 'NONE',  ( -0.8860220918101670007, 27.73292483621466431, 6.100131925573409220 ) ) ;
#2155 = DIRECTION ( 'NONE',  ( 0.000000000000000000, 0.000000000000000000, 1.000000000000000000 ) ) ;
#2156 = B_SPLINE_CURVE_WITH_KNOTS ( 'NONE', 3,
 ( #492, #3344, #1550, #758 ),
 .UNSPECIFIED., .F., .F.,
 ( 4, 4 ),
 ( 0.000000000000000000, 9.046164044265375746E-06 ),
 .UNSPECIFIED. ) ;
#2157 = EDGE_CURVE ( 'NONE', #3274, #150, #1418, .T. ) ;
#2158 = CARTESIAN_POINT ( 'NONE',  ( 0.000000000000000000, 0.000000000000000000, 0.000000000000000000 ) ) ;
#2159 = ORIENTED_EDGE ( 'NONE', *, *, #2162, .F. ) ;
#2160 = DIRECTION ( 'NONE',  ( -0.09571240664425757771, -0.9954090291002810620, -0.000000000000000000 ) ) ;
#2161 = VERTEX_POINT ( 'NONE', #193 ) ;
#2162 = EDGE_CURVE ( 'NONE', #2331, #552, #2651, .T. ) ;
#2163 = FACE_OUTER_BOUND ( 'NONE', #837, .T. ) ;
#2164 = CARTESIAN_POINT ( 'NONE',  ( 0.9344198957654846760, 36.15559694196618779, 5.049553821859640301 ) ) ;
#2165 = CARTESIAN_POINT ( 'NONE',  ( 5.322790921487674964, 35.73885485821556784, -0.8756770667147741882 ) ) ;
#2166 = AXIS2_PLACEMENT_3D ( 'NONE', #1146, #2447, #3231 ) ;
#2167 = ORIENTED_EDGE ( 'NONE', *, *, #2850, .F. ) ;
#2168 = DIRECTION ( 'NONE',  ( -0.000000000000000000, -1.000000000000000000, -0.000000000000000000 ) ) ;
#2169 = LINE ( 'NONE', #1430, #1248 ) ;
#2170 = CARTESIAN_POINT ( 'NONE',  ( -4.083385295012653238, 36.20000000000000284, -2.700840008817105176 ) ) ;
#2171 = CARTESIAN_POINT ( 'NONE',  ( -0.8792137883028700029, 33.21426811240092292, 5.568102219292162758 ) ) ;
#2172 = EDGE_CURVE ( 'NONE', #20, #2161, #2856, .T. ) ;
#2173 = ORIENTED_EDGE ( 'NONE', *, *, #2512, .T. ) ;
#2174 = VECTOR ( 'NONE', #312, 1000.000000000000000 ) ;
#2175 = DIRECTION ( 'NONE',  ( -0.000000000000000000, 1.000000000000000000, 0.000000000000000000 ) ) ;
#2176 = EDGE_CURVE ( 'NONE', #313, #1859, #1364, .T. ) ;
#2177 = ORIENTED_EDGE ( 'NONE', *, *, #1101, .T. ) ;
#2178 = EDGE_CURVE ( 'NONE', #131, #1682, #829, .T. ) ;
#2179 = SHAPE_DEFINITION_REPRESENTATION ( #640, #3071 ) ;
#2180 = PRODUCT_DEFINITION_SHAPE ( 'NONE', 'NONE',  #3379 ) ;
#2181 = EDGE_CURVE ( 'NONE', #1779, #3274, #1525, .T. ) ;
#2182 = CARTESIAN_POINT ( 'NONE',  ( -5.682009653325264864, 32.04181550095518816, 0.8808280738885594374 ) ) ;
#2183 = CIRCLE ( 'NONE', #397, 3.575000000000001066 ) ;
#2184 = EDGE_LOOP ( 'NONE', ( #510, #2006, #46, #2272 ) ) ;
#2185 = DIRECTION ( 'NONE',  ( 0.000000000000000000, 0.000000000000000000, -1.000000000000000000 ) ) ;
#2186 = CARTESIAN_POINT ( 'NONE',  ( 1.833087104677064483, -0.9499999999999995115, 3.174999999999999378 ) ) ;
#2187 = CARTESIAN_POINT ( 'NONE',  ( -0.3337416699656348129, 35.75128683324494716, -4.930131771713465838 ) ) ;
#2188 = ORIENTED_EDGE ( 'NONE', *, *, #2518, .T. ) ;
#2189 = CARTESIAN_POINT ( 'NONE',  ( -4.540782383802614675, 36.20000000000000284, 0.4205753225223024527 ) ) ;
#2190 = CARTESIAN_POINT ( 'NONE',  ( -0.8756770667147555365, 35.73885485821556784, -5.322790921487677629 ) ) ;
#2191 = CARTESIAN_POINT ( 'NONE',  ( 0.8756770667147191212, 35.73885485821556784, 5.322790921487684734 ) ) ;
#2192 = CARTESIAN_POINT ( 'NONE',  ( -0.8757777529931457527, 35.74785620332212233, 5.321897203152954781 ) ) ;
#2193 = EDGE_LOOP ( 'NONE', ( #1600, #3298, #2641, #2188 ) ) ;
#2194 = CIRCLE ( 'NONE', #1928, 5.575000000000000178 ) ;
#2195 = DIRECTION ( 'NONE',  ( 0.000000000000000000, 1.000000000000000000, 0.000000000000000000 ) ) ;
#2196 = AXIS2_PLACEMENT_3D ( 'NONE', #1044, #3145, #277 ) ;
#2197 = DIRECTION ( 'NONE',  ( 0.000000000000000000, -0.9992009587217894895, -0.03996803834887150547 ) ) ;
#2198 = VERTEX_POINT ( 'NONE', #3164 ) ;
#2199 = PRESENTATION_LAYER_ASSIGNMENT (  '', '', ( #1529 ) ) ;
#2200 = DIRECTION ( 'NONE',  ( 0.000000000000000000, 0.000000000000000000, -1.000000000000000000 ) ) ;
#2201 = VECTOR ( 'NONE', #2971, 1000.000000000000000 ) ;
#2202 = B_SPLINE_CURVE_WITH_KNOTS ( 'NONE', 3,
 ( #243, #449, #434, #3046, #3367, #958, #3031 ),
 .UNSPECIFIED., .F., .F.,
 ( 4, 3, 4 ),
 ( 0.0005280937956277162578, 0.003000000005309308611, 0.008571680231918600568 ),
 .UNSPECIFIED. ) ;
#2203 = ORIENTED_EDGE ( 'NONE', *, *, #554, .T. ) ;
#2204 = APPLICATION_CONTEXT ( 'automotive_design' ) ;
#2205 = CARTESIAN_POINT ( 'NONE',  ( -0.4205753225222854108, 36.20000000000000284, -4.540782383802614675 ) ) ;
#2206 = CARTESIAN_POINT ( 'NONE',  ( 3.563095868725952631, 29.56005097731180342, 4.813159917454886028 ) ) ;
#2207 = CARTESIAN_POINT ( 'NONE',  ( -5.322790921487674964, 35.73885485821556784, 0.8756770667147741882 ) ) ;
#2208 = ORIENTED_EDGE ( 'NONE', *, *, #1072, .T. ) ;
#2209 = CARTESIAN_POINT ( 'NONE',  ( -4.382417989080908072, 35.74785620332212233, -3.143881213173458367 ) ) ;
#2210 = DIRECTION ( 'NONE',  ( -0.000000000000000000, -1.000000000000000000, -0.000000000000000000 ) ) ;
#2211 = CARTESIAN_POINT ( 'NONE',  ( -1.833087104677059154, 0.9499999999999995115, 3.175000000000002487 ) ) ;
#2212 = CARTESIAN_POINT ( 'NONE',  ( -4.643498487868562563, 27.28621823196979790, 4.120004774696577776 ) ) ;
#2213 = ORIENTED_EDGE ( 'NONE', *, *, #633, .F. ) ;
#2214 = FACE_BOUND ( 'NONE', #1358, .T. ) ;
#2215 = VERTEX_POINT ( 'NONE', #799 ) ;
#2216 = CONTEXT_DEPENDENT_SHAPE_REPRESENTATION ( #1089, #2428 ) ;
#2217 = ORIENTED_EDGE ( 'NONE', *, *, #3297, .T. ) ;
#2218 = CARTESIAN_POINT ( 'NONE',  ( -5.165367331437819232, 27.84877104863627295, 5.165367331437694887 ) ) ;
#2219 = CARTESIAN_POINT ( 'NONE',  ( -4.382417989080951592, 35.74785620332212233, 3.143881213173396638 ) ) ;
#2220 = EDGE_CURVE ( 'NONE', #528, #904, #3, .T. ) ;
#2221 = ORIENTED_EDGE ( 'NONE', *, *, #2983, .T. ) ;
#2222 = CARTESIAN_POINT ( 'NONE',  ( -2.892918286449418730, 36.20000000000000284, 3.396616719982293642 ) ) ;
#2223 = DIRECTION ( 'NONE',  ( -0.000000000000000000, -1.000000000000000000, -0.000000000000000000 ) ) ;
#2224 = CARTESIAN_POINT ( 'NONE',  ( 0.000000000000000000, 0.000000000000000000, -5.575000000000000178 ) ) ;
#2225 = CIRCLE ( 'NONE', #696, 0.4999999999999995559 ) ;
#2226 = CARTESIAN_POINT ( 'NONE',  ( -4.048273807988055140, 27.30300118143553334, 4.703952109873599241 ) ) ;
#2227 = ORIENTED_EDGE ( 'NONE', *, *, #1353, .T. ) ;
#2228 = DIRECTION ( 'NONE',  ( -3.301992067557643680E-17, 0.06783442558943629519, -0.9976965925094418708 ) ) ;
#2229 = ORIENTED_EDGE ( 'NONE', *, *, #1378, .F. ) ;
#2230 = VECTOR ( 'NONE', #1384, 1000.000000000000114 ) ;
#2231 = CIRCLE ( 'NONE', #117, 4.895770850515039463 ) ;
#2232 = VERTEX_POINT ( 'NONE', #1580 ) ;
#2233 = DIRECTION ( 'NONE',  ( 0.000000000000000000, 1.000000000000000000, 0.000000000000000000 ) ) ;
#2234 = DIRECTION ( 'NONE',  ( -0.000000000000000000, 1.000000000000000000, -0.000000000000000000 ) ) ;
#2235 = ORIENTED_EDGE ( 'NONE', *, *, #26, .F. ) ;
#2236 =( BOUNDED_CURVE ( )  B_SPLINE_CURVE ( 3, ( #2207, #1179, #711, #1427 ),
 .UNSPECIFIED., .F., .F. ) 
 B_SPLINE_CURVE_WITH_KNOTS ( ( 4, 4 ),
 ( 2.518210232572590357, 3.141592653589793116 ),
 .UNSPECIFIED. ) 
 CURVE ( )  GEOMETRIC_REPRESENTATION_ITEM ( )  RATIONAL_B_SPLINE_CURVE ( ( 1.000000000000000000, 0.9678775265542567396, 0.9678775265542567396, 1.000000000000000000 ) ) 
 REPRESENTATION_ITEM ( '' )  );
#2237 = DIRECTION ( 'NONE',  ( 0.000000000000000000, 0.000000000000000000, 1.000000000000000000 ) ) ;
#2238 = CARTESIAN_POINT ( 'NONE',  ( 0.000000000000000000, 36.20000000000000284, 0.000000000000000000 ) ) ;
#2239 = CARTESIAN_POINT ( 'NONE',  ( 4.382769363038036659, 35.74185609686031739, 3.144381164857979361 ) ) ;
#2240 = CARTESIAN_POINT ( 'NONE',  ( -3.666174209354124081, 0.9499999999999995115, 2.602085213965210247E-15 ) ) ;
#2241 = ORIENTED_EDGE ( 'NONE', *, *, #1504, .F. ) ;
#2242 = EDGE_CURVE ( 'NONE', #3187, #1713, #2927, .T. ) ;
#2243 = DIRECTION ( 'NONE',  ( 0.000000000000000000, 1.000000000000000000, 0.000000000000000000 ) ) ;
#2244 = DIRECTION ( 'NONE',  ( 0.000000000000000000, -0.000000000000000000, 1.000000000000000000 ) ) ;
#2245 = AXIS2_PLACEMENT_3D ( 'NONE', #2599, #260, #534 ) ;
#2246 = ORIENTED_EDGE ( 'NONE', *, *, #1273, .T. ) ;
#2247 = ORIENTED_EDGE ( 'NONE', *, *, #11, .F. ) ;
#2248 = AXIS2_PLACEMENT_3D ( 'NONE', #3290, #947, #1465 ) ;
#2249 = CIRCLE ( 'NONE', #3242, 2.000000000000000000 ) ;
#2250 = CARTESIAN_POINT ( 'NONE',  ( 2.131653006007723351E-14, 27.26320489190302965, -6.209307221932397702 ) ) ;
#2251 = CARTESIAN_POINT ( 'NONE',  ( 6.020583308932531352, 28.55304410414921179, -0.8850824867232325310 ) ) ;
#2252 = VERTEX_POINT ( 'NONE', #518 ) ;
#2253 = VECTOR ( 'NONE', #482, 1000.000000000000000 ) ;
#2254 = DIRECTION ( 'NONE',  ( 0.000000000000000000, 0.000000000000000000, -1.000000000000000000 ) ) ;
#2255 = CARTESIAN_POINT ( 'NONE',  ( -2.803515821200172287, 36.20000000000000995, -4.158127373413825545 ) ) ;
#2256 = CARTESIAN_POINT ( 'NONE',  ( -3.143881213173443268, 35.74785620332212233, -4.382417989080918730 ) ) ;
#2257 = CARTESIAN_POINT ( 'NONE',  ( -5.486362089038667733, 34.05580003434261016, -0.8780805772071876847 ) ) ;
#2258 = EDGE_LOOP ( 'NONE', ( #324, #6, #1057, #190 ) ) ;
#2259 = CARTESIAN_POINT ( 'NONE',  ( -1.833087104677060708, 0.9499999999999995115, -3.175000000000001155 ) ) ;
#2260 = FACE_OUTER_BOUND ( 'NONE', #765, .T. ) ;
#2261 = EDGE_CURVE ( 'NONE', #2351, #2368, #1989, .T. ) ;
#2262 = CARTESIAN_POINT ( 'NONE',  ( 2.714123671374952362, 36.20000000000000284, -3.901573164325033094 ) ) ;
#2263 = DIRECTION ( 'NONE',  ( -0.000000000000000000, -1.000000000000000000, -0.000000000000000000 ) ) ;
#2264 = ORIENTED_EDGE ( 'NONE', *, *, #3345, .F. ) ;
#2265 = CARTESIAN_POINT ( 'NONE',  ( 0.000000000000000000, 35.70000000000000284, 0.000000000000000000 ) ) ;
#2266 = DIRECTION ( 'NONE',  ( -1.002534245082572603E-15, -0.9954090291002811730, 0.09571240664425757771 ) ) ;
#2267 = EDGE_LOOP ( 'NONE', ( #2956, #201, #1831 ) ) ;
#2268 = DIRECTION ( 'NONE',  ( 0.000000000000000000, 1.000000000000000000, 0.000000000000000000 ) ) ;
#2269 = B_SPLINE_CURVE_WITH_KNOTS ( 'NONE', 3,
 ( #107, #3250, #1409, #2480 ),
 .UNSPECIFIED., .F., .F.,
 ( 4, 4 ),
 ( 0.000000000000000000, 9.046164044265519742E-06 ),
 .UNSPECIFIED. ) ;
#2270 = CARTESIAN_POINT ( 'NONE',  ( 0.000000000000000000, 34.25000000000000000, -2.000000000000005329 ) ) ;
#2271 = FACE_OUTER_BOUND ( 'NONE', #2740, .T. ) ;
#2272 = ORIENTED_EDGE ( 'NONE', *, *, #1772, .F. ) ;
#2273 = CARTESIAN_POINT ( 'NONE',  ( 0.000000000000000000, 1.249999999999997558, -3.146558967083455727 ) ) ;
#2274 = AXIS2_PLACEMENT_3D ( 'NONE', #992, #3352, #3080 ) ;
#2275 = CYLINDRICAL_SURFACE ( 'NONE', #1754, 2.000000000000000000 ) ;
#2276 = CIRCLE ( 'NONE', #211, 1.700000000000003508 ) ;
#2277 = CARTESIAN_POINT ( 'NONE',  ( 4.388667662221587662, 36.20000000000000284, -3.107500827395381915 ) ) ;
#2278 = CIRCLE ( 'NONE', #807, 5.393475365065178551 ) ;
#2279 = ADVANCED_FACE ( 'NONE', ( #1800 ), #1078, .F. ) ;
#2280 = ORIENTED_EDGE ( 'NONE', *, *, #850, .T. ) ;
#2281 = CIRCLE ( 'NONE', #2557, 5.575000000000000178 ) ;
#2282 = EDGE_CURVE ( 'NONE', #150, #2636, #2352, .T. ) ;
#2283 = CARTESIAN_POINT ( 'NONE',  ( 5.322201235360187077, 35.74485703477443366, 0.8757062175543196547 ) ) ;
#2284 = SURFACE_SIDE_STYLE ('',( #2808 ) ) ;
#2285 = ORIENTED_EDGE ( 'NONE', *, *, #175, .F. ) ;
#2286 = CARTESIAN_POINT ( 'NONE',  ( -5.322790921487675853, 35.73885485821556784, -0.8756770667147745213 ) ) ;
#2287 = CARTESIAN_POINT ( 'NONE',  ( -0.3168466955167454358, 35.74785620332212233, 5.038486898352754650 ) ) ;
#2288 = CARTESIAN_POINT ( 'NONE',  ( 5.300591571925087564, 36.20000000000000284, 0.9059217567368911261 ) ) ;
#2289 = CYLINDRICAL_SURFACE ( 'NONE', #3323, 3.575000000000000622 ) ;
#2290 = ORIENTED_EDGE ( 'NONE', *, *, #3206, .F. ) ;
#2291 = CYLINDRICAL_SURFACE ( 'NONE', #2248, 2.000000000000000000 ) ;
#2292 = CARTESIAN_POINT ( 'NONE',  ( 0.000000000000000000, 16.20000000000000284, -3.575000000000000178 ) ) ;
#2293 = DIRECTION ( 'NONE',  ( 0.000000000000000000, 1.000000000000000000, 0.000000000000000000 ) ) ;
#2294 = CARTESIAN_POINT ( 'NONE',  ( -3.785791999661241469, 35.74785620332212943, -3.339704505828375414 ) ) ;
#2295 = EDGE_LOOP ( 'NONE', ( #995, #1109, #3234, #1018 ) ) ;
#2296 = AXIS2_PLACEMENT_3D ( 'NONE', #2112, #59, #1839 ) ;
#2297 = FACE_OUTER_BOUND ( 'NONE', #3166, .T. ) ;
#2298 = DIRECTION ( 'NONE',  ( -0.8660254037844387076, 0.000000000000000000, -0.4999999999999999445 ) ) ;
#2299 = EDGE_LOOP ( 'NONE', ( #1940, #155 ) ) ;
#2300 = DIRECTION ( 'NONE',  ( 0.000000000000000000, 4.996003610813204432E-16, -1.000000000000000000 ) ) ;
#2301 = CARTESIAN_POINT ( 'NONE',  ( -3.074269562693358715, 35.99423123528535484, 4.339543549418012347 ) ) ;
#2302 = FACE_OUTER_BOUND ( 'NONE', #2079, .T. ) ;
#2303 = ADVANCED_FACE ( 'NONE', ( #310 ), #76, .F. ) ;
#2304 = CARTESIAN_POINT ( 'NONE',  ( -5.745573248915702536, 31.38716634262295102, -0.8816741726855824579 ) ) ;
#2305 = VERTEX_POINT ( 'NONE', #1356 ) ;
#2306 = CARTESIAN_POINT ( 'NONE',  ( -0.6274379993957158730, 1.233579561989599283, -3.175000000000001599 ) ) ;
#2307 = DIRECTION ( 'NONE',  ( -0.000000000000000000, -1.000000000000000000, -0.000000000000000000 ) ) ;
#2308 = B_SPLINE_CURVE_WITH_KNOTS ( 'NONE', 3,
 ( #2654, #1045, #61, #2339, #1063, #2393 ),
 .UNSPECIFIED., .F., .F.,
 ( 4, 2, 4 ),
 ( 7.165583942981723818E-18, 0.0003809919800252085671, 0.0007619839600504099784 ),
 .UNSPECIFIED. ) ;
#2309 = CARTESIAN_POINT ( 'NONE',  ( 0.000000000000000000, 13.60000000000000320, 0.000000000000000000 ) ) ;
#2310 = B_SPLINE_CURVE_WITH_KNOTS ( 'NONE', 3,
 ( #708, #1449, #1247, #2768 ),
 .UNSPECIFIED., .F., .F.,
 ( 4, 4 ),
 ( 0.000000000000000000, 9.046164044265409627E-06 ),
 .UNSPECIFIED. ) ;
#2311 = B_SPLINE_CURVE_WITH_KNOTS ( 'NONE', 3,
 ( #2644, #2974, #1332, #885, #579, #1622, #100 ),
 .UNSPECIFIED., .F., .F.,
 ( 4, 3, 4 ),
 ( 0.0004635204855060065261, 0.003000000009842788973, 0.008507106913800334402 ),
 .UNSPECIFIED. ) ;
#2312 = CARTESIAN_POINT ( 'NONE',  ( -3.666174209354124081, 0.9499999999999995115, 2.602085213965210247E-15 ) ) ;
#2313 = ORIENTED_EDGE ( 'NONE', *, *, #3023, .F. ) ;
#2314 = CARTESIAN_POINT ( 'NONE',  ( -1.833087104677060708, 0.9499999999999995115, -3.175000000000001155 ) ) ;
#2315 =( NAMED_UNIT ( * ) SI_UNIT ( $, .STERADIAN. ) SOLID_ANGLE_UNIT ( ) );
#2316 = VERTEX_POINT ( 'NONE', #2408 ) ;
#2317 = CARTESIAN_POINT ( 'NONE',  ( 0.000000000000000000, 13.60000000000000320, 0.000000000000000000 ) ) ;
#2318 = CYLINDRICAL_SURFACE ( 'NONE', #996, 3.575000000000000178 ) ;
#2319 = DIRECTION ( 'NONE',  ( -0.000000000000000000, -1.000000000000000000, -0.000000000000000000 ) ) ;
#2320 = EDGE_CURVE ( 'NONE', #883, #1304, #22, .T. ) ;
#2321 = VERTEX_POINT ( 'NONE', #1543 ) ;
#2322 = EDGE_CURVE ( 'NONE', #1713, #2724, #2411, .T. ) ;
#2323 = CARTESIAN_POINT ( 'NONE',  ( 5.847688465928612791E-16, 22.80000000000000426, 4.775000000000000355 ) ) ;
#2324 = CARTESIAN_POINT ( 'NONE',  ( 0.000000000000000000, 5.299999999999999822, 3.575000000000001510 ) ) ;
#2325 = APPLICATION_CONTEXT ( 'automotive_design' ) ;
#2326 = ADVANCED_FACE ( 'NONE', ( #8, #1820 ), #1559, .F. ) ;
#2327 = LINE ( 'NONE', #36, #832 ) ;
#2328 = CIRCLE ( 'NONE', #2166, 3.000000000000000444 ) ;
#2329 = DIRECTION ( 'NONE',  ( 0.000000000000000000, 0.000000000000000000, -1.000000000000000000 ) ) ;
#2330 = EDGE_LOOP ( 'NONE', ( #174, #1176, #469, #2539, #1518, #1081 ) ) ;
#2331 = VERTEX_POINT ( 'NONE', #2219 ) ;
#2332 = CARTESIAN_POINT ( 'NONE',  ( 0.000000000000000000, 5.299999999999999822, 0.000000000000000000 ) ) ;
#2333 = CARTESIAN_POINT ( 'NONE',  ( 2.436187538471298097, 1.233181647331635933, 2.130399406601555246 ) ) ;
#2334 = EDGE_CURVE ( 'NONE', #3158, #1524, #1310, .T. ) ;
#2335 = VERTEX_POINT ( 'NONE', #386 ) ;
#2336 = AXIS2_PLACEMENT_3D ( 'NONE', #1591, #1365, #85 ) ;
#2337 = CARTESIAN_POINT ( 'NONE',  ( 4.324500987357377646, 27.26320954431408339, -4.456781333201709216 ) ) ;
#2338 = CARTESIAN_POINT ( 'NONE',  ( -0.8000000000000000444, 0.04397163297420458861, -3.484339966191588811 ) ) ;
#2339 = CARTESIAN_POINT ( 'NONE',  ( -5.049521763310099942, 36.15561510594510963, -0.9344261866130036953 ) ) ;
#2340 = EDGE_LOOP ( 'NONE', ( #2290, #642, #273, #2775 ) ) ;
#2341 = EDGE_CURVE ( 'NONE', #2198, #2708, #3333, .T. ) ;
#2342 = CYLINDRICAL_SURFACE ( 'NONE', #2477, 4.775000000000000355 ) ;
#2343 = DIRECTION ( 'NONE',  ( 0.000000000000000000, 1.000000000000000000, 0.000000000000000000 ) ) ;
#2344 = EDGE_CURVE ( 'NONE', #2636, #384, #2269, .T. ) ;
#2345 =( BOUNDED_CURVE ( )  B_SPLINE_CURVE ( 3, ( #410, #1941, #3241, #652 ),
 .UNSPECIFIED., .F., .F. ) 
 B_SPLINE_CURVE_WITH_KNOTS ( ( 4, 4 ),
 ( 2.630874857590356886, 3.652310449589230235 ),
 .UNSPECIFIED. ) 
 CURVE ( )  GEOMETRIC_REPRESENTATION_ITEM ( )  RATIONAL_B_SPLINE_CURVE ( ( 1.000000000000000000, 0.9149292474456451885, 0.9149292474456451885, 1.000000000000000000 ) ) 
 REPRESENTATION_ITEM ( '' )  );
#2346 = LINE ( 'NONE', #18, #3375 ) ;
#2347 = EDGE_LOOP ( 'NONE', ( #2694, #2872, #2229, #319 ) ) ;
#2348 = EDGE_LOOP ( 'NONE', ( #222, #2944, #1692, #1855, #2847, #3253, #2313 ) ) ;
#2349 = CARTESIAN_POINT ( 'NONE',  ( 4.928794677134491486, 27.54858534291021144, 3.731832010393183463 ) ) ;
#2350 = CYLINDRICAL_SURFACE ( 'NONE', #342, 1.499999999999999778 ) ;
#2351 = VERTEX_POINT ( 'NONE', #1147 ) ;
#2352 = CIRCLE ( 'NONE', #1422, 5.393475365065178551 ) ;
#2353 = CARTESIAN_POINT ( 'NONE',  ( -3.901573164325023768, 36.20000000000000284, -2.714123671375213931 ) ) ;
#2354 = CARTESIAN_POINT ( 'NONE',  ( 3.366866303064640409, -1.122805500267965328, 0.5184165008004518738 ) ) ;
#2355 = CARTESIAN_POINT ( 'NONE',  ( 2.132395010966547044, -1.122805500267964440, -2.656583499199550058 ) ) ;
#2356 = CARTESIAN_POINT ( 'NONE',  ( -1.235864791576346544, -1.122403231617397967, -3.175000000000001599 ) ) ;
#2357 = VERTEX_POINT ( 'NONE', #2186 ) ;
#2358 =( GEOMETRIC_REPRESENTATION_CONTEXT ( 3 ) GLOBAL_UNCERTAINTY_ASSIGNED_CONTEXT ( ( #1847 ) ) GLOBAL_UNIT_ASSIGNED_CONTEXT ( ( #2612, #307, #796 ) ) REPRESENTATION_CONTEXT ( 'NONE', 'WORKASPACE' ) );
#2359 = DIRECTION ( 'NONE',  ( 0.000000000000000000, -1.000000000000000000, 0.000000000000000000 ) ) ;
#2360 = VECTOR ( 'NONE', #523, 1000.000000000000000 ) ;
#2361 = CARTESIAN_POINT ( 'NONE',  ( 5.308899623798943423, 35.87607265627848108, 0.8788359406453924993 ) ) ;
#2362 = B_SPLINE_CURVE_WITH_KNOTS ( 'NONE', 3,
 ( #82, #2657, #268, #826, #2361, #857 ),
 .UNSPECIFIED., .F., .F.,
 ( 4, 2, 4 ),
 ( -5.527337459318145617E-06, 0.0003793000264230799823, 0.0007641273903054781203 ),
 .UNSPECIFIED. ) ;
#2363 = AXIS2_PLACEMENT_3D ( 'NONE', #1280, #1073, #747 ) ;
#2364 = FACE_OUTER_BOUND ( 'NONE', #1616, .T. ) ;
#2365 = CARTESIAN_POINT ( 'NONE',  ( 0.8861302811252786960, 27.63849352325904007, 6.109291422986681042 ) ) ;
#2366 = ADVANCED_BREP_SHAPE_REPRESENTATION ( '', ( #2542, #3296 ), #1371 ) ;
#2367 = CARTESIAN_POINT ( 'NONE',  ( -3.366866303064639521, -1.122805500267965773, -0.5184165008004494313 ) ) ;
#2368 = VERTEX_POINT ( 'NONE', #1962 ) ;
#2369 = ORIENTED_EDGE ( 'NONE', *, *, #167, .F. ) ;
#2370 =( BOUNDED_CURVE ( )  B_SPLINE_CURVE ( 3, ( #1721, #1466, #2125, #1405 ),
 .UNSPECIFIED., .F., .T. ) 
 B_SPLINE_CURVE_WITH_KNOTS ( ( 4, 4 ),
 ( 2.518210232572590801, 3.141592653589803330 ),
 .UNSPECIFIED. ) 
 CURVE ( )  GEOMETRIC_REPRESENTATION_ITEM ( )  RATIONAL_B_SPLINE_CURVE ( ( 1.000000000000000000, 0.9678775265542558515, 0.9678775265542558515, 1.000000000000000000 ) ) 
 REPRESENTATION_ITEM ( '' )  );
#2371 = DIRECTION ( 'NONE',  ( 0.9820818503191364179, -6.938893903907228378E-18, -0.1884548733085491812 ) ) ;
#2372 = CARTESIAN_POINT ( 'NONE',  ( -5.321897203152962774, 35.74785620332212233, -0.8757777529930896865 ) ) ;
#2373 = DIRECTION ( 'NONE',  ( 0.000000000000000000, 1.000000000000000000, 0.000000000000000000 ) ) ;
#2374 = EDGE_LOOP ( 'NONE', ( #141, #1632, #2614, #363, #1238, #2697 ) ) ;
#2375 = CARTESIAN_POINT ( 'NONE',  ( 6.188881669984226619, 27.30266842003838335, 0.4625354192641221718 ) ) ;
#2376 = CARTESIAN_POINT ( 'NONE',  ( 6.100131925573418989, 27.73292483621466431, 0.8860220918101022747 ) ) ;
#2377 = EDGE_CURVE ( 'NONE', #2584, #568, #1588, .T. ) ;
#2378 = CARTESIAN_POINT ( 'NONE',  ( 2.909839104631977147, 36.15559694196618779, -4.231308394174815746 ) ) ;
#2379 = ORIENTED_EDGE ( 'NONE', *, *, #962, .T. ) ;
#2380 = FACE_OUTER_BOUND ( 'NONE', #2475, .T. ) ;
#2381 = FACE_OUTER_BOUND ( 'NONE', #432, .T. ) ;
#2382 = ORIENTED_EDGE ( 'NONE', *, *, #1076, .F. ) ;
#2383 = CARTESIAN_POINT ( 'NONE',  ( 3.339704505828383851, 35.74785620332212233, 3.785791999661229923 ) ) ;
#2384 = CARTESIAN_POINT ( 'NONE',  ( 7.837739514543060920E-16, 5.299999999999999822, -6.400000000000000355 ) ) ;
#2385 = ORIENTED_EDGE ( 'NONE', *, *, #911, .T. ) ;
#2386 = AXIS2_PLACEMENT_3D ( 'NONE', #2218, #2961, #1648 ) ;
#2387 = DIRECTION ( 'NONE',  ( 0.000000000000000000, 0.000000000000000000, 1.000000000000000000 ) ) ;
#2388 = ORIENTED_EDGE ( 'NONE', *, *, #3229, .T. ) ;
#2389 = EDGE_CURVE ( 'NONE', #1333, #3191, #281, .T. ) ;
#2390 = CARTESIAN_POINT ( 'NONE',  ( 4.929034413910885704, 27.54914389154633625, -3.731431837010431352 ) ) ;
#2391 = CARTESIAN_POINT ( 'NONE',  ( -4.339543549418086954, 35.99423123528535484, 3.074269562693253466 ) ) ;
#2392 = TOROIDAL_SURFACE ( 'NONE', #3269, 0.9999999999999997780, 0.5000000000000000000 ) ;
#2393 = CARTESIAN_POINT ( 'NONE',  ( -4.797171717435386284, 36.20000000000000284, -0.9776071471663759782 ) ) ;
#2394 = ORIENTED_EDGE ( 'NONE', *, *, #3101, .T. ) ;
#2395 = AXIS2_PLACEMENT_3D ( 'NONE', #1868, #2458, #2439 ) ;
#2396 = DIRECTION ( 'NONE',  ( 0.000000000000000000, -0.000000000000000000, -1.000000000000000000 ) ) ;
#2397 = CARTESIAN_POINT ( 'NONE',  ( 4.939956880105496495, 27.73292483621466076, 3.686932421305546548 ) ) ;
#2398 = DIRECTION ( 'NONE',  ( 0.000000000000000000, -0.06783442558943679479, -0.9976965925094418708 ) ) ;
#2399 = CARTESIAN_POINT ( 'NONE',  ( 2.714123671375515912, 36.20000000000000284, 3.901573164325176091 ) ) ;
#2400 = CARTESIAN_POINT ( 'NONE',  ( -4.686171592415374398, 31.38716634262295102, 3.439296019809241933 ) ) ;
#2401 = CIRCLE ( 'NONE', #2846, 4.895770850515039463 ) ;
#2402 = ORIENTED_EDGE ( 'NONE', *, *, #1421, .F. ) ;
#2403 =( NAMED_UNIT ( * ) PLANE_ANGLE_UNIT ( ) SI_UNIT ( $, .RADIAN. ) );
#2404 = CARTESIAN_POINT ( 'NONE',  ( -0.6380916242236701619, 27.36537137503548678, 6.167190619095597626 ) ) ;
#2405 = ORIENTED_EDGE ( 'NONE', *, *, #121, .F. ) ;
#2406 = ADVANCED_BREP_SHAPE_REPRESENTATION ( '', ( #2586, #3296 ), #833 ) ;
#2407 = DIRECTION ( 'NONE',  ( 0.000000000000000000, 0.000000000000000000, -1.000000000000000000 ) ) ;
#2408 = CARTESIAN_POINT ( 'NONE',  ( -4.382978747425681831, 35.73885485821559627, -3.144584363418570838 ) ) ;
#2409 = FILL_AREA_STYLE_COLOUR ( '', #1840 ) ;
#2410 = ORIENTED_EDGE ( 'NONE', *, *, #1728, .F. ) ;
#2411 = CIRCLE ( 'NONE', #2245, 3.575000000000001066 ) ;
#2412 = CARTESIAN_POINT ( 'NONE',  ( -4.081032889252018236, 35.74458789742281795, 3.190450315174087059 ) ) ;
#2413 = ADVANCED_FACE ( 'NONE', ( #3013 ), #1865, .T. ) ;
#2414 = DIRECTION ( 'NONE',  ( -0.000000000000000000, -1.000000000000000000, -0.000000000000000000 ) ) ;
#2415 = CARTESIAN_POINT ( 'NONE',  ( 0.000000000000000000, 0.000000000000000000, -3.000000000000000444 ) ) ;
#2416 = CARTESIAN_POINT ( 'NONE',  ( -0.8816741726856420769, 31.38716634262295102, 5.745573248915692766 ) ) ;
#2417 = CARTESIAN_POINT ( 'NONE',  ( 3.144146779602689623, 35.74485703477443366, 4.382582389122518407 ) ) ;
#2418 = AXIS2_PLACEMENT_3D ( 'NONE', #1968, #396, #2228 ) ;
#2419 = CARTESIAN_POINT ( 'NONE',  ( 4.930131771713465838, 35.75128683324494716, -0.3337416699656529651 ) ) ;
#2420 = AXIS2_PLACEMENT_3D ( 'NONE', #2497, #1458, #2254 ) ;
#2421 = ORIENTED_EDGE ( 'NONE', *, *, #965, .T. ) ;
#2422 = DIRECTION ( 'NONE',  ( 0.000000000000000000, 0.000000000000000000, 1.000000000000000000 ) ) ;
#2423 = DIRECTION ( 'NONE',  ( 0.000000000000000000, -0.000000000000000000, 1.000000000000000000 ) ) ;
#2424 = ORIENTED_EDGE ( 'NONE', *, *, #2436, .F. ) ;
#2425 = CARTESIAN_POINT ( 'NONE',  ( 0.000000000000000000, 0.000000000000000000, -2.000000000000000000 ) ) ;
#2426 = CARTESIAN_POINT ( 'NONE',  ( 4.382978747425705812, 35.73885485821556784, -3.144584363418542861 ) ) ;
#2427 = CARTESIAN_POINT ( 'NONE',  ( 2.700840008817119831, 36.20000000000000284, -4.083385295012643468 ) ) ;
#2428 = PRODUCT_DEFINITION_SHAPE ( 'NONE', 'NONE',  #3378 ) ;
#2429 = EDGE_LOOP ( 'NONE', ( #3120, #1651, #2939, #2747 ) ) ;
#2430 = CARTESIAN_POINT ( 'NONE',  ( -3.144584363418557960, 35.73885485821556784, -4.382978747425694266 ) ) ;
#2431 = DIRECTION ( 'NONE',  ( -0.000000000000000000, 1.000000000000000000, -0.000000000000000000 ) ) ;
#2432 = EDGE_CURVE ( 'NONE', #1724, #452, #1311, .T. ) ;
#2433 = CARTESIAN_POINT ( 'NONE',  ( 0.8757777529931097815, 35.74785620332212233, -5.321897203152960110 ) ) ;
#2434 = CARTESIAN_POINT ( 'NONE',  ( -3.628760164016654305E-26, 1.233579561989599060, -3.175000000000001599 ) ) ;
#2435 = ORIENTED_EDGE ( 'NONE', *, *, #58, .T. ) ;
#2436 = EDGE_CURVE ( 'NONE', #2970, #254, #1700, .T. ) ;
#2437 = ADVANCED_FACE ( 'NONE', ( #92 ), #2803, .F. ) ;
#2438 = DIRECTION ( 'NONE',  ( -0.000000000000000000, 1.000000000000000000, -0.000000000000000000 ) ) ;
#2439 = DIRECTION ( 'NONE',  ( 0.000000000000000000, -0.09571240664425774425, -0.9954090291002811730 ) ) ;
#2440 = EDGE_CURVE ( 'NONE', #3114, #1181, #2443, .T. ) ;
#2441 = VERTEX_POINT ( 'NONE', #1945 ) ;
#2442 = EDGE_CURVE ( 'NONE', #41, #925, #1744, .T. ) ;
#2443 = B_SPLINE_CURVE_WITH_KNOTS ( 'NONE', 3,
 ( #2686, #143, #1911, #1667, #2745, #2206, #2963 ),
 .UNSPECIFIED., .F., .F.,
 ( 4, 3, 4 ),
 ( 0.0004635204855060064176, 0.003000000009842789840, 0.008507106913800337872 ),
 .UNSPECIFIED. ) ;
#2444 = CARTESIAN_POINT ( 'NONE',  ( 0.000000000000000000, -0.9499999999999995115, 0.000000000000000000 ) ) ;
#2445 = ORIENTED_EDGE ( 'NONE', *, *, #1816, .F. ) ;
#2446 = CIRCLE ( 'NONE', #1139, 2.000000000000000000 ) ;
#2447 = DIRECTION ( 'NONE',  ( -0.000000000000000000, -1.000000000000000000, -0.000000000000000000 ) ) ;
#2448 = DIRECTION ( 'NONE',  ( 0.000000000000000000, 0.000000000000000000, -1.000000000000000000 ) ) ;
#2449 = CLOSED_SHELL ( 'NONE', ( #574, #2041, #1760, #2666, #3143, #2935, #1571, #1142, #1988, #2090, #2684, #2279, #2526, #1100 ) ) ;
#2450 = EDGE_LOOP ( 'NONE', ( #1948, #544, #1812, #414 ) ) ;
#2451 = CARTESIAN_POINT ( 'NONE',  ( -5.329426084533426256, 35.73864478242503395, 0.8847628115073888910 ) ) ;
#2452 = FACE_OUTER_BOUND ( 'NONE', #493, .T. ) ;
#2453 = CARTESIAN_POINT ( 'NONE',  ( -5.421010862427522170E-17, 18.43075807640653707, 3.636307918493141056 ) ) ;
#2454 = CARTESIAN_POINT ( 'NONE',  ( -4.643912032301686921, 27.28631093204088032, -4.119528041381281369 ) ) ;
#2455 = EDGE_LOOP ( 'NONE', ( #1647, #2492, #793, #73, #2925, #2890, #2905 ) ) ;
#2456 = DIRECTION ( 'NONE',  ( 0.000000000000000000, 0.000000000000000000, 1.000000000000000000 ) ) ;
#2457 = CIRCLE ( 'NONE', #2672, 5.669600159872127065 ) ;
#2458 = DIRECTION ( 'NONE',  ( -1.002534245082572405E-15, -0.9954090291002810620, 0.09571240664425756384 ) ) ;
#2459 = VERTEX_POINT ( 'NONE', #1649 ) ;
#2460 = CIRCLE ( 'NONE', #1850, 3.575000000000000622 ) ;
#2461 = LINE ( 'NONE', #2938, #3068 ) ;
#2462 = EDGE_LOOP ( 'NONE', ( #1438, #3121, #1278, #3038 ) ) ;
#2463 = CARTESIAN_POINT ( 'NONE',  ( 1.833087104677064483, 0.9499999999999995115, 3.174999999999999378 ) ) ;
#2464 = CARTESIAN_POINT ( 'NONE',  ( 0.8757777529930350635, 35.74785620332212233, 5.321897203152972544 ) ) ;
#2465 = CARTESIAN_POINT ( 'NONE',  ( 5.242367592782916752, 35.99421414278277354, -0.8946814250601928808 ) ) ;
#2466 = EDGE_LOOP ( 'NONE', ( #2520, #2246 ) ) ;
#2467 = CARTESIAN_POINT ( 'NONE',  ( -4.083385295012653238, 36.20000000000000284, -2.700840008817105176 ) ) ;
#2468 = CARTESIAN_POINT ( 'NONE',  ( 0.000000000000000000, 36.20000000000000284, 0.000000000000000000 ) ) ;
#2469 = PLANE ( 'NONE',  #3070 ) ;
#2470 = CARTESIAN_POINT ( 'NONE',  ( -4.324739891591198315, 27.26320024775426631, -4.456550752847894259 ) ) ;
#2471 = VERTEX_POINT ( 'NONE', #1426 ) ;
#2472 = CIRCLE ( 'NONE', #991, 6.400000000000000355 ) ;
#2473 = DIRECTION ( 'NONE',  ( 0.000000000000000000, 0.000000000000000000, 1.000000000000000000 ) ) ;
#2474 = AXIS2_PLACEMENT_3D ( 'NONE', #1440, #430, #2506 ) ;
#2475 = EDGE_LOOP ( 'NONE', ( #1887, #2713, #3228, #1189 ) ) ;
#2476 = ADVANCED_FACE ( 'NONE', ( #1178 ), #622, .F. ) ;
#2477 = AXIS2_PLACEMENT_3D ( 'NONE', #2916, #12, #1048 ) ;
#2478 = ORIENTED_EDGE ( 'NONE', *, *, #2134, .F. ) ;
#2479 = CARTESIAN_POINT ( 'NONE',  ( 0.3246159894518330646, 36.20000000000000284, -4.995011533287574856 ) ) ;
#2480 = CARTESIAN_POINT ( 'NONE',  ( 5.322790921487674964, 35.73885485821556784, -0.8756770667147741882 ) ) ;
#2481 = CARTESIAN_POINT ( 'NONE',  ( 4.382978747425705812, 35.73885485821556784, -3.144584363418542861 ) ) ;
#2482 = ORIENTED_EDGE ( 'NONE', *, *, #1291, .T. ) ;
#2483 = CARTESIAN_POINT ( 'NONE',  ( -0.7749999999999996891, 13.60000000000000320, 3.489985673323029225 ) ) ;
#2484 = ADVANCED_FACE ( 'NONE', ( #685 ), #1256, .T. ) ;
#2485 = CARTESIAN_POINT ( 'NONE',  ( -0.8000000000000000444, 5.299999999999999822, -3.484339966191588811 ) ) ;
#2486 = B_SPLINE_CURVE_WITH_KNOTS ( 'NONE', 3,
 ( #2811, #979, #1996, #1444, #1007, #1460 ),
 .UNSPECIFIED., .F., .F.,
 ( 4, 2, 4 ),
 ( 7.204847710556567793E-18, 0.0003809919800252084586, 0.0007619839600504096531 ),
 .UNSPECIFIED. ) ;
#2487 = CARTESIAN_POINT ( 'NONE',  ( 4.382417989080885867, 35.74785620332212233, 3.143881213173488121 ) ) ;
#2488 = CARTESIAN_POINT ( 'NONE',  ( -3.693331714621826301, 27.63850751064205014, 4.946509153555537885 ) ) ;
#2489 = ORIENTED_EDGE ( 'NONE', *, *, #2533, .F. ) ;
#2490 = CARTESIAN_POINT ( 'NONE',  ( 0.000000000000000000, 36.20000000000000284, 0.000000000000000000 ) ) ;
#2491 = ORIENTED_EDGE ( 'NONE', *, *, #303, .T. ) ;
#2492 = ORIENTED_EDGE ( 'NONE', *, *, #359, .F. ) ;
#2493 = CARTESIAN_POINT ( 'NONE',  ( 0.8756726926744988759, 35.74185609686031739, 5.322499181287176029 ) ) ;
#2494 = DIRECTION ( 'NONE',  ( 0.000000000000000000, 0.000000000000000000, 1.000000000000000000 ) ) ;
#2495 = ADVANCED_FACE ( 'NONE', ( #2541 ), #1455, .F. ) ;
#2496 = ORIENTED_EDGE ( 'NONE', *, *, #2322, .T. ) ;
#2497 = CARTESIAN_POINT ( 'NONE',  ( 0.000000000000000000, 21.20000000000000284, 0.000000000000000000 ) ) ;
#2498 = CARTESIAN_POINT ( 'NONE',  ( -5.421010862427522170E-17, 13.60000000000000320, 3.636307918493141056 ) ) ;
#2499 = CARTESIAN_POINT ( 'NONE',  ( 0.8850824867231671389, 28.55304410414921534, 6.020583308932540234 ) ) ;
#2500 = CARTESIAN_POINT ( 'NONE',  ( -3.909713502161113574, 27.36533943239886568, -4.812024772826206664 ) ) ;
#2501 = ORIENTED_EDGE ( 'NONE', *, *, #3007, .T. ) ;
#2502 = AXIS2_PLACEMENT_3D ( 'NONE', #556, #1330, #844 ) ;
#2503 = DIRECTION ( 'NONE',  ( -0.000000000000000000, 0.000000000000000000, -1.000000000000000000 ) ) ;
#2504 = ORIENTED_EDGE ( 'NONE', *, *, #2877, .F. ) ;
#2505 = CARTESIAN_POINT ( 'NONE',  ( -7.304932534758198592, 27.84877104863627295, 0.000000000000000000 ) ) ;
#2506 = DIRECTION ( 'NONE',  ( 0.000000000000000000, 0.06783442558943683642, -0.9976965925094418708 ) ) ;
#2507 = VERTEX_POINT ( 'NONE', #2027 ) ;
#2508 = PRODUCT_RELATED_PRODUCT_CATEGORY ( 'part', '', ( #329 ) ) ;
#2509 = DIRECTION ( 'NONE',  ( -0.000000000000000000, -1.000000000000000000, -0.000000000000000000 ) ) ;
#2510 = CARTESIAN_POINT ( 'NONE',  ( 4.231308394174848608, 36.15559694196618779, -2.909839104631931850 ) ) ;
#2511 = CARTESIAN_POINT ( 'NONE',  ( -4.811912932110736563, 27.36534015417104371, -3.909836722877385373 ) ) ;
#2512 = EDGE_CURVE ( 'NONE', #2867, #1724, #1052, .T. ) ;
#2513 = ORIENTED_EDGE ( 'NONE', *, *, #1886, .F. ) ;
#2514 = EDGE_CURVE ( 'NONE', #2459, #384, #1097, .T. ) ;
#2515 = LINE ( 'NONE', #984, #1000 ) ;
#2516 = CARTESIAN_POINT ( 'NONE',  ( -1.236591795862496124, -1.122193363557216328, 3.175000000000000266 ) ) ;
#2517 = B_SPLINE_CURVE_WITH_KNOTS ( 'NONE', 3,
 ( #3132, #2356, #551, #77 ),
 .UNSPECIFIED., .F., .F.,
 ( 4, 4 ),
 ( 0.003995386356717293801, 0.005860318273239777803 ),
 .UNSPECIFIED. ) ;
#2518 = EDGE_CURVE ( 'NONE', #3244, #1071, #1764, .T. ) ;
#2519 = TOROIDAL_SURFACE ( 'NONE', #1051, 4.895770850515039463, 0.5000000000000000000 ) ;
#2520 = ORIENTED_EDGE ( 'NONE', *, *, #3354, .T. ) ;
#2521 = CIRCLE ( 'NONE', #139, 3.575000000000000178 ) ;
#2522 = AXIS2_PLACEMENT_3D ( 'NONE', #3067, #2588, #248 ) ;
#2523 = CARTESIAN_POINT ( 'NONE',  ( 3.666174209354124081, 0.9499999999999995115, -1.084202172485504237E-15 ) ) ;
#2524 = CARTESIAN_POINT ( 'NONE',  ( -7.651510687984895124E-14, 27.84877104863627650, 7.304932534758198592 ) ) ;
#2525 = ORIENTED_EDGE ( 'NONE', *, *, #1934, .T. ) ;
#2526 = ADVANCED_FACE ( 'NONE', ( #954 ), #715, .F. ) ;
#2527 = CARTESIAN_POINT ( 'NONE',  ( -6.206870581942696141, 27.26661389279361103, -0.1862181349512351536 ) ) ;
#2528 = CARTESIAN_POINT ( 'NONE',  ( -7.651510687984896386E-14, 27.70520243866988253, 5.811818991107776888 ) ) ;
#2529 = CARTESIAN_POINT ( 'NONE',  ( 4.382417989080929388, 35.74785620332212233, -3.143881213173427280 ) ) ;
#2530 = DIRECTION ( 'NONE',  ( 0.000000000000000000, 0.000000000000000000, 1.000000000000000000 ) ) ;
#2531 = ORIENTED_EDGE ( 'NONE', *, *, #2242, .F. ) ;
#2532 = DIRECTION ( 'NONE',  ( 0.000000000000000000, 1.000000000000000000, 0.000000000000000000 ) ) ;
#2533 = EDGE_CURVE ( 'NONE', #3033, #374, #776, .T. ) ;
#2534 = DIRECTION ( 'NONE',  ( 0.000000000000000000, 0.000000000000000000, 1.000000000000000000 ) ) ;
#2535 = EDGE_CURVE ( 'NONE', #3244, #3018, #2817, .T. ) ;
#2536 = DIRECTION ( 'NONE',  ( 0.000000000000000000, 1.000000000000000000, 0.000000000000000000 ) ) ;
#2537 = DIRECTION ( 'NONE',  ( -1.000000000000000000, 0.000000000000000000, -0.000000000000000000 ) ) ;
#2538 = ADVANCED_FACE ( 'NONE', ( #1726 ), #1803, .F. ) ;
#2539 = ORIENTED_EDGE ( 'NONE', *, *, #320, .F. ) ;
#2540 = DIRECTION ( 'NONE',  ( 0.000000000000000000, 0.000000000000000000, 1.000000000000000000 ) ) ;
#2541 = FACE_OUTER_BOUND ( 'NONE', #1505, .T. ) ;
#2542 = MANIFOLD_SOLID_BREP ( 'Chanfro1', #2553 ) ;
#2543 = VERTEX_POINT ( 'NONE', #1577 ) ;
#2544 = EDGE_CURVE ( 'NONE', #990, #2055, #3239, .T. ) ;
#2545 = CARTESIAN_POINT ( 'NONE',  ( 0.000000000000000000, 0.000000000000000000, -3.250000000000000444 ) ) ;
#2546 = DIRECTION ( 'NONE',  ( 0.000000000000000000, 0.000000000000000000, -1.000000000000000000 ) ) ;
#2547 = CARTESIAN_POINT ( 'NONE',  ( -4.382417989080951592, 35.74785620332212233, 3.143881213173396638 ) ) ;
#2548 = LINE ( 'NONE', #3096, #3214 ) ;
#2549 = EDGE_LOOP ( 'NONE', ( #605, #3196, #2762, #461 ) ) ;
#2550 = CARTESIAN_POINT ( 'NONE',  ( -5.308898677262546606, 35.87608199352013827, 0.8788361633550105800 ) ) ;
#2551 = AXIS2_PLACEMENT_3D ( 'NONE', #2505, #2790, #2008 ) ;
#2552 = DIRECTION ( 'NONE',  ( 0.000000000000000000, 0.000000000000000000, -1.000000000000000000 ) ) ;
#2553 = CLOSED_SHELL ( 'NONE', ( #413, #1496, #1169, #1202, #1016, #2596, #781, #19, #3037, #1407, #2086, #866, #1566, #3131, #1775, #2126, #682, #2326, #2739, #520, #2674, #2484, #1714, #262, #431, #1136, #1715, #2413, #557, #1628, #264, #2600, #14, #215, #3337, #347, #2495, #2960, #2476, #1433, #668, #817, #1710, #1544, #17, #2791, #1972, #2437, #1254, #205, #2538, #1209, #2072, #2796, #3275, #2757, #80, #116, #3292, #2743, #1909, #1305, #580, #2110, #2620, #1320, #1220, #2627, #2897, #955, #1752 ) ) ;
#2554 = CARTESIAN_POINT ( 'NONE',  ( 3.142851540447529679, 35.73864478242503395, -4.394095107964588465 ) ) ;
#2555 = FACE_OUTER_BOUND ( 'NONE', #3014, .T. ) ;
#2556 = VERTEX_POINT ( 'NONE', #2575 ) ;
#2557 = AXIS2_PLACEMENT_3D ( 'NONE', #302, #1087, #1659 ) ;
#2558 = B_SPLINE_CURVE_WITH_KNOTS ( 'NONE', 3,
 ( #183, #2550, #214, #456, #166, #741 ),
 .UNSPECIFIED., .F., .F.,
 ( 4, 2, 4 ),
 ( 7.165583942981723818E-18, 0.0003809919800252084044, 0.0007619839600504096531 ),
 .UNSPECIFIED. ) ;
#2559 = CARTESIAN_POINT ( 'NONE',  ( 3.631347456173310118, 28.55304410414921890, -4.883043112716165091 ) ) ;
#2560 = AXIS2_PLACEMENT_3D ( 'NONE', #352, #2210, #370 ) ;
#2561 = VERTEX_POINT ( 'NONE', #5 ) ;
#2562 = CARTESIAN_POINT ( 'NONE',  ( 3.841274703852719963, 27.41215118439586007, -4.860716367141288075 ) ) ;
#2563 = DIRECTION ( 'NONE',  ( 0.000000000000000000, 0.000000000000000000, -1.000000000000000000 ) ) ;
#2564 = DIRECTION ( 'NONE',  ( 0.000000000000000000, 1.000000000000000000, 0.000000000000000000 ) ) ;
#2565 = ORIENTED_EDGE ( 'NONE', *, *, #2432, .T. ) ;
#2566 = CARTESIAN_POINT ( 'NONE',  ( 0.8757062175543387506, 35.74485703477442655, -5.322201235360185301 ) ) ;
#2567 = CYLINDRICAL_SURFACE ( 'NONE', #350, 5.575000000000000178 ) ;
#2568 =( BOUNDED_CURVE ( )  B_SPLINE_CURVE ( 3, ( #1767, #208, #1242, #2286 ),
 .UNSPECIFIED., .F., .F. ) 
 B_SPLINE_CURVE_WITH_KNOTS ( ( 4, 4 ),
 ( 3.141592653589793116, 3.764975074606996319 ),
 .UNSPECIFIED. ) 
 CURVE ( )  GEOMETRIC_REPRESENTATION_ITEM ( )  RATIONAL_B_SPLINE_CURVE ( ( 1.000000000000000000, 0.9678775265542567396, 0.9678775265542567396, 1.000000000000000000 ) ) 
 REPRESENTATION_ITEM ( '' )  );
#2569 = CARTESIAN_POINT ( 'NONE',  ( 0.000000000000000000, 0.000000000000000000, 6.300000000000000711 ) ) ;
#2570 = CARTESIAN_POINT ( 'NONE',  ( 3.888253587678328879E-16, -1.233579561989599505, -3.175000000000001599 ) ) ;
#2571 = VERTEX_POINT ( 'NONE', #2861 ) ;
#2572 = VERTEX_POINT ( 'NONE', #762 ) ;
#2573 = EDGE_CURVE ( 'NONE', #2703, #811, #1175, .T. ) ;
#2574 = DIRECTION ( 'NONE',  ( -0.000000000000000000, 1.000000000000000000, -0.000000000000000000 ) ) ;
#2575 = CARTESIAN_POINT ( 'NONE',  ( 0.000000000000000000, 20.71998401917443644, -6.169200639233021199 ) ) ;
#2576 = AXIS2_PLACEMENT_3D ( 'NONE', #2124, #2300, #2628 ) ;
#2577 = EDGE_CURVE ( 'NONE', #1990, #2910, #764, .T. ) ;
#2578 = ORIENTED_EDGE ( 'NONE', *, *, #965, .F. ) ;
#2579 = TOROIDAL_SURFACE ( 'NONE', #569, 0.9999999999999997780, 0.5000000000000000000 ) ;
#2580 = CARTESIAN_POINT ( 'NONE',  ( 2.449293598294706414E-16, 1.250000000000001110, -2.000000000000000000 ) ) ;
#2581 = DIRECTION ( 'NONE',  ( 0.4999999999999998890, 0.000000000000000000, -0.8660254037844387076 ) ) ;
#2582 = CARTESIAN_POINT ( 'NONE',  ( -0.9344261866129854877, 36.15561510594510963, -5.049521763310102607 ) ) ;
#2583 = CIRCLE ( 'NONE', #3024, 4.895770850515039463 ) ;
#2584 = VERTEX_POINT ( 'NONE', #1815 ) ;
#2585 = EDGE_CURVE ( 'NONE', #170, #399, #2860, .T. ) ;
#2586 = MANIFOLD_SOLID_BREP ( 'Corte-extrus\X2\00e3\X0\o1', #2610 ) ;
#2587 = CARTESIAN_POINT ( 'NONE',  ( 0.000000000000000000, -1.249999999999999334, 0.000000000000000000 ) ) ;
#2588 = DIRECTION ( 'NONE',  ( -0.000000000000000000, -1.000000000000000000, -0.000000000000000000 ) ) ;
#2589 = PLANE ( 'NONE',  #2915 ) ;
#2590 =( BOUNDED_CURVE ( )  B_SPLINE_CURVE ( 3, ( #3224, #2419, #52, #638 ),
 .UNSPECIFIED., .F., .F. ) 
 B_SPLINE_CURVE_WITH_KNOTS ( ( 4, 4 ),
 ( 2.518210232572590357, 3.764975074606996319 ),
 .UNSPECIFIED. ) 
 CURVE ( )  GEOMETRIC_REPRESENTATION_ITEM ( )  RATIONAL_B_SPLINE_CURVE ( ( 1.000000000000000000, 0.8746056661178445157, 0.8746056661178445157, 1.000000000000000000 ) ) 
 REPRESENTATION_ITEM ( '' )  );
#2591 = FACE_OUTER_BOUND ( 'NONE', #639, .T. ) ;
#2592 = ORIENTED_EDGE ( 'NONE', *, *, #1, .T. ) ;
#2593 = VERTEX_POINT ( 'NONE', #290 ) ;
#2594 = CARTESIAN_POINT ( 'NONE',  ( 3.980102097228898231E-16, 30.20000000000000284, 3.250000000000000444 ) ) ;
#2595 = CARTESIAN_POINT ( 'NONE',  ( 3.365240864082644556, 1.107898174753727094, 0.5212318437018712558 ) ) ;
#2596 = ADVANCED_FACE ( 'NONE', ( #1321 ), #2350, .F. ) ;
#2597 = VERTEX_POINT ( 'NONE', #2569 ) ;
#2598 = PLANE ( 'NONE',  #1615 ) ;
#2599 = CARTESIAN_POINT ( 'NONE',  ( 0.000000000000000000, 5.299999999999999822, 0.000000000000000000 ) ) ;
#2600 = ADVANCED_FACE ( 'NONE', ( #1222, #1236 ), #2786, .T. ) ;
#2601 = DIRECTION ( 'NONE',  ( -0.000000000000000000, -1.000000000000000000, -0.000000000000000000 ) ) ;
#2602 = ORIENTED_EDGE ( 'NONE', *, *, #2067, .T. ) ;
#2603 = CYLINDRICAL_SURFACE ( 'NONE', #678, 3.000000000000000444 ) ;
#2604 = CARTESIAN_POINT ( 'NONE',  ( 0.000000000000000000, 0.000000000000000000, -2.000000000000003553 ) ) ;
#2605 = CARTESIAN_POINT ( 'NONE',  ( 2.913426352923997431, 36.20000000000000284, 3.508209678034492907 ) ) ;
#2606 = CIRCLE ( 'NONE', #1188, 2.000000000000001776 ) ;
#2607 = CARTESIAN_POINT ( 'NONE',  ( -3.150992617228069559, 36.19999999999999574, -4.069127194217849741 ) ) ;
#2608 = ORIENTED_EDGE ( 'NONE', *, *, #1916, .T. ) ;
#2609 = VERTEX_POINT ( 'NONE', #1251 ) ;
#2610 = CLOSED_SHELL ( 'NONE', ( #426, #1312, #931, #2774, #218, #2788, #2986, #2303, #375, #2880 ) ) ;
#2611 = DIRECTION ( 'NONE',  ( 0.000000000000000000, 0.000000000000000000, -1.000000000000000000 ) ) ;
#2612 =( LENGTH_UNIT ( ) NAMED_UNIT ( * ) SI_UNIT ( .MILLI., .METRE. ) );
#2613 = AXIS2_PLACEMENT_3D ( 'NONE', #3335, #2797, #450 ) ;
#2614 = ORIENTED_EDGE ( 'NONE', *, *, #1794, .F. ) ;
#2615 = CARTESIAN_POINT ( 'NONE',  ( 4.703262128307617473, 27.30266842003839045, -4.049138265306321927 ) ) ;
#2616 = CARTESIAN_POINT ( 'NONE',  ( -4.375389265984972909, 35.87608199352013827, 3.132527244664290667 ) ) ;
#2617 = APPLICATION_CONTEXT ( 'automotive_design' ) ;
#2618 = ORIENTED_EDGE ( 'NONE', *, *, #2432, .F. ) ;
#2619 = LINE ( 'NONE', #280, #2917 ) ;
#2620 = ADVANCED_FACE ( 'NONE', ( #986 ), #2519, .T. ) ;
#2621 = CARTESIAN_POINT ( 'NONE',  ( -5.165367331437748177, 27.84877104863627650, -5.165367331437766829 ) ) ;
#2622 = VERTEX_POINT ( 'NONE', #1759 ) ;
#2623 = CARTESIAN_POINT ( 'NONE',  ( 3.508209678034439172, 36.20000000000000284, 2.913426352924051166 ) ) ;
#2624 = DIRECTION ( 'NONE',  ( 0.000000000000000000, 0.5421268698220952365, 0.8402966482242428814 ) ) ;
#2625 = EDGE_LOOP ( 'NONE', ( #1241, #1019, #2122, #543, #275 ) ) ;
#2626 = ORIENTED_EDGE ( 'NONE', *, *, #2695, .T. ) ;
#2627 = ADVANCED_FACE ( 'NONE', ( #1468 ), #1994, .T. ) ;
#2628 = DIRECTION ( 'NONE',  ( -1.000000000000000000, 0.000000000000000000, 0.000000000000000000 ) ) ;
#2629 = CARTESIAN_POINT ( 'NONE',  ( -5.322499181287168035, 35.74185609686031739, -0.8756726926745543871 ) ) ;
#2630 = VECTOR ( 'NONE', #3135, 999.9999999999998863 ) ;
#2631 = ORIENTED_EDGE ( 'NONE', *, *, #2794, .T. ) ;
#2632 = B_SPLINE_CURVE_WITH_KNOTS ( 'NONE', 3,
 ( #2523, #733, #953, #2025, #172, #224, #1991, #1699 ),
 .UNSPECIFIED., .F., .F.,
 ( 4, 2, 2, 4 ),
 ( 2.380740674732717677E-07, 0.001851557466009770472, 0.002777217161980918923, 0.003702876857952068241 ),
 .UNSPECIFIED. ) ;
#2633 = CARTESIAN_POINT ( 'NONE',  ( 6.196687902623160937, 27.28631093204087321, -0.3707954759254952770 ) ) ;
#2634 = DIRECTION ( 'NONE',  ( -0.000000000000000000, 1.000000000000000000, -0.000000000000000000 ) ) ;
#2635 = PLANE ( 'NONE',  #1086 ) ;
#2636 = VERTEX_POINT ( 'NONE', #1739 ) ;
#2637 = CARTESIAN_POINT ( 'NONE',  ( 0.000000000000000000, 0.000000000000000000, -4.775000000000000355 ) ) ;
#2638 = AXIS2_PLACEMENT_3D ( 'NONE', #2816, #2000, #438 ) ;
#2639 = DIRECTION ( 'NONE',  ( 8.659560562354921765E-17, 0.7071067811865486830, -0.7071067811865464625 ) ) ;
#2640 = AXIS2_PLACEMENT_3D ( 'NONE', #185, #472, #3325 ) ;
#2641 = ORIENTED_EDGE ( 'NONE', *, *, #2535, .F. ) ;
#2642 = EDGE_CURVE ( 'NONE', #1851, #1493, #3295, .T. ) ;
#2643 = CARTESIAN_POINT ( 'NONE',  ( 4.081032889251989815, 35.74458789742279663, 3.190450315174168328 ) ) ;
#2644 = CARTESIAN_POINT ( 'NONE',  ( 4.382978747425705812, 35.73885485821556784, -3.144584363418542861 ) ) ;
#2645 = EDGE_CURVE ( 'NONE', #700, #1665, #1483, .T. ) ;
#2646 = ORIENTED_EDGE ( 'NONE', *, *, #3373, .T. ) ;
#2647 = DIRECTION ( 'NONE',  ( 0.000000000000000000, 0.000000000000000000, 1.000000000000000000 ) ) ;
#2648 = CARTESIAN_POINT ( 'NONE',  ( 3.132528071446091911, 35.87607265627848108, 4.375389777807788150 ) ) ;
#2649 = CARTESIAN_POINT ( 'NONE',  ( 1.833087104677064483, 0.9499999999999995115, 3.174999999999999378 ) ) ;
#2650 = ORIENTED_EDGE ( 'NONE', *, *, #1695, .T. ) ;
#2651 = B_SPLINE_CURVE_WITH_KNOTS ( 'NONE', 3,
 ( #2547, #2616, #2391, #550, #2653, #1338 ),
 .UNSPECIFIED., .F., .F.,
 ( 4, 2, 4 ),
 ( 7.112895110951044004E-18, 0.0003809919800252092176, 0.0007619839600504113878 ),
 .UNSPECIFIED. ) ;
#2652 = FACE_OUTER_BOUND ( 'NONE', #583, .T. ) ;
#2653 = CARTESIAN_POINT ( 'NONE',  ( -4.158127373413770478, 36.20000000000000995, 2.803515821200190050 ) ) ;
#2654 = CARTESIAN_POINT ( 'NONE',  ( -5.321897203152962774, 35.74785620332212233, -0.8757777529930896865 ) ) ;
#2655 = ORIENTED_EDGE ( 'NONE', *, *, #722, .T. ) ;
#2656 = DIRECTION ( 'NONE',  ( -0.000000000000000000, -1.000000000000000000, -0.000000000000000000 ) ) ;
#2657 = CARTESIAN_POINT ( 'NONE',  ( 4.923888029877832473, 36.19999999999999574, 0.9576561729588547456 ) ) ;
#2658 = ORIENTED_EDGE ( 'NONE', *, *, #250, .F. ) ;
#2659 = CARTESIAN_POINT ( 'NONE',  ( 3.901573164325090826, 36.20000000000000284, 2.714123671375322289 ) ) ;
#2660 = CARTESIAN_POINT ( 'NONE',  ( -4.558940869423031117, 33.21426811240093002, 3.315544805779671034 ) ) ;
#2661 = ORIENTED_EDGE ( 'NONE', *, *, #3083, .F. ) ;
#2662 = DIRECTION ( 'NONE',  ( 1.000000000000000000, 0.000000000000000000, 0.000000000000000000 ) ) ;
#2663 = VECTOR ( 'NONE', #288, 1000.000000000000000 ) ;
#2664 = CARTESIAN_POINT ( 'NONE',  ( 4.456781333201693229, 27.26320954431408339, 4.324500987357394521 ) ) ;
#2665 = VERTEX_POINT ( 'NONE', #3069 ) ;
#2666 = ADVANCED_FACE ( 'NONE', ( #2852, #491 ), #506, .T. ) ;
#2667 = CARTESIAN_POINT ( 'NONE',  ( 1.179683748676533250, 36.20000000000000284, -4.927520347313105731 ) ) ;
#2668 = DIRECTION ( 'NONE',  ( -1.000000000000000000, 0.000000000000000000, -0.000000000000000000 ) ) ;
#2669 = AXIS2_PLACEMENT_3D ( 'NONE', #1603, #1344, #2398 ) ;
#2670 = DIRECTION ( 'NONE',  ( -0.000000000000000000, 1.000000000000000000, -0.000000000000000000 ) ) ;
#2671 = ORIENTED_EDGE ( 'NONE', *, *, #494, .F. ) ;
#2672 = AXIS2_PLACEMENT_3D ( 'NONE', #1252, #2836, #3104 ) ;
#2673 = CARTESIAN_POINT ( 'NONE',  ( -3.107500827395457854, 36.20000000000000284, 4.388667662221537036 ) ) ;
#2674 = ADVANCED_FACE ( 'NONE', ( #2052, #2004 ), #459, .F. ) ;
#2675 = CARTESIAN_POINT ( 'NONE',  ( 3.888253587646774443E-16, 1.233579561989600171, 3.174999999999999822 ) ) ;
#2676 = CARTESIAN_POINT ( 'NONE',  ( -0.3706869574388116373, 27.28629310299665889, -6.196696324845147430 ) ) ;
#2677 = PRODUCT_DEFINITION_SHAPE ( 'NONE', 'NONE',  #1906 ) ;
#2678 = CARTESIAN_POINT ( 'NONE',  ( 2.650120673675023131, 36.20000000000000284, 4.318445430364546311 ) ) ;
#2679 = CARTESIAN_POINT ( 'NONE',  ( -0.8850824867232093274, 28.55304410414921534, -6.020583308932534017 ) ) ;
#2680 = ORIENTED_EDGE ( 'NONE', *, *, #875, .F. ) ;
#2681 = DIRECTION ( 'NONE',  ( 0.000000000000000000, -1.000000000000000000, 0.000000000000000000 ) ) ;
#2682 = ORIENTED_EDGE ( 'NONE', *, *, #2921, .F. ) ;
#2683 =( REPRESENTATION_RELATIONSHIP ('NONE','NONE', #2123, #3071 ) REPRESENTATION_RELATIONSHIP_WITH_TRANSFORMATION ( #1404 )SHAPE_REPRESENTATION_RELATIONSHIP( ) );
#2684 = ADVANCED_FACE ( 'NONE', ( #3359 ), #2589, .F. ) ;
#2685 = DIRECTION ( 'NONE',  ( 0.000000000000000000, -0.09571240664425774425, -0.9954090291002811730 ) ) ;
#2686 = CARTESIAN_POINT ( 'NONE',  ( 3.144584363418527317, 35.73885485821556784, 4.382978747425716470 ) ) ;
#2687 = EDGE_CURVE ( 'NONE', #3187, #2609, #1590, .T. ) ;
#2688 = CARTESIAN_POINT ( 'NONE',  ( 0.000000000000000000, 22.80000000000000426, -4.775000000000000355 ) ) ;
#2689 = ORIENTED_EDGE ( 'NONE', *, *, #3229, .F. ) ;
#2690 = VECTOR ( 'NONE', #418, 1000.000000000000114 ) ;
#2691 = CARTESIAN_POINT ( 'NONE',  ( -3.339704505828413605, 35.74785620332212943, 3.785791999661207718 ) ) ;
#2692 = DIRECTION ( 'NONE',  ( -0.000000000000000000, -1.000000000000000000, -0.000000000000000000 ) ) ;
#2693 = DIRECTION ( 'NONE',  ( 0.000000000000000000, 0.000000000000000000, -1.000000000000000000 ) ) ;
#2694 = ORIENTED_EDGE ( 'NONE', *, *, #635, .T. ) ;
#2695 = EDGE_CURVE ( 'NONE', #131, #691, #441, .T. ) ;
#2696 = MECHANICAL_DESIGN_GEOMETRIC_PRESENTATION_REPRESENTATION (  '', ( #1529 ), #2358 ) ;
#2697 = ORIENTED_EDGE ( 'NONE', *, *, #1200, .F. ) ;
#2698 = EDGE_CURVE ( 'NONE', #2215, #1411, #1867, .T. ) ;
#2699 = CARTESIAN_POINT ( 'NONE',  ( 3.144381164857903865, 35.74185609686031739, 4.382769363038091726 ) ) ;
#2700 = CIRCLE ( 'NONE', #1214, 3.000000000000000444 ) ;
#2701 = EDGE_CURVE ( 'NONE', #1304, #1637, #1485, .T. ) ;
#2702 = DIRECTION ( 'NONE',  ( -0.000000000000000000, -1.000000000000000000, -0.000000000000000000 ) ) ;
#2703 = VERTEX_POINT ( 'NONE', #51 ) ;
#2704 = EDGE_CURVE ( 'NONE', #1228, #3191, #3216, .T. ) ;
#2705 = APPLICATION_PROTOCOL_DEFINITION ( 'draft international standard', 'automotive_design', 1998, #3077 ) ;
#2706 = DIRECTION ( 'NONE',  ( -0.000000000000000000, -1.000000000000000000, -0.000000000000000000 ) ) ;
#2707 = PRODUCT_DEFINITION_CONTEXT ( 'detailed design', #1217, 'design' ) ;
#2708 = VERTEX_POINT ( 'NONE', #541 ) ;
#2709 =( BOUNDED_CURVE ( )  B_SPLINE_CURVE ( 3, ( #2021, #624, #1374, #2427 ),
 .UNSPECIFIED., .F., .F. ) 
 B_SPLINE_CURVE_WITH_KNOTS ( ( 4, 4 ),
 ( 2.630874857590355997, 3.652310449589230679 ),
 .UNSPECIFIED. ) 
 CURVE ( )  GEOMETRIC_REPRESENTATION_ITEM ( )  RATIONAL_B_SPLINE_CURVE ( ( 1.000000000000000000, 0.9149292474456449664, 0.9149292474456449664, 1.000000000000000000 ) ) 
 REPRESENTATION_ITEM ( '' )  );
#2710 = CARTESIAN_POINT ( 'NONE',  ( 3.888253587646774443E-16, 1.233579561989600171, 3.174999999999999822 ) ) ;
#2711 = CARTESIAN_POINT ( 'NONE',  ( 0.000000000000000000, 25.30000000000000426, 0.000000000000000000 ) ) ;
#2712 = CARTESIAN_POINT ( 'NONE',  ( 5.308899623798943423, 35.87607265627848108, -0.8788359406453928324 ) ) ;
#2713 = ORIENTED_EDGE ( 'NONE', *, *, #2815, .T. ) ;
#2714 = CARTESIAN_POINT ( 'NONE',  ( -3.901573164325136123, 36.20000000000000284, 2.714123671375261893 ) ) ;
#2715 = CYLINDRICAL_SURFACE ( 'NONE', #1788, 2.000000000000003553 ) ;
#2716 = CARTESIAN_POINT ( 'NONE',  ( 6.827405905246494173E-16, 0.000000000000000000, 5.575000000000000178 ) ) ;
#2717 = CARTESIAN_POINT ( 'NONE',  ( -4.120004774696623961, 27.28621823196979435, -4.643498487868518154 ) ) ;
#2718 = ORIENTED_EDGE ( 'NONE', *, *, #2322, .F. ) ;
#2719 = CARTESIAN_POINT ( 'NONE',  ( -0.8000000000000000444, 1.900000000000000133, -3.484339966191588811 ) ) ;
#2720 = CARTESIAN_POINT ( 'NONE',  ( -4.500340567775472422, 34.05580003434261727, 3.258547106632580181 ) ) ;
#2721 = ORIENTED_EDGE ( 'NONE', *, *, #1327, .F. ) ;
#2722 = SHAPE_DEFINITION_REPRESENTATION ( #1878, #3161 ) ;
#2723 = CARTESIAN_POINT ( 'NONE',  ( 3.909713502161079823, 27.36533943239885502, 4.812024772826231533 ) ) ;
#2724 = VERTEX_POINT ( 'NONE', #3153 ) ;
#2725 = AXIS2_PLACEMENT_3D ( 'NONE', #2265, #3349, #698 ) ;
#2726 = CARTESIAN_POINT ( 'NONE',  ( -0.9059217567368704760, 36.20000000000000284, -5.300591571925089340 ) ) ;
#2727 = DIRECTION ( 'NONE',  ( -0.000000000000000000, -1.000000000000000000, -0.000000000000000000 ) ) ;
#2728 = CARTESIAN_POINT ( 'NONE',  ( 2.449293598294712824E-16, 34.25000000000000000, 2.000000000000005329 ) ) ;
#2729 = ORIENTED_EDGE ( 'NONE', *, *, #3206, .T. ) ;
#2730 = CONICAL_SURFACE ( 'NONE', #2942, 2.000000000000005329, 0.7853981633974456145 ) ;
#2731 = CARTESIAN_POINT ( 'NONE',  ( -3.144584363418557960, 35.73885485821556784, -4.382978747425694266 ) ) ;
#2732 = CARTESIAN_POINT ( 'NONE',  ( -6.109291422986670383, 27.63849352325904718, 0.8861302811253424228 ) ) ;
#2733 = CARTESIAN_POINT ( 'NONE',  ( 0.7749999999999996891, 16.20000000000000284, 3.489985673323029669 ) ) ;
#2734 = VERTEX_POINT ( 'NONE', #1085 ) ;
#2735 = AXIS2_PLACEMENT_3D ( 'NONE', #475, #542, #1499 ) ;
#2736 = PLANE ( 'NONE',  #509 ) ;
#2737 = EDGE_CURVE ( 'NONE', #2321, #2609, #2327, .T. ) ;
#2738 = AXIS2_PLACEMENT_3D ( 'NONE', #134, #1917, #1183 ) ;
#2739 = ADVANCED_FACE ( 'NONE', ( #2887 ), #2100, .T. ) ;
#2740 = EDGE_LOOP ( 'NONE', ( #2235, #2241 ) ) ;
#2741 = CONICAL_SURFACE ( 'NONE', #1514, 5.575000000000000178, 0.9978301839061879397 ) ;
#2742 = VERTEX_POINT ( 'NONE', #1569 ) ;
#2743 = ADVANCED_FACE ( 'NONE', ( #3189 ), #1664, .T. ) ;
#2744 = CARTESIAN_POINT ( 'NONE',  ( -0.3154314918917083821, 35.74785620332212943, -5.038486898352755539 ) ) ;
#2745 = CARTESIAN_POINT ( 'NONE',  ( 3.439296019809261473, 31.38716634262295102, 4.686171592415361076 ) ) ;
#2746 = CARTESIAN_POINT ( 'NONE',  ( -4.382417989080951592, 35.74785620332212233, 3.143881213173396638 ) ) ;
#2747 = ORIENTED_EDGE ( 'NONE', *, *, #2181, .F. ) ;
#2748 = CARTESIAN_POINT ( 'NONE',  ( -2.913426352924060936, 36.20000000000000284, 3.508209678034520440 ) ) ;
#2749 = DIRECTION ( 'NONE',  ( 0.000000000000000000, -0.09571240664425774425, -0.9954090291002811730 ) ) ;
#2750 = DIRECTION ( 'NONE',  ( 0.000000000000000000, 0.000000000000000000, -1.000000000000000000 ) ) ;
#2751 = ORIENTED_EDGE ( 'NONE', *, *, #1357, .F. ) ;
#2752 = AXIS2_PLACEMENT_3D ( 'NONE', #913, #1918, #2750 ) ;
#2753 = CARTESIAN_POINT ( 'NONE',  ( -0.3154314918917766053, 35.74785620332212943, 5.038486898352751986 ) ) ;
#2754 = COLOUR_RGB ( '',0.7921568627450980005, 0.8196078431372548767, 0.9333333333333333481 ) ;
#2755 = EDGE_LOOP ( 'NONE', ( #901, #1208, #300, #2203 ) ) ;
#2756 = CONTEXT_DEPENDENT_SHAPE_REPRESENTATION ( #2906, #2982 ) ;
#2757 = ADVANCED_FACE ( 'NONE', ( #1294 ), #257, .T. ) ;
#2758 = AXIS2_PLACEMENT_3D ( 'NONE', #961, #1736, #2503 ) ;
#2759 = ORIENTED_EDGE ( 'NONE', *, *, #371, .T. ) ;
#2760 = CARTESIAN_POINT ( 'NONE',  ( 0.000000000000000000, 5.299999999999999822, 0.000000000000000000 ) ) ;
#2761 = CARTESIAN_POINT ( 'NONE',  ( 0.8780805772072073356, 34.05580003434261016, -5.486362089038665069 ) ) ;
#2762 = ORIENTED_EDGE ( 'NONE', *, *, #197, .F. ) ;
#2763 = B_SPLINE_CURVE_WITH_KNOTS ( 'NONE', 3,
 ( #714, #1743, #2283, #3330 ),
 .UNSPECIFIED., .F., .F.,
 ( 4, 4 ),
 ( 0.000000000000000000, 9.046164044265346947E-06 ),
 .UNSPECIFIED. ) ;
#2764 = CARTESIAN_POINT ( 'NONE',  ( 0.000000000000000000, 13.60000000000000320, 0.000000000000000000 ) ) ;
#2765 = CARTESIAN_POINT ( 'NONE',  ( 2.550503562661632234E-14, 27.84877104863627650, -7.304932534758198592 ) ) ;
#2766 = DIRECTION ( 'NONE',  ( -0.000000000000000000, -1.000000000000000000, -0.000000000000000000 ) ) ;
#2767 = ORIENTED_EDGE ( 'NONE', *, *, #311, .F. ) ;
#2768 = CARTESIAN_POINT ( 'NONE',  ( 4.382417989080929388, 35.74785620332212233, -3.143881213173427280 ) ) ;
#2769 = ORIENTED_EDGE ( 'NONE', *, *, #471, .F. ) ;
#2770 = B_SPLINE_CURVE_WITH_KNOTS ( 'NONE', 3,
 ( #1197, #161, #2827, #177, #2255, #483 ),
 .UNSPECIFIED., .F., .F.,
 ( 4, 2, 4 ),
 ( 7.204847710556567793E-18, 0.0003809919800252086755, 0.0007619839600504100868 ),
 .UNSPECIFIED. ) ;
#2771 = EDGE_CURVE ( 'NONE', #3279, #1779, #2345, .T. ) ;
#2772 = CARTESIAN_POINT ( 'NONE',  ( -0.8756770667148300324, 35.73885485821556784, 5.322790921487666971 ) ) ;
#2773 = DIRECTION ( 'NONE',  ( 0.000000000000000000, 0.000000000000000000, -1.000000000000000000 ) ) ;
#2774 = ADVANCED_FACE ( 'NONE', ( #2214, #1155 ), #2736, .T. ) ;
#2775 = ORIENTED_EDGE ( 'NONE', *, *, #1930, .F. ) ;
#2776 = CYLINDRICAL_SURFACE ( 'NONE', #1977, 2.000000000000003553 ) ;
#2777 = DIRECTION ( 'NONE',  ( 0.000000000000000000, 0.000000000000000000, 1.000000000000000000 ) ) ;
#2778 = CARTESIAN_POINT ( 'NONE',  ( 0.000000000000000000, 25.80000000000000426, 6.349999999999996092 ) ) ;
#2779 = AXIS2_PLACEMENT_3D ( 'NONE', #2807, #989, #2840 ) ;
#2780 = EDGE_CURVE ( 'NONE', #1216, #1075, #138, .T. ) ;
#2781 = CARTESIAN_POINT ( 'NONE',  ( -3.841424340043644747, 27.41190509780381745, -4.860632454937817037 ) ) ;
#2782 = VERTEX_POINT ( 'NONE', #902 ) ;
#2783 = EDGE_CURVE ( 'NONE', #308, #2042, #895, .T. ) ;
#2784 = CARTESIAN_POINT ( 'NONE',  ( 3.686932421305528784, 27.73292483621466431, -4.939956880105509818 ) ) ;
#2785 = CARTESIAN_POINT ( 'NONE',  ( -5.941012550181992147, 29.37316118810635146, 0.8841102007045694711 ) ) ;
#2786 = PLANE ( 'NONE',  #1367 ) ;
#2787 = AXIS2_PLACEMENT_3D ( 'NONE', #2158, #862, #1401 ) ;
#2788 = ADVANCED_FACE ( 'NONE', ( #1678 ), #666, .T. ) ;
#2789 = ORIENTED_EDGE ( 'NONE', *, *, #1613, .F. ) ;
#2790 = DIRECTION ( 'NONE',  ( -0.09571240664425757771, -0.9954090291002811730, 0.000000000000000000 ) ) ;
#2791 = ADVANCED_FACE ( 'NONE', ( #1187 ), #1263, .F. ) ;
#2792 = EDGE_LOOP ( 'NONE', ( #1282, #1762 ) ) ;
#2793 =( LENGTH_UNIT ( ) NAMED_UNIT ( * ) SI_UNIT ( .MILLI., .METRE. ) );
#2794 = EDGE_CURVE ( 'NONE', #700, #2665, #3204, .T. ) ;
#2795 = CARTESIAN_POINT ( 'NONE',  ( 4.375389777807777492, 35.87607265627848108, -3.132528071446105677 ) ) ;
#2796 = ADVANCED_FACE ( 'NONE', ( #3276 ), #3348, .T. ) ;
#2797 = DIRECTION ( 'NONE',  ( -0.000000000000000000, -1.000000000000000000, -0.000000000000000000 ) ) ;
#2798 = ORIENTED_EDGE ( 'NONE', *, *, #2010, .T. ) ;
#2799 = CARTESIAN_POINT ( 'NONE',  ( -1.236591795862496124, 1.122193363557215218, -3.175000000000001599 ) ) ;
#2800 = CARTESIAN_POINT ( 'NONE',  ( -2.595534411974571132, 1.233776848240156099, 1.854402525666628998 ) ) ;
#2801 = AXIS2_PLACEMENT_3D ( 'NONE', #1618, #1083, #1899 ) ;
#2802 = CARTESIAN_POINT ( 'NONE',  ( 4.081032889251957840, 35.74458789742281084, -3.190450315174122586 ) ) ;
#2803 = TOROIDAL_SURFACE ( 'NONE', #938, 0.9999999999999997780, 0.5000000000000000000 ) ;
#2804 = LINE ( 'NONE', #3251, #2945 ) ;
#2805 = VERTEX_POINT ( 'NONE', #3020 ) ;
#2806 = AXIS2_PLACEMENT_3D ( 'NONE', #2587, #2133, #3371 ) ;
#2807 = CARTESIAN_POINT ( 'NONE',  ( 0.000000000000000000, 5.299999999999999822, 0.000000000000000000 ) ) ;
#2808 = SURFACE_STYLE_FILL_AREA ( #1745 ) ;
#2809 = ORIENTED_EDGE ( 'NONE', *, *, #2783, .F. ) ;
#2810 = CARTESIAN_POINT ( 'NONE',  ( -4.678004094798304813, 36.20000000000000284, -0.8396535887812113241 ) ) ;
#2811 = CARTESIAN_POINT ( 'NONE',  ( -4.382417989080908072, 35.74785620332212233, -3.143881213173458367 ) ) ;
#2812 = CARTESIAN_POINT ( 'NONE',  ( 4.995011533287574856, 36.20000000000000284, 0.3246159894518143019 ) ) ;
#2813 = CARTESIAN_POINT ( 'NONE',  ( -1.833087104677060486, -1.249999999999999334, -3.175000000000001599 ) ) ;
#2814 = ORIENTED_EDGE ( 'NONE', *, *, #722, .F. ) ;
#2815 = EDGE_CURVE ( 'NONE', #3033, #2994, #680, .T. ) ;
#2816 = CARTESIAN_POINT ( 'NONE',  ( 0.000000000000000000, 34.25000000000000000, 0.000000000000000000 ) ) ;
#2817 = B_SPLINE_CURVE_WITH_KNOTS ( 'NONE', 3,
 ( #188, #2841, #3027, #1523, #3042, #478, #3350, #699 ),
 .UNSPECIFIED., .F., .F.,
 ( 4, 2, 2, 4 ),
 ( 2.380740674706922612E-07, 0.001851557466009767870, 0.002777217161980916321, 0.003702876857952064771 ),
 .UNSPECIFIED. ) ;
#2818 = LINE ( 'NONE', #3310, #559 ) ;
#2819 = B_SPLINE_CURVE_WITH_KNOTS ( 'NONE', 3,
 ( #178, #3306, #1997, #704 ),
 .UNSPECIFIED., .F., .F.,
 ( 4, 4 ),
 ( 6.993734334224841359E-18, 9.046164044272343439E-06 ),
 .UNSPECIFIED. ) ;
#2820 = DIRECTION ( 'NONE',  ( -0.000000000000000000, -1.000000000000000000, -0.000000000000000000 ) ) ;
#2821 = CARTESIAN_POINT ( 'NONE',  ( -2.134020449948542453, -1.107898174753728204, -2.653768156298128567 ) ) ;
#2822 = EDGE_LOOP ( 'NONE', ( #1905, #2525, #3184, #915, #2388, #2221, #2759, #2379, #2975, #1204, #221, #1551, #1657, #1782, #511, #2217 ) ) ;
#2823 = DIRECTION ( 'NONE',  ( 0.9954090291002810620, 0.09571240664425756384, 0.000000000000000000 ) ) ;
#2824 = DIRECTION ( 'NONE',  ( -0.000000000000000000, -1.000000000000000000, -0.000000000000000000 ) ) ;
#2825 = ORIENTED_EDGE ( 'NONE', *, *, #1095, .F. ) ;
#2826 = CARTESIAN_POINT ( 'NONE',  ( -6.209307221932395926, 27.26320489190302609, -0.09335710256973184240 ) ) ;
#2827 = CARTESIAN_POINT ( 'NONE',  ( -3.074269562693300095, 35.99423123528535484, -4.339543549418054980 ) ) ;
#2828 = CARTESIAN_POINT ( 'NONE',  ( 0.000000000000000000, 25.80000000000000426, 0.000000000000000000 ) ) ;
#2829 = CARTESIAN_POINT ( 'NONE',  ( 3.144584363418527317, 35.73885485821556784, 4.382978747425716470 ) ) ;
#2830 = ORIENTED_EDGE ( 'NONE', *, *, #697, .F. ) ;
#2831 = CARTESIAN_POINT ( 'NONE',  ( 0.000000000000000000, 36.20000000000000284, 0.000000000000000000 ) ) ;
#2832 = CONICAL_SURFACE ( 'NONE', #2106, 3.146558967083455727, 1.047197551196604737 ) ;
#2833 = CARTESIAN_POINT ( 'NONE',  ( 1.833087104677063151, -1.249999999999999334, 3.174999999999999378 ) ) ;
#2834 = EDGE_CURVE ( 'NONE', #1879, #69, #1008, .T. ) ;
#2835 = DIRECTION ( 'NONE',  ( 0.000000000000000000, 0.000000000000000000, 1.000000000000000000 ) ) ;
#2836 = DIRECTION ( 'NONE',  ( 0.000000000000000000, 1.000000000000000000, 0.000000000000000000 ) ) ;
#2837 = ORIENTED_EDGE ( 'NONE', *, *, #2834, .T. ) ;
#2838 = AXIS2_PLACEMENT_3D ( 'NONE', #2005, #2263, #1761 ) ;
#2839 = UNCERTAINTY_MEASURE_WITH_UNIT (LENGTH_MEASURE( 1.000000000000000082E-05 ), #1833, 'distance_accuracy_value', 'NONE');
#2840 = DIRECTION ( 'NONE',  ( 0.000000000000000000, 0.000000000000000000, 1.000000000000000000 ) ) ;
#2841 = CARTESIAN_POINT ( 'NONE',  ( -2.132395010966544380, -1.122805500267965328, 2.656583499199550058 ) ) ;
#2842 = ORIENTED_EDGE ( 'NONE', *, *, #1221, .F. ) ;
#2843 = CARTESIAN_POINT ( 'NONE',  ( 0.000000000000000000, 13.60000000000000320, -3.575000000000001066 ) ) ;
#2844 = CARTESIAN_POINT ( 'NONE',  ( 4.678004094797805656, 36.20000000000000284, 0.8396535887815739230 ) ) ;
#2845 = DIRECTION ( 'NONE',  ( -1.000000000000000000, 0.000000000000000000, 0.000000000000000000 ) ) ;
#2846 = AXIS2_PLACEMENT_3D ( 'NONE', #2238, #750, #433 ) ;
#2847 = ORIENTED_EDGE ( 'NONE', *, *, #1022, .T. ) ;
#2848 = EDGE_CURVE ( 'NONE', #3114, #2734, #1947, .T. ) ;
#2849 = DIRECTION ( 'NONE',  ( 0.000000000000000000, 0.000000000000000000, -1.000000000000000000 ) ) ;
#2850 = EDGE_CURVE ( 'NONE', #2161, #20, #1645, .T. ) ;
#2851 = LINE ( 'NONE', #196, #779 ) ;
#2852 = FACE_BOUND ( 'NONE', #753, .T. ) ;
#2853 = DIRECTION ( 'NONE',  ( -0.000000000000000000, -1.000000000000000000, -0.000000000000000000 ) ) ;
#2854 = ORIENTED_EDGE ( 'NONE', *, *, #1122, .T. ) ;
#2855 = ORIENTED_EDGE ( 'NONE', *, *, #2771, .F. ) ;
#2856 = CIRCLE ( 'NONE', #2296, 3.146558967083455727 ) ;
#2857 = AXIS2_PLACEMENT_3D ( 'NONE', #361, #2647, #70 ) ;
#2858 = EDGE_CURVE ( 'NONE', #1333, #2070, #932, .T. ) ;
#2859 = DIRECTION ( 'NONE',  ( -0.06767889178183972287, -0.9954090291002810620, 0.06767889178183805754 ) ) ;
#2860 = CIRCLE ( 'NONE', #2029, 1.499999999999999778 ) ;
#2861 = CARTESIAN_POINT ( 'NONE',  ( -3.144584363418616579, 35.73885485821559627, 4.382978747425649857 ) ) ;
#2862 = ORIENTED_EDGE ( 'NONE', *, *, #3148, .T. ) ;
#2863 = VECTOR ( 'NONE', #2037, 1000.000000000000000 ) ;
#2864 = CARTESIAN_POINT ( 'NONE',  ( 6.153283370001866537, 27.41190509780382101, 0.7206889694820134418 ) ) ;
#2865 = DIRECTION ( 'NONE',  ( -1.002534245082572603E-15, -0.9954090291002811730, 0.09571240664425757771 ) ) ;
#2866 = CYLINDRICAL_SURFACE ( 'NONE', #270, 3.250000000000000444 ) ;
#2867 = VERTEX_POINT ( 'NONE', #2784 ) ;
#2868 = DIRECTION ( 'NONE',  ( -0.000000000000000000, -1.000000000000000000, -0.000000000000000000 ) ) ;
#2869 = CARTESIAN_POINT ( 'NONE',  ( -3.470987982972451944E-26, -1.233579561989600393, 3.174999999999999822 ) ) ;
#2870 = CARTESIAN_POINT ( 'NONE',  ( 0.3702742481682727571, 27.28623598837159747, -6.196724190771529805 ) ) ;
#2871 = CARTESIAN_POINT ( 'NONE',  ( -3.339704505828363867, 35.74785620332212943, -3.785791999661251683 ) ) ;
#2872 = ORIENTED_EDGE ( 'NONE', *, *, #619, .T. ) ;
#2873 = EDGE_LOOP ( 'NONE', ( #2854, #2394 ) ) ;
#2874 = LINE ( 'NONE', #2107, #2663 ) ;
#2875 = DIRECTION ( 'NONE',  ( 0.9954090291002811730, -0.09571240664425774425, 0.000000000000000000 ) ) ;
#2876 = EDGE_LOOP ( 'NONE', ( #3139, #1787, #784, #1982 ) ) ;
#2877 = EDGE_CURVE ( 'NONE', #452, #150, #2310, .T. ) ;
#2878 = DIRECTION ( 'NONE',  ( -0.000000000000000000, -1.000000000000000000, -0.000000000000000000 ) ) ;
#2879 = DIRECTION ( 'NONE',  ( 0.000000000000000000, 1.000000000000000000, 0.000000000000000000 ) ) ;
#2880 = ADVANCED_FACE ( 'NONE', ( #2018 ), #1983, .F. ) ;
#2881 = VERTEX_POINT ( 'NONE', #1013 ) ;
#2882 = FACE_OUTER_BOUND ( 'NONE', #3001, .T. ) ;
#2883 = CARTESIAN_POINT ( 'NONE',  ( 0.000000000000000000, 0.000000000000000000, 1.700000000000003508 ) ) ;
#2884 = CARTESIAN_POINT ( 'NONE',  ( 0.000000000000000000, 35.70000000000000284, 0.000000000000000000 ) ) ;
#2885 = EDGE_CURVE ( 'NONE', #2131, #2572, #3293, .T. ) ;
#2886 = TOROIDAL_SURFACE ( 'NONE', #2386, 0.9999999999999997780, 0.5000000000000000000 ) ;
#2887 = FACE_OUTER_BOUND ( 'NONE', #1836, .T. ) ;
#2888 = AXIS2_PLACEMENT_3D ( 'NONE', #1900, #49, #3151 ) ;
#2889 = CARTESIAN_POINT ( 'NONE',  ( -3.107500827395397902, 36.20000000000000284, -4.388667662221577004 ) ) ;
#2890 = ORIENTED_EDGE ( 'NONE', *, *, #415, .F. ) ;
#2891 = ORIENTED_EDGE ( 'NONE', *, *, #525, .F. ) ;
#2892 =( GEOMETRIC_REPRESENTATION_CONTEXT ( 3 ) GLOBAL_UNCERTAINTY_ASSIGNED_CONTEXT ( ( #3154 ) ) GLOBAL_UNIT_ASSIGNED_CONTEXT ( ( #1116, #1581, #1560 ) ) REPRESENTATION_CONTEXT ( 'NONE', 'WORKASPACE' ) );
#2893 = CARTESIAN_POINT ( 'NONE',  ( 0.000000000000000000, 0.000000000000000000, 0.000000000000000000 ) ) ;
#2894 = ORIENTED_EDGE ( 'NONE', *, *, #2157, .T. ) ;
#2895 = CARTESIAN_POINT ( 'NONE',  ( 2.595534411974575129, -1.233776848240156543, 1.854402525666627222 ) ) ;
#2896 = CARTESIAN_POINT ( 'NONE',  ( 2.903726902056612325, -1.233776848240155877, -1.320597474333372157 ) ) ;
#2897 = ADVANCED_FACE ( 'NONE', ( #470 ), #1869, .T. ) ;
#2898 = ORIENTED_EDGE ( 'NONE', *, *, #3123, .F. ) ;
#2899 = LINE ( 'NONE', #2637, #1702 ) ;
#2900 = EDGE_CURVE ( 'NONE', #2161, #69, #1218, .T. ) ;
#2901 = CARTESIAN_POINT ( 'NONE',  ( -3.394948052527688276, 32.04181550095519526, 4.640627060739761944 ) ) ;
#2902 = CARTESIAN_POINT ( 'NONE',  ( -0.09338476730222031175, 27.26320489190302965, -6.209307221932398591 ) ) ;
#2903 = CARTESIAN_POINT ( 'NONE',  ( 4.394095107964577807, 35.73864478242503395, 3.142851540447543890 ) ) ;
#2904 = CARTESIAN_POINT ( 'NONE',  ( -3.144584363418616579, 35.73885485821559627, 4.382978747425649857 ) ) ;
#2905 = ORIENTED_EDGE ( 'NONE', *, *, #2144, .F. ) ;
#2906 =( REPRESENTATION_RELATIONSHIP ('NONE','NONE', #2123, #1403 ) REPRESENTATION_RELATIONSHIP_WITH_TRANSFORMATION ( #3262 )SHAPE_REPRESENTATION_RELATIONSHIP( ) );
#2907 = DIRECTION ( 'NONE',  ( -0.000000000000000000, -1.000000000000000000, -0.000000000000000000 ) ) ;
#2908 = SURFACE_SIDE_STYLE ('',( #3364 ) ) ;
#2909 = AXIS2_PLACEMENT_3D ( 'NONE', #1806, #2307, #999 ) ;
#2910 = VERTEX_POINT ( 'NONE', #1773 ) ;
#2911 = AXIS2_PLACEMENT_3D ( 'NONE', #444, #1712, #2773 ) ;
#2912 = CARTESIAN_POINT ( 'NONE',  ( 6.209304276380871457, 27.26320954431408339, -0.09353632956426187472 ) ) ;
#2913 = CARTESIAN_POINT ( 'NONE',  ( 5.745573248915702536, 31.38716634262295102, 0.8816741726855824579 ) ) ;
#2914 = ORIENTED_EDGE ( 'NONE', *, *, #2877, .T. ) ;
#2915 = AXIS2_PLACEMENT_3D ( 'NONE', #251, #950, #3053 ) ;
#2916 = CARTESIAN_POINT ( 'NONE',  ( 0.000000000000000000, 0.000000000000000000, 0.000000000000000000 ) ) ;
#2917 = VECTOR ( 'NONE', #1307, 1000.000000000000000 ) ;
#2918 = CARTESIAN_POINT ( 'NONE',  ( 0.000000000000000000, 36.20000000000000284, 0.000000000000000000 ) ) ;
#2919 = DIRECTION ( 'NONE',  ( -0.000000000000000000, -1.000000000000000000, -0.000000000000000000 ) ) ;
#2920 = DIRECTION ( 'NONE',  ( 0.000000000000000000, -1.000000000000000000, 0.000000000000000000 ) ) ;
#2921 = EDGE_CURVE ( 'NONE', #304, #1724, #567, .T. ) ;
#2922 = CARTESIAN_POINT ( 'NONE',  ( 0.7750000000000002442, 13.60000000000000320, 3.489985673323030113 ) ) ;
#2923 = ORIENTED_EDGE ( 'NONE', *, *, #2007, .T. ) ;
#2924 = FACE_OUTER_BOUND ( 'NONE', #2822, .T. ) ;
#2925 = ORIENTED_EDGE ( 'NONE', *, *, #3373, .F. ) ;
#2926 = CARTESIAN_POINT ( 'NONE',  ( 0.8396535887815227417, 36.20000000000000284, -4.678004094797886481 ) ) ;
#2927 = LINE ( 'NONE', #571, #3340 ) ;
#2928 = CARTESIAN_POINT ( 'NONE',  ( 0.000000000000000000, -1.249999999999999334, 2.000000000000000000 ) ) ;
#2929 = VERTEX_POINT ( 'NONE', #1720 ) ;
#2930 = CARTESIAN_POINT ( 'NONE',  ( -4.382769363038058863, 35.74185609686031739, -3.144381164857949607 ) ) ;
#2931 = CARTESIAN_POINT ( 'NONE',  ( -3.269737675643876962, 33.89034295923231355, 4.511942011531129282 ) ) ;
#2932 = CARTESIAN_POINT ( 'NONE',  ( -4.797171717435385396, 36.20000000000000284, 0.9776071471663753121 ) ) ;
#2933 = DIRECTION ( 'NONE',  ( 0.000000000000000000, 0.000000000000000000, 1.000000000000000000 ) ) ;
#2934 = DIRECTION ( 'NONE',  ( -0.000000000000000000, 1.000000000000000000, -0.000000000000000000 ) ) ;
#2935 = ADVANCED_FACE ( 'NONE', ( #3309 ), #2291, .F. ) ;
#2936 = ORIENTED_EDGE ( 'NONE', *, *, #3230, .F. ) ;
#2937 = EDGE_CURVE ( 'NONE', #2965, #883, #2515, .T. ) ;
#2938 = CARTESIAN_POINT ( 'NONE',  ( -4.136851874833269882, 45.12486044792481010, 0.000000000000000000 ) ) ;
#2939 = ORIENTED_EDGE ( 'NONE', *, *, #2157, .F. ) ;
#2940 = EDGE_CURVE ( 'NONE', #69, #1402, #2102, .T. ) ;
#2941 = CARTESIAN_POINT ( 'NONE',  ( 0.9576561729590287175, 36.19999999999999574, 4.923888029877878658 ) ) ;
#2942 = AXIS2_PLACEMENT_3D ( 'NONE', #3321, #2319, #228 ) ;
#2943 = CARTESIAN_POINT ( 'NONE',  ( -4.447372853558036354, 36.19999999999999574, -0.3561685780241910515 ) ) ;
#2944 = ORIENTED_EDGE ( 'NONE', *, *, #1034, .T. ) ;
#2945 = VECTOR ( 'NONE', #346, 1000.000000000000000 ) ;
#2946 = EDGE_CURVE ( 'NONE', #674, #57, #2558, .T. ) ;
#2947 = CARTESIAN_POINT ( 'NONE',  ( -5.141715083133797215, 35.74458789742284637, 0.6297369773370210533 ) ) ;
#2948 = CARTESIAN_POINT ( 'NONE',  ( 0.000000000000000000, 13.60000000000000320, 0.000000000000000000 ) ) ;
#2949 = DIRECTION ( 'NONE',  ( -0.000000000000000000, 1.000000000000000000, -0.000000000000000000 ) ) ;
#2950 = DIRECTION ( 'NONE',  ( 3.341780816941908018E-16, -0.9954090291002810620, -0.09571240664425756384 ) ) ;
#2951 = ORIENTED_EDGE ( 'NONE', *, *, #2645, .T. ) ;
#2952 = PRODUCT_DEFINITION_SHAPE ( 'NONE', 'NONE',  #3377 ) ;
#2953 = CARTESIAN_POINT ( 'NONE',  ( 1.235864791576348543, 1.122403231617397079, -3.175000000000001599 ) ) ;
#2954 = AXIS2_PLACEMENT_3D ( 'NONE', #1979, #3284, #2777 ) ;
#2955 = CARTESIAN_POINT ( 'NONE',  ( -4.441688628140722628, 34.89732906525181022, 3.201559782603171200 ) ) ;
#2956 = ORIENTED_EDGE ( 'NONE', *, *, #821, .T. ) ;
#2957 = PRODUCT_CONTEXT ( 'NONE', #1623, 'mechanical' ) ;
#2958 = FACE_OUTER_BOUND ( 'NONE', #1006, .T. ) ;
#2959 = ORIENTED_EDGE ( 'NONE', *, *, #2176, .T. ) ;
#2960 = ADVANCED_FACE ( 'NONE', ( #997 ), #2579, .F. ) ;
#2961 = DIRECTION ( 'NONE',  ( -0.06767889178183972287, -0.9954090291002811730, 0.06767889178183807142 ) ) ;
#2962 = CIRCLE ( 'NONE', #3294, 1.500000000000000000 ) ;
#2963 = CARTESIAN_POINT ( 'NONE',  ( 3.686932421305459506, 27.73292483621466431, 4.939956880105562220 ) ) ;
#2964 = DIRECTION ( 'NONE',  ( 0.000000000000000000, 1.000000000000000000, 0.000000000000000000 ) ) ;
#2965 = VERTEX_POINT ( 'NONE', #3098 ) ;
#2966 = CONICAL_SURFACE ( 'NONE', #2132, 3.666174209354124525, 1.047197551196604737 ) ;
#2967 = CARTESIAN_POINT ( 'NONE',  ( -0.8000000000000000444, 1.900000000000000133, -4.424999999999999822 ) ) ;
#2968 = CARTESIAN_POINT ( 'NONE',  ( 4.382978747425660515, 35.73885485821559627, 3.144584363418601480 ) ) ;
#2969 = CARTESIAN_POINT ( 'NONE',  ( 4.382417989080929388, 35.74785620332212233, -3.143881213173427280 ) ) ;
#2970 = VERTEX_POINT ( 'NONE', #425 ) ;
#2971 = DIRECTION ( 'NONE',  ( 0.000000000000000000, 0.000000000000000000, -1.000000000000000000 ) ) ;
#2972 = AXIS2_PLACEMENT_3D ( 'NONE', #151, #2175, #1123 ) ;
#2973 = CIRCLE ( 'NONE', #2909, 3.250000000000000444 ) ;
#2974 = CARTESIAN_POINT ( 'NONE',  ( 4.441688628140701312, 34.89732906525181022, -3.201559782603202287 ) ) ;
#2975 = ORIENTED_EDGE ( 'NONE', *, *, #2573, .T. ) ;
#2976 = B_SPLINE_CURVE_WITH_KNOTS ( 'NONE', 3,
 ( #261, #2034, #1786, #2582, #3355, #500 ),
 .UNSPECIFIED., .F., .F.,
 ( 4, 2, 4 ),
 ( 7.165583942981723818E-18, 0.0003809919800252088381, 0.0007619839600504105205 ),
 .UNSPECIFIED. ) ;
#2977 = CARTESIAN_POINT ( 'NONE',  ( 3.731431837010416253, 27.54914389154632559, 4.929034413910897250 ) ) ;
#2978 = ORIENTED_EDGE ( 'NONE', *, *, #2178, .T. ) ;
#2979 = CARTESIAN_POINT ( 'NONE',  ( 0.000000000000000000, 22.80000000000000426, 0.000000000000000000 ) ) ;
#2980 = DIRECTION ( 'NONE',  ( 0.000000000000000000, 1.000000000000000000, 0.000000000000000000 ) ) ;
#2981 = CARTESIAN_POINT ( 'NONE',  ( 0.8756770667147926179, 35.73885485821556784, -5.322790921487672300 ) ) ;
#2982 = PRODUCT_DEFINITION_SHAPE ( 'NONE', 'NONE',  #3376 ) ;
#2983 = EDGE_CURVE ( 'NONE', #1060, #341, #1167, .T. ) ;
#2984 = ORIENTED_EDGE ( 'NONE', *, *, #3188, .T. ) ;
#2985 = CARTESIAN_POINT ( 'NONE',  ( 0.000000000000000000, 35.74785620332212233, 0.000000000000000000 ) ) ;
#2986 = ADVANCED_FACE ( 'NONE', ( #488 ), #1234, .T. ) ;
#2987 = CARTESIAN_POINT ( 'NONE',  ( -3.722120605919067682, 35.75128683324494716, -3.250138609924611011 ) ) ;
#2988 = CARTESIAN_POINT ( 'NONE',  ( -0.6277875928326860366, 1.233579561989599949, 3.174999999999999822 ) ) ;
#2989 = CARTESIAN_POINT ( 'NONE',  ( -4.257069950853241913, 27.26662025165796521, 4.520762485004730991 ) ) ;
#2990 = B_SPLINE_CURVE_WITH_KNOTS ( 'NONE', 3,
 ( #2209, #3002, #2930, #95 ),
 .UNSPECIFIED., .F., .F.,
 ( 4, 4 ),
 ( 0.000000000000000000, 9.046164044237515138E-06 ),
 .UNSPECIFIED. ) ;
#2991 = ORIENTED_EDGE ( 'NONE', *, *, #2344, .T. ) ;
#2992 = DIRECTION ( 'NONE',  ( 0.000000000000000000, 1.000000000000000000, 0.000000000000000000 ) ) ;
#2993 = EDGE_CURVE ( 'NONE', #2543, #2867, #1698, .T. ) ;
#2994 = VERTEX_POINT ( 'NONE', #3168 ) ;
#2995 = APPLICATION_PROTOCOL_DEFINITION ( 'draft international standard', 'automotive_design', 1998, #2617 ) ;
#2996 = ORIENTED_EDGE ( 'NONE', *, *, #1378, .T. ) ;
#2997 = CIRCLE ( 'NONE', #207, 5.575000000000000178 ) ;
#2998 = DIRECTION ( 'NONE',  ( 1.224646799147353454E-16, 0.000000000000000000, -1.000000000000000000 ) ) ;
#2999 = CARTESIAN_POINT ( 'NONE',  ( 0.000000000000000000, 33.25000000000000000, 0.000000000000000000 ) ) ;
#3000 = CYLINDRICAL_SURFACE ( 'NONE', #2838, 4.775000000000000355 ) ;
#3001 = EDGE_LOOP ( 'NONE', ( #1038, #206, #3074, #2513 ) ) ;
#3002 = CARTESIAN_POINT ( 'NONE',  ( -4.382582389122485544, 35.74485703477443366, -3.144146779602734920 ) ) ;
#3003 = CARTESIAN_POINT ( 'NONE',  ( 1.236591795862495680, -1.122193363557215662, -3.175000000000001599 ) ) ;
#3004 = CARTESIAN_POINT ( 'NONE',  ( -6.123992392604016288, 27.54855853993737114, 0.8463675961348386956 ) ) ;
#3005 = CARTESIAN_POINT ( 'NONE',  ( -4.860632454937855229, 27.41190509780381745, 3.841424340043594565 ) ) ;
#3006 = ORIENTED_EDGE ( 'NONE', *, *, #763, .F. ) ;
#3007 = EDGE_CURVE ( 'NONE', #1660, #131, #1805, .T. ) ;
#3008 = CARTESIAN_POINT ( 'NONE',  ( -0.9059217567369425295, 36.20000000000000284, 5.300591571925074241 ) ) ;
#3009 = ORIENTED_EDGE ( 'NONE', *, *, #2937, .T. ) ;
#3010 = PRODUCT_CONTEXT ( 'NONE', #1604, 'mechanical' ) ;
#3011 = EDGE_LOOP ( 'NONE', ( #2285, #2751, #1474 ) ) ;
#3012 = CARTESIAN_POINT ( 'NONE',  ( 0.8860220918100389920, 27.73292483621466431, 6.100131925573428759 ) ) ;
#3013 = FACE_OUTER_BOUND ( 'NONE', #1406, .T. ) ;
#3014 = EDGE_LOOP ( 'NONE', ( #3060, #2936, #2073, #2891, #38, #3308 ) ) ;
#3015 = CARTESIAN_POINT ( 'NONE',  ( 0.6274379993957162061, -1.233579561989599505, -3.175000000000001599 ) ) ;
#3016 = DIRECTION ( 'NONE',  ( -0.000000000000000000, -1.000000000000000000, -0.000000000000000000 ) ) ;
#3017 = CARTESIAN_POINT ( 'NONE',  ( 4.382978747425660515, 35.73885485821559627, 3.144584363418601480 ) ) ;
#3018 = VERTEX_POINT ( 'NONE', #804 ) ;
#3019 = AXIS2_PLACEMENT_3D ( 'NONE', #2828, #3320, #2563 ) ;
#3020 = CARTESIAN_POINT ( 'NONE',  ( 0.000000000000000000, 36.20000000000000284, -3.250000000000000444 ) ) ;
#3021 = CIRCLE ( 'NONE', #292, 3.000000000000000444 ) ;
#3022 = B_SPLINE_CURVE_WITH_KNOTS ( 'NONE', 3,
 ( #2211, #422, #2988, #1705 ),
 .UNSPECIFIED., .F., .F.,
 ( 4, 4 ),
 ( 0.003995386356717295535, 0.005860318273239776068 ),
 .UNSPECIFIED. ) ;
#3023 = EDGE_CURVE ( 'NONE', #1411, #2048, #1031, .T. ) ;
#3024 = AXIS2_PLACEMENT_3D ( 'NONE', #926, #1507, #1476 ) ;
#3025 = ORIENTED_EDGE ( 'NONE', *, *, #2377, .T. ) ;
#3026 = CARTESIAN_POINT ( 'NONE',  ( 4.158879789674448268, 36.19999999999999574, 2.804549441785393782 ) ) ;
#3027 = CARTESIAN_POINT ( 'NONE',  ( -2.436187538471293657, -1.233181647331636155, 2.130399406601558354 ) ) ;
#3028 = ORIENTED_EDGE ( 'NONE', *, *, #2067, .F. ) ;
#3029 = DIRECTION ( 'NONE',  ( 1.000000000000000000, 0.000000000000000000, 0.000000000000000000 ) ) ;
#3030 = CARTESIAN_POINT ( 'NONE',  ( -2.803515821200317948, 36.20000000000000995, 4.158127373413665673 ) ) ;
#3031 = CARTESIAN_POINT ( 'NONE',  ( 4.382978747425660515, 35.73885485821559627, 3.144584363418601480 ) ) ;
#3032 = CARTESIAN_POINT ( 'NONE',  ( -4.520762485004774511, 27.26662025165797232, -4.257069950853194840 ) ) ;
#3033 = VERTEX_POINT ( 'NONE', #2323 ) ;
#3034 = CARTESIAN_POINT ( 'NONE',  ( 3.144381164857964706, 35.74185609686031739, -4.382769363038047317 ) ) ;
#3035 = CARTESIAN_POINT ( 'NONE',  ( -0.3702742481683148901, 27.28623598837159747, 6.196724190771530694 ) ) ;
#3036 = CARTESIAN_POINT ( 'NONE',  ( 0.000000000000000000, 1.900000000000000133, 0.000000000000000000 ) ) ;
#3037 = ADVANCED_FACE ( 'NONE', ( #2882 ), #2603, .T. ) ;
#3038 = ORIENTED_EDGE ( 'NONE', *, *, #3278, .F. ) ;
#3039 = EDGE_CURVE ( 'NONE', #2572, #2507, #298, .T. ) ;
#3040 = EDGE_CURVE ( 'NONE', #2042, #2593, #153, .T. ) ;
#3041 = CARTESIAN_POINT ( 'NONE',  ( 7.776507174585689205E-16, 25.80000000000000426, 6.349999999999996092 ) ) ;
#3042 = CARTESIAN_POINT ( 'NONE',  ( -3.059414132961649990, -1.206713126527466651, 1.050939280316137037 ) ) ;
#3043 = ORIENTED_EDGE ( 'NONE', *, *, #908, .F. ) ;
#3044 = EDGE_CURVE ( 'NONE', #700, #3187, #2521, .T. ) ;
#3045 = CARTESIAN_POINT ( 'NONE',  ( 3.693331714621789885, 27.63850751064204658, -4.946509153555562754 ) ) ;
#3046 = CARTESIAN_POINT ( 'NONE',  ( 4.769095055243459669, 30.19327585426520244, 3.520200855833210962 ) ) ;
#3047 = LINE ( 'NONE', #2813, #865 ) ;
#3048 = ORIENTED_EDGE ( 'NONE', *, *, #2442, .T. ) ;
#3049 = DIRECTION ( 'NONE',  ( -1.002534245082572405E-15, -0.9954090291002810620, 0.09571240664425757771 ) ) ;
#3050 = CARTESIAN_POINT ( 'NONE',  ( -3.666174209354124081, 0.9499999999999995115, 2.602085213965210247E-15 ) ) ;
#3051 =( BOUNDED_SURFACE ( )  B_SPLINE_SURFACE ( 3, 2, ( 
 ( #1389, #2726, #385 ),
 ( #127, #584, #142 ),
 ( #2205, #3249, #2744 ),
 ( #400, #2479, #1177 ),
 ( #2926, #922, #1611 ),
 ( #2667, #326, #1225 ) ),
 .UNSPECIFIED., .F., .F., .T. ) 
 B_SPLINE_SURFACE_WITH_KNOTS ( ( 4, 2, 4 ),
 ( 3, 3 ),
 ( 2.510729643520384524, 3.141592653589793116, 3.772455663659202152 ),
 ( 0.000000000000000000, 1.000000000000000000 ),
 .UNSPECIFIED. ) 
 GEOMETRIC_REPRESENTATION_ITEM ( )  RATIONAL_B_SPLINE_SURFACE ( (
 ( 1.000000000000000000, 0.7339242347988189641, 1.000000000000000000),
 ( 1.000000000000000000, 0.7379907051409162477, 1.000000000000000000),
 ( 1.000000000000000000, 0.7401730901094208948, 1.000000000000000000),
 ( 1.000000000000000000, 0.7401730901094208948, 1.000000000000000000),
 ( 1.000000000000000000, 0.7379907051409162477, 1.000000000000000000),
 ( 1.000000000000000000, 0.7339242347988189641, 1.000000000000000000) ) ) 
 REPRESENTATION_ITEM ( '' )  SURFACE ( )  );
#3052 = STYLED_ITEM ( 'NONE', ( #1858 ), #322 ) ;
#3053 = DIRECTION ( 'NONE',  ( -0.5000000000000000000, 0.000000000000000000, -0.8660254037844385966 ) ) ;
#3054 = CARTESIAN_POINT ( 'NONE',  ( 0.8788361633550295648, 35.87608199352013827, -5.308898677262544830 ) ) ;
#3055 = EDGE_LOOP ( 'NONE', ( #1596, #841, #936, #2402 ) ) ;
#3056 = CIRCLE ( 'NONE', #3167, 0.7886920815068586554 ) ;
#3057 = CARTESIAN_POINT ( 'NONE',  ( 7.776507174585689205E-16, 25.80000000000000426, -6.349999999999996092 ) ) ;
#3058 = B_SPLINE_CURVE_WITH_KNOTS ( 'NONE', 3,
 ( #93, #3054, #1685, #1912, #1237, #402 ),
 .UNSPECIFIED., .F., .F.,
 ( 4, 2, 4 ),
 ( 7.165583942981723818E-18, 0.0003809919800252086755, 0.0007619839600504101952 ),
 .UNSPECIFIED. ) ;
#3059 = FILL_AREA_STYLE_COLOUR ( '', #184 ) ;
#3060 = ORIENTED_EDGE ( 'NONE', *, *, #968, .T. ) ;
#3061 = CARTESIAN_POINT ( 'NONE',  ( -6.100131925573418989, 27.73292483621466431, -0.8860220918101020526 ) ) ;
#3062 = CARTESIAN_POINT ( 'NONE',  ( 4.048273807988018724, 27.30300118143553689, -4.703952109873628551 ) ) ;
#3063 = CARTESIAN_POINT ( 'NONE',  ( -3.666174209354122748, -1.249999999999999334, 5.879297062632080204E-16 ) ) ;
#3064 = CARTESIAN_POINT ( 'NONE',  ( 7.776507174585691177E-16, 16.20000000000000284, 6.349999999999998757 ) ) ;
#3065 = EDGE_LOOP ( 'NONE', ( #3365, #3009, #1352, #2798 ) ) ;
#3066 = CARTESIAN_POINT ( 'NONE',  ( 3.143881213173473910, 35.74785620332212233, -4.382417989080896525 ) ) ;
#3067 = CARTESIAN_POINT ( 'NONE',  ( 0.000000000000000000, 16.20000000000000284, 0.000000000000000000 ) ) ;
#3068 = VECTOR ( 'NONE', #2160, 1000.000000000000227 ) ;
#3069 = CARTESIAN_POINT ( 'NONE',  ( -0.8000000000000000444, 1.900000000000000133, -4.424999999999999822 ) ) ;
#3070 = AXIS2_PLACEMENT_3D ( 'NONE', #1184, #3271, #392 ) ;
#3071 = SHAPE_REPRESENTATION ( 'Borne_4mm_porca_plastica', ( #3296 ), #833 ) ;
#3072 = DIRECTION ( 'NONE',  ( 0.000000000000000000, 0.000000000000000000, -1.000000000000000000 ) ) ;
#3073 = AXIS2_PLACEMENT_3D ( 'NONE', #1516, #964, #1265 ) ;
#3074 = ORIENTED_EDGE ( 'NONE', *, *, #1122, .F. ) ;
#3075 = DIRECTION ( 'NONE',  ( 0.000000000000000000, 0.000000000000000000, -1.000000000000000000 ) ) ;
#3076 = CARTESIAN_POINT ( 'NONE',  ( 3.394948052527656301, 32.04181550095519526, -4.640627060739785925 ) ) ;
#3077 = APPLICATION_CONTEXT ( 'automotive_design' ) ;
#3078 = ORIENTED_EDGE ( 'NONE', *, *, #2242, .T. ) ;
#3079 = CARTESIAN_POINT ( 'NONE',  ( 0.000000000000000000, 0.000000000000000000, 0.000000000000000000 ) ) ;
#3080 = DIRECTION ( 'NONE',  ( 0.000000000000000000, 0.000000000000000000, 1.000000000000000000 ) ) ;
#3081 = CARTESIAN_POINT ( 'NONE',  ( 4.927520347313111948, 36.20000000000000284, -1.179683748676519484 ) ) ;
#3082 = DIRECTION ( 'NONE',  ( 0.000000000000000000, 0.9998220482235220530, 0.01886456694761350777 ) ) ;
#3083 = EDGE_CURVE ( 'NONE', #1216, #3362, #1112, .T. ) ;
#3084 = EDGE_LOOP ( 'NONE', ( #1929, #2809, #3303, #1552 ) ) ;
#3085 = EDGE_CURVE ( 'NONE', #925, #41, #3021, .T. ) ;
#3086 = CARTESIAN_POINT ( 'NONE',  ( 3.144584363418586381, 35.73885485821559627, -4.382978747425672061 ) ) ;
#3087 = CARTESIAN_POINT ( 'NONE',  ( -3.063073775559887579, 1.233181647331636377, 1.044600593398445687 ) ) ;
#3088 = CARTESIAN_POINT ( 'NONE',  ( 3.785791999661309859, 35.74785620332212233, -3.339704505828305248 ) ) ;
#3089 = CARTESIAN_POINT ( 'NONE',  ( -2.913426352923928597, 36.20000000000000284, -3.508209678034470702 ) ) ;
#3090 = ORIENTED_EDGE ( 'NONE', *, *, #175, .T. ) ;
#3091 = CARTESIAN_POINT ( 'NONE',  ( 3.074278371667653609, 35.99421414278277354, 4.339548976991129514 ) ) ;
#3092 =( NAMED_UNIT ( * ) PLANE_ANGLE_UNIT ( ) SI_UNIT ( $, .RADIAN. ) );
#3093 = ORIENTED_EDGE ( 'NONE', *, *, #1756, .T. ) ;
#3094 = DIRECTION ( 'NONE',  ( 0.000000000000000000, 0.000000000000000000, 1.000000000000000000 ) ) ;
#3095 = CARTESIAN_POINT ( 'NONE',  ( -6.209307221932397702, 27.26320489190302965, 0.000000000000000000 ) ) ;
#3096 = CARTESIAN_POINT ( 'NONE',  ( 0.000000000000000000, 5.299999999999999822, 6.400000000000000355 ) ) ;
#3097 = ORIENTED_EDGE ( 'NONE', *, *, #1823, .F. ) ;
#3098 = CARTESIAN_POINT ( 'NONE',  ( -6.841488316810096423E-14, 35.74785620332212943, 5.038486898352755539 ) ) ;
#3099 = CIRCLE ( 'NONE', #102, 5.393475365065178551 ) ;
#3100 = CARTESIAN_POINT ( 'NONE',  ( 0.000000000000000000, 25.80000000000000426, -6.349999999999996092 ) ) ;
#3101 = EDGE_CURVE ( 'NONE', #2622, #921, #2700, .T. ) ;
#3102 = CARTESIAN_POINT ( 'NONE',  ( 4.394095107964619551, 35.73864478242503395, -3.142851540447483050 ) ) ;
#3103 = AXIS2_PLACEMENT_3D ( 'NONE', #3203, #610, #858 ) ;
#3104 = DIRECTION ( 'NONE',  ( 0.000000000000000000, 0.000000000000000000, 1.000000000000000000 ) ) ;
#3105 = ORIENTED_EDGE ( 'NONE', *, *, #1828, .T. ) ;
#3106 = UNCERTAINTY_MEASURE_WITH_UNIT (LENGTH_MEASURE( 1.000000000000000082E-05 ), #812, 'distance_accuracy_value', 'NONE');
#3107 = CARTESIAN_POINT ( 'NONE',  ( 0.000000000000000000, 1.250000000000001110, 2.000000000000000000 ) ) ;
#3108 = DIRECTION ( 'NONE',  ( 0.000000000000000000, 0.000000000000000000, 1.000000000000000000 ) ) ;
#3109 = ORIENTED_EDGE ( 'NONE', *, *, #600, .T. ) ;
#3110 = AXIS2_PLACEMENT_3D ( 'NONE', #3201, #912, #1898 ) ;
#3111 = CARTESIAN_POINT ( 'NONE',  ( 6.167208324853531209, 27.36534015417103305, -0.6378642046959690504 ) ) ;
#3112 = CARTESIAN_POINT ( 'NONE',  ( 3.365240864082644112, -1.107898174753727316, -0.5212318437018720330 ) ) ;
#3113 = FACE_BOUND ( 'NONE', #2466, .T. ) ;
#3114 = VERTEX_POINT ( 'NONE', #1601 ) ;
#3115 = CARTESIAN_POINT ( 'NONE',  ( 0.000000000000000000, 30.20000000000000284, 0.000000000000000000 ) ) ;
#3116 = CYLINDRICAL_SURFACE ( 'NONE', #1592, 1.499999999999999778 ) ;
#3117 = CARTESIAN_POINT ( 'NONE',  ( 0.09338476730217687427, 27.26320489190302965, 6.209307221932399479 ) ) ;
#3118 = PRODUCT_DEFINITION ( 'UNKNOWN', '', #3289, #2707 ) ;
#3119 = CARTESIAN_POINT ( 'NONE',  ( -3.508209678034552415, 36.20000000000000284, -2.913426352924028961 ) ) ;
#3120 = ORIENTED_EDGE ( 'NONE', *, *, #481, .T. ) ;
#3121 = ORIENTED_EDGE ( 'NONE', *, *, #515, .T. ) ;
#3122 = AXIS2_PLACEMENT_3D ( 'NONE', #3281, #496, #173 ) ;
#3123 = EDGE_CURVE ( 'NONE', #1851, #2805, #2035, .T. ) ;
#3124 = CARTESIAN_POINT ( 'NONE',  ( 4.939956880105496495, 27.73292483621466076, 3.686932421305546548 ) ) ;
#3125 = CARTESIAN_POINT ( 'NONE',  ( 2.892918286449349452, 36.19999999999999574, 3.396616719982354482 ) ) ;
#3126 = ORIENTED_EDGE ( 'NONE', *, *, #1011, .T. ) ;
#3127 = AXIS2_PLACEMENT_3D ( 'NONE', #2490, #2992, #376 ) ;
#3128 = AXIS2_PLACEMENT_3D ( 'NONE', #805, #2949, #3150 ) ;
#3129 = DIRECTION ( 'NONE',  ( 0.000000000000000000, 0.000000000000000000, -1.000000000000000000 ) ) ;
#3130 = DIRECTION ( 'NONE',  ( 0.000000000000000000, 0.000000000000000000, 1.000000000000000000 ) ) ;
#3131 = ADVANCED_FACE ( 'NONE', ( #2380 ), #2342, .T. ) ;
#3132 = CARTESIAN_POINT ( 'NONE',  ( -1.833087104677060486, -0.9499999999999995115, -3.175000000000001599 ) ) ;
#3133 = EDGE_LOOP ( 'NONE', ( #1145, #749, #1064, #3142, #1224, #1891, #2104, #1797, #877, #104, #778, #1729, #1149, #3157, #1942, #241, #3258, #1298, #1935, #2658, #2011, #1366, #35, #1755, #646, #1098, #1957, #94, #2814 ) ) ;
#3134 = CARTESIAN_POINT ( 'NONE',  ( 1.235864791576349209, -1.122403231617398411, 3.174999999999999378 ) ) ;
#3135 = DIRECTION ( 'NONE',  ( 0.000000000000000000, 0.7071067811865486830, 0.7071067811865464625 ) ) ;
#3136 = CARTESIAN_POINT ( 'NONE',  ( 0.000000000000000000, 0.000000000000000000, 0.000000000000000000 ) ) ;
#3137 = CARTESIAN_POINT ( 'NONE',  ( 0.000000000000000000, 0.000000000000000000, 0.000000000000000000 ) ) ;
#3138 = ORIENTED_EDGE ( 'NONE', *, *, #2921, .T. ) ;
#3139 = ORIENTED_EDGE ( 'NONE', *, *, #1469, .F. ) ;
#3140 = EDGE_CURVE ( 'NONE', #2357, #2048, #1920, .T. ) ;
#3141 = CARTESIAN_POINT ( 'NONE',  ( 4.703952109873611676, 27.30300118143553689, 4.048273807988039152 ) ) ;
#3142 = ORIENTED_EDGE ( 'NONE', *, *, #160, .T. ) ;
#3143 = ADVANCED_FACE ( 'NONE', ( #1824, #1565 ), #314, .F. ) ;
#3144 = CARTESIAN_POINT ( 'NONE',  ( 2.134020449948544673, -1.107898174753727760, 2.653768156298127678 ) ) ;
#3145 = DIRECTION ( 'NONE',  ( -0.06767889178183972287, -0.9954090291002811730, 0.06767889178183807142 ) ) ;
#3146 = CARTESIAN_POINT ( 'NONE',  ( -0.9776071471664258272, 36.20000000000000284, 4.797171717435376515 ) ) ;
#3147 = ORIENTED_EDGE ( 'NONE', *, *, #1159, .F. ) ;
#3148 = EDGE_CURVE ( 'NONE', #3018, #532, #2619, .T. ) ;
#3149 = CARTESIAN_POINT ( 'NONE',  ( 0.000000000000000000, 1.900000000000000133, 3.575000000000000178 ) ) ;
#3150 = DIRECTION ( 'NONE',  ( 0.000000000000000000, 0.000000000000000000, 1.000000000000000000 ) ) ;
#3151 = DIRECTION ( 'NONE',  ( 0.000000000000000000, 0.000000000000000000, -1.000000000000000000 ) ) ;
#3152 = CIRCLE ( 'NONE', #592, 3.575000000000000622 ) ;
#3153 = CARTESIAN_POINT ( 'NONE',  ( 0.8000000000000000444, 5.299999999999999822, -3.484339966191588811 ) ) ;
#3154 = UNCERTAINTY_MEASURE_WITH_UNIT (LENGTH_MEASURE( 1.000000000000000082E-05 ), #1116, 'distance_accuracy_value', 'NONE');
#3155 = CONICAL_SURFACE ( 'NONE', #1676, 2.000000000000005329, 0.7853981633974456145 ) ;
#3156 = CARTESIAN_POINT ( 'NONE',  ( -1.982927533892892447, -1.036510412143834214, -2.915468763570253419 ) ) ;
#3157 = ORIENTED_EDGE ( 'NONE', *, *, #2080, .T. ) ;
#3158 = VERTEX_POINT ( 'NONE', #2097 ) ;
#3159 =( NAMED_UNIT ( * ) SI_UNIT ( $, .STERADIAN. ) SOLID_ANGLE_UNIT ( ) );
#3160 = DIRECTION ( 'NONE',  ( -1.000000000000000000, 9.979316395374266846E-16, -9.595496534013695745E-17 ) ) ;
#3161 = SHAPE_REPRESENTATION ( 'Borne_4mm_porca', ( #3296 ), #1696 ) ;
#3162 = EDGE_LOOP ( 'NONE', ( #1370, #1253, #445, #1270, #3336, #1012, #1746 ) ) ;
#3163 = CARTESIAN_POINT ( 'NONE',  ( 6.153236896124647082, 27.41215118439585652, -0.7208541131354687659 ) ) ;
#3164 = CARTESIAN_POINT ( 'NONE',  ( 0.9776071471663252410, 36.20000000000000284, 4.797171717435396943 ) ) ;
#3165 = CARTESIAN_POINT ( 'NONE',  ( -0.9776071471664258272, 36.20000000000000284, 4.797171717435376515 ) ) ;
#3166 = EDGE_LOOP ( 'NONE', ( #2227, #1143, #724, #788 ) ) ;
#3167 = AXIS2_PLACEMENT_3D ( 'NONE', #2498, #1211, #2546 ) ;
#3168 = CARTESIAN_POINT ( 'NONE',  ( 5.847688465928612791E-16, 21.20000000000000284, 4.775000000000000355 ) ) ;
#3169 = CARTESIAN_POINT ( 'NONE',  ( -3.686932421305562535, 27.73292483621466076, 4.939956880105484949 ) ) ;
#3170 = FACE_OUTER_BOUND ( 'NONE', #2462, .T. ) ;
#3171 = CARTESIAN_POINT ( 'NONE',  ( 4.069127194217946553, 36.20000000000000284, 3.150992617228072223 ) ) ;
#3172 = CARTESIAN_POINT ( 'NONE',  ( -0.8756770667147555365, 35.73885485821556784, -5.322790921487677629 ) ) ;
#3173 = EDGE_LOOP ( 'NONE', ( #794, #3282, #1162, #2767 ) ) ;
#3174 = SHAPE_DEFINITION_REPRESENTATION ( #3223, #2123 ) ;
#3175 = PLANE ( 'NONE',  #128 ) ;
#3176 = CIRCLE ( 'NONE', #2752, 5.575000000000000178 ) ;
#3177 = ORIENTED_EDGE ( 'NONE', *, *, #199, .T. ) ;
#3178 = MECHANICAL_DESIGN_GEOMETRIC_PRESENTATION_REPRESENTATION (  '', ( #74 ), #620 ) ;
#3179 =( BOUNDED_CURVE ( )  B_SPLINE_CURVE ( 3, ( #3165, #820, #1599, #1286 ),
 .UNSPECIFIED., .F., .F. ) 
 B_SPLINE_CURVE_WITH_KNOTS ( ( 4, 4 ),
 ( 2.630874857590356442, 3.652310449589230235 ),
 .UNSPECIFIED. ) 
 CURVE ( )  GEOMETRIC_REPRESENTATION_ITEM ( )  RATIONAL_B_SPLINE_CURVE ( ( 1.000000000000000000, 0.9149292474456451885, 0.9149292474456451885, 1.000000000000000000 ) ) 
 REPRESENTATION_ITEM ( '' )  );
#3180 = CARTESIAN_POINT ( 'NONE',  ( 3.142851540447468395, 35.73864478242503395, 4.394095107964631097 ) ) ;
#3181 = CARTESIAN_POINT ( 'NONE',  ( 0.000000000000000000, 25.30000000000000426, 0.000000000000000000 ) ) ;
#3182 = CARTESIAN_POINT ( 'NONE',  ( 3.516333780138294784, -1.036510412143833770, -0.2595312364297474028 ) ) ;
#3183 = CARTESIAN_POINT ( 'NONE',  ( 2.804549441785363584, 36.19999999999999574, -4.158879789674480243 ) ) ;
#3184 = ORIENTED_EDGE ( 'NONE', *, *, #359, .T. ) ;
#3185 = DIRECTION ( 'NONE',  ( 0.000000000000000000, 0.000000000000000000, -1.000000000000000000 ) ) ;
#3186 = CIRCLE ( 'NONE', #238, 2.000000000000005329 ) ;
#3187 = VERTEX_POINT ( 'NONE', #3149 ) ;
#3188 = EDGE_CURVE ( 'NONE', #374, #601, #2899, .T. ) ;
#3189 = FACE_OUTER_BOUND ( 'NONE', #3313, .T. ) ;
#3190 = CARTESIAN_POINT ( 'NONE',  ( -4.939956880105574655, 27.73292483621466431, 3.686932421305442187 ) ) ;
#3191 = VERTEX_POINT ( 'NONE', #1949 ) ;
#3192 = EDGE_CURVE ( 'NONE', #1046, #2316, #2990, .T. ) ;
#3193 =( NAMED_UNIT ( * ) PLANE_ANGLE_UNIT ( ) SI_UNIT ( $, .RADIAN. ) );
#3194 = PRODUCT ( 'Borne_4mm', 'Borne_4mm', '', ( #3010 ) ) ;
#3195 = CARTESIAN_POINT ( 'NONE',  ( -5.322790921487674964, 35.73885485821556784, 0.8756770667147741882 ) ) ;
#3196 = ORIENTED_EDGE ( 'NONE', *, *, #3297, .F. ) ;
#3197 = DIRECTION ( 'NONE',  ( -1.002534245082572603E-15, -0.9954090291002811730, 0.09571240664425757771 ) ) ;
#3198 = CARTESIAN_POINT ( 'NONE',  ( 0.8756770667147926179, 35.73885485821556784, -5.322790921487672300 ) ) ;
#3199 = VERTEX_POINT ( 'NONE', #1132 ) ;
#3200 = CARTESIAN_POINT ( 'NONE',  ( 4.797171717435385396, 36.20000000000000284, 0.9776071471663753121 ) ) ;
#3201 = CARTESIAN_POINT ( 'NONE',  ( 3.980986725255541980, 45.26842905789119698, 3.980986725255611258 ) ) ;
#3202 = CARTESIAN_POINT ( 'NONE',  ( -3.575769943113728644, 29.37316118810634791, 4.826090579582427154 ) ) ;
#3203 = CARTESIAN_POINT ( 'NONE',  ( 7.304932534758198592, 27.84877104863627295, 0.000000000000000000 ) ) ;
#3204 = LINE ( 'NONE', #2719, #2201 ) ;
#3205 = CARTESIAN_POINT ( 'NONE',  ( -0.8860220918100815135, 27.73292483621466431, -6.100131925573422542 ) ) ;
#3206 = EDGE_CURVE ( 'NONE', #2572, #2131, #3186, .T. ) ;
#3207 = ORIENTED_EDGE ( 'NONE', *, *, #515, .F. ) ;
#3208 = CARTESIAN_POINT ( 'NONE',  ( 0.000000000000000000, 0.000000000000000000, 0.000000000000000000 ) ) ;
#3209 = AXIS2_PLACEMENT_3D ( 'NONE', #513, #3160, #546 ) ;
#3210 = CARTESIAN_POINT ( 'NONE',  ( 3.841424340043612773, 27.41190509780381745, 4.860632454937841018 ) ) ;
#3211 = ORIENTED_EDGE ( 'NONE', *, *, #1564, .F. ) ;
#3212 = CARTESIAN_POINT ( 'NONE',  ( 1.236591795862498122, 1.122193363557216106, 3.174999999999999378 ) ) ;
#3213 = DIRECTION ( 'NONE',  ( 0.06767889178183925103, -0.9954090291002811730, -0.06767889178183854326 ) ) ;
#3214 = VECTOR ( 'NONE', #3082, 1000.000000000000114 ) ;
#3215 = DIRECTION ( 'NONE',  ( -0.000000000000000000, 1.000000000000000000, -0.000000000000000000 ) ) ;
#3216 = B_SPLINE_CURVE_WITH_KNOTS ( 'NONE', 3,
 ( #1866, #2137, #775, #2870, #1068, #1589, #1620, #1549, #1605, #269 ),
 .UNSPECIFIED., .F., .F.,
 ( 4, 2, 2, 2, 4 ),
 ( 2.168404344971008868E-19, 0.0002780620941811721742, 0.0005561241883623441315, 0.0008341862825435162514, 0.001112248376724688480 ),
 .UNSPECIFIED. ) ;
#3217 = ORIENTED_EDGE ( 'NONE', *, *, #917, .T. ) ;
#3218 = CARTESIAN_POINT ( 'NONE',  ( -3.190450315174182983, 35.74458789742285347, 4.081032889251940965 ) ) ;
#3219 = FACE_OUTER_BOUND ( 'NONE', #2330, .T. ) ;
#3220 = CARTESIAN_POINT ( 'NONE',  ( -4.703262128307647671, 27.30266842003838335, 4.049138265306290840 ) ) ;
#3221 = CIRCLE ( 'NONE', #1730, 6.349999999999996092 ) ;
#3222 = VERTEX_POINT ( 'NONE', #2430 ) ;
#3223 = PRODUCT_DEFINITION_SHAPE ( 'NONE', 'NONE',  #597 ) ;
#3224 = CARTESIAN_POINT ( 'NONE',  ( 5.322790921487674964, 35.73885485821556784, -0.8756770667147741882 ) ) ;
#3225 = ORIENTED_EDGE ( 'NONE', *, *, #2577, .F. ) ;
#3226 = ITEM_DEFINED_TRANSFORMATION ( 'NONE', 'NONE', #3343,  #3296 ) ;
#3227 = FACE_OUTER_BOUND ( 'NONE', #3162, .T. ) ;
#3228 = ORIENTED_EDGE ( 'NONE', *, *, #3354, .F. ) ;
#3229 = EDGE_CURVE ( 'NONE', #552, #1060, #42, .T. ) ;
#3230 = EDGE_CURVE ( 'NONE', #2561, #2044, #1506, .T. ) ;
#3231 = DIRECTION ( 'NONE',  ( 0.000000000000000000, 0.000000000000000000, -1.000000000000000000 ) ) ;
#3232 = CARTESIAN_POINT ( 'NONE',  ( 0.8792137883028321443, 33.21426811240092292, -5.568102219292169863 ) ) ;
#3233 = DIRECTION ( 'NONE',  ( 0.000000000000000000, 0.000000000000000000, -1.000000000000000000 ) ) ;
#3234 = ORIENTED_EDGE ( 'NONE', *, *, #2119, .T. ) ;
#3235 = AXIS2_PLACEMENT_3D ( 'NONE', #372, #1690, #649 ) ;
#3236 = CARTESIAN_POINT ( 'NONE',  ( 0.8000000000000000444, 0.04397163297420458861, -3.484339966191588811 ) ) ;
#3237 = DIRECTION ( 'NONE',  ( -0.000000000000000000, -1.000000000000000000, -0.000000000000000000 ) ) ;
#3238 = CARTESIAN_POINT ( 'NONE',  ( 0.000000000000000000, 35.70000000000000284, 0.000000000000000000 ) ) ;
#3239 = CIRCLE ( 'NONE', #1163, 5.669600159872127065 ) ;
#3240 = VERTEX_POINT ( 'NONE', #2483 ) ;
#3241 = CARTESIAN_POINT ( 'NONE',  ( 4.447372853558036354, 36.19999999999999574, -0.3561685780241912735 ) ) ;
#3242 = AXIS2_PLACEMENT_3D ( 'NONE', #1111, #2681, #2200 ) ;
#3243 = CARTESIAN_POINT ( 'NONE',  ( -3.143881213173502776, 35.74785620332212233, 4.382417989080876097 ) ) ;
#3244 = VERTEX_POINT ( 'NONE', #842 ) ;
#3245 = EDGE_CURVE ( 'NONE', #98, #529, #2140, .T. ) ;
#3246 = CARTESIAN_POINT ( 'NONE',  ( -6.443177087643454395E-14, 27.26320489190302965, 6.209307221932397702 ) ) ;
#3247 = B_SPLINE_CURVE_WITH_KNOTS ( 'NONE', 3,
 ( #2710, #1910, #3212, #2463 ),
 .UNSPECIFIED., .F., .F.,
 ( 4, 4 ),
 ( 0.005860318273239776068, 0.007724211672967959061 ),
 .UNSPECIFIED. ) ;
#3248 = EDGE_LOOP ( 'NONE', ( #2531, #1201, #2951, #769 ) ) ;
#3249 = CARTESIAN_POINT ( 'NONE',  ( -0.3246159894517997579, 36.20000000000000284, -4.995011533287574856 ) ) ;
#3250 = CARTESIAN_POINT ( 'NONE',  ( 5.322201235360187077, 35.74485703477443366, -0.8757062175543202098 ) ) ;
#3251 = CARTESIAN_POINT ( 'NONE',  ( 2.449293598294706414E-16, 0.000000000000000000, 2.000000000000000000 ) ) ;
#3252 = EDGE_CURVE ( 'NONE', #497, #1871, #353, .T. ) ;
#3253 = ORIENTED_EDGE ( 'NONE', *, *, #3140, .T. ) ;
#3254 = CARTESIAN_POINT ( 'NONE',  ( -4.083385295012690541, 36.20000000000000284, 2.700840008817048776 ) ) ;
#3255 = CARTESIAN_POINT ( 'NONE',  ( -7.651510687984896386E-14, 27.84877104863626940, 7.304932534758199481 ) ) ;
#3256 = CARTESIAN_POINT ( 'NONE',  ( 0.8860220918100389920, 27.73292483621466431, 6.100131925573428759 ) ) ;
#3257 = CARTESIAN_POINT ( 'NONE',  ( -4.946509153555576077, 27.63850751064204658, -3.693331714621773010 ) ) ;
#3258 = ORIENTED_EDGE ( 'NONE', *, *, #1441, .T. ) ;
#3259 = CARTESIAN_POINT ( 'NONE',  ( 0.3246159894517658406, 36.20000000000000284, 4.995011533287574856 ) ) ;
#3260 = B_SPLINE_CURVE_WITH_KNOTS ( 'NONE', 3,
 ( #192, #2031, #2301, #943, #3030, #1230 ),
 .UNSPECIFIED., .F., .F.,
 ( 4, 2, 4 ),
 ( 7.204847710556567793E-18, 0.0003809919800252087839, 0.0007619839600504103036 ),
 .UNSPECIFIED. ) ;
#3261 = ORIENTED_EDGE ( 'NONE', *, *, #3278, .T. ) ;
#3262 = ITEM_DEFINED_TRANSFORMATION ( 'NONE', 'NONE', #2857,  #3296 ) ;
#3263 = ORIENTED_EDGE ( 'NONE', *, *, #1273, .F. ) ;
#3264 = CIRCLE ( 'NONE', #2551, 1.499999999999999778 ) ;
#3265 = CARTESIAN_POINT ( 'NONE',  ( 2.449293598294706414E-16, -1.249999999999999334, -2.000000000000000000 ) ) ;
#3266 = CARTESIAN_POINT ( 'NONE',  ( 0.8788359406453379874, 35.87607265627848108, 5.308899623798954082 ) ) ;
#3267 = EDGE_LOOP ( 'NONE', ( #2842, #126 ) ) ;
#3268 = CARTESIAN_POINT ( 'NONE',  ( 0.000000000000000000, -1.249999999999999334, 2.000000000000000000 ) ) ;
#3269 = AXIS2_PLACEMENT_3D ( 'NONE', #1245, #3307, #959 ) ;
#3270 = CARTESIAN_POINT ( 'NONE',  ( -6.841488316810096423E-14, 35.74785620332212943, 5.038486898352755539 ) ) ;
#3271 = DIRECTION ( 'NONE',  ( -0.000000000000000000, 0.000000000000000000, 1.000000000000000000 ) ) ;
#3272 = CARTESIAN_POINT ( 'NONE',  ( -3.693336831678682763, 27.63843201186336174, -4.946514392939782567 ) ) ;
#3273 =( BOUNDED_CURVE ( )  B_SPLINE_CURVE ( 3, ( #3305, #3319, #957, #1490 ),
 .UNSPECIFIED., .F., .F. ) 
 B_SPLINE_CURVE_WITH_KNOTS ( ( 4, 4 ),
 ( 2.518210232572591689, 3.764975074606996763 ),
 .UNSPECIFIED. ) 
 CURVE ( )  GEOMETRIC_REPRESENTATION_ITEM ( )  RATIONAL_B_SPLINE_CURVE ( ( 1.000000000000000000, 0.8746056661178447378, 0.8746056661178447378, 1.000000000000000000 ) ) 
 REPRESENTATION_ITEM ( '' )  );
#3274 = VERTEX_POINT ( 'NONE', #1633 ) ;
#3275 = ADVANCED_FACE ( 'NONE', ( #589 ), #236, .T. ) ;
#3276 = FACE_OUTER_BOUND ( 'NONE', #2876, .T. ) ;
#3277 = VECTOR ( 'NONE', #1379, 1000.000000000000000 ) ;
#3278 = EDGE_CURVE ( 'NONE', #2131, #925, #1182, .T. ) ;
#3279 = VERTEX_POINT ( 'NONE', #3200 ) ;
#3280 = CARTESIAN_POINT ( 'NONE',  ( 0.8756770667147191212, 35.73885485821556784, 5.322790921487684734 ) ) ;
#3281 = CARTESIAN_POINT ( 'NONE',  ( -5.629965418483690698, 45.26842905789119698, 0.000000000000000000 ) ) ;
#3282 = ORIENTED_EDGE ( 'NONE', *, *, #2780, .T. ) ;
#3283 = CARTESIAN_POINT ( 'NONE',  ( -4.540782383802614675, 36.20000000000000284, -0.4205753225222987890 ) ) ;
#3284 = DIRECTION ( 'NONE',  ( -0.000000000000000000, 1.000000000000000000, -0.000000000000000000 ) ) ;
#3285 = LINE ( 'NONE', #2716, #1924 ) ;
#3286 = CARTESIAN_POINT ( 'NONE',  ( -4.946514392939822535, 27.63843201186334397, 3.693336831678631249 ) ) ;
#3287 = EDGE_LOOP ( 'NONE', ( #1593, #2385, #1967, #2959 ) ) ;
#3288 = AXIS2_PLACEMENT_3D ( 'NONE', #2999, #2727, #673 ) ;
#3289 = PRODUCT_DEFINITION_FORMATION_WITH_SPECIFIED_SOURCE ( 'ANY', '', #329, .NOT_KNOWN. ) ;
#3290 = CARTESIAN_POINT ( 'NONE',  ( 0.000000000000000000, -1.249999999999999334, 0.000000000000000000 ) ) ;
#3291 = AXIS2_PLACEMENT_3D ( 'NONE', #1473, #2824, #939 ) ;
#3292 = ADVANCED_FACE ( 'NONE', ( #879 ), #1771, .T. ) ;
#3293 = CIRCLE ( 'NONE', #2638, 2.000000000000005329 ) ;
#3294 = AXIS2_PLACEMENT_3D ( 'NONE', #2621, #1292, #555 ) ;
#3295 = LINE ( 'NONE', #3327, #1475 ) ;
#3296 = AXIS2_PLACEMENT_3D ( 'NONE', #1978, #2237, #3029 ) ;
#3297 = EDGE_CURVE ( 'NONE', #2593, #2561, #2583, .T. ) ;
#3298 = ORIENTED_EDGE ( 'NONE', *, *, #3148, .F. ) ;
#3299 = EDGE_CURVE ( 'NONE', #2782, #634, #1227, .T. ) ;
#3300 = B_SPLINE_CURVE_WITH_KNOTS ( 'NONE', 3,
 ( #1199, #690, #136, #2192 ),
 .UNSPECIFIED., .F., .F.,
 ( 4, 4 ),
 ( 0.000000000000000000, 9.046164044265352029E-06 ),
 .UNSPECIFIED. ) ;
#3301 = CARTESIAN_POINT ( 'NONE',  ( 0.000000000000000000, 30.20000000000000284, 0.000000000000000000 ) ) ;
#3302 = CARTESIAN_POINT ( 'NONE',  ( 5.941012550181992147, 29.37316118810634435, -0.8841102007045691380 ) ) ;
#3303 = ORIENTED_EDGE ( 'NONE', *, *, #364, .T. ) ;
#3304 =( LENGTH_UNIT ( ) NAMED_UNIT ( * ) SI_UNIT ( .MILLI., .METRE. ) );
#3305 = CARTESIAN_POINT ( 'NONE',  ( -3.144584363418616579, 35.73885485821559627, 4.382978747425649857 ) ) ;
#3306 = CARTESIAN_POINT ( 'NONE',  ( -5.322201235360187077, 35.74485703477443366, 0.8757062175543205429 ) ) ;
#3307 = DIRECTION ( 'NONE',  ( 0.06767889178183830734, -0.9954090291002811730, 0.06767889178183948695 ) ) ;
#3308 = ORIENTED_EDGE ( 'NONE', *, *, #3192, .F. ) ;
#3309 = FACE_OUTER_BOUND ( 'NONE', #1481, .T. ) ;
#3310 = CARTESIAN_POINT ( 'NONE',  ( 3.666174209354124525, -1.249999999999999334, -4.305185255295723459E-16 ) ) ;
#3311 = CARTESIAN_POINT ( 'NONE',  ( 4.069127194217975863, 36.20000000000000284, -3.150992617228022041 ) ) ;
#3312 = CARTESIAN_POINT ( 'NONE',  ( -4.382769363038102384, 35.74185609686031739, 3.144381164857888322 ) ) ;
#3313 = EDGE_LOOP ( 'NONE', ( #1770, #246, #1070, #3331, #1842, #1125 ) ) ;
#3314 = FACE_OUTER_BOUND ( 'NONE', #2347, .T. ) ;
#3315 = DIRECTION ( 'NONE',  ( 1.811583010849400763E-31, -0.09571240664425756384, -0.9954090291002810620 ) ) ;
#3316 = ORIENTED_EDGE ( 'NONE', *, *, #667, .F. ) ;
#3317 = AXIS2_PLACEMENT_3D ( 'NONE', #1763, #417, #2823 ) ;
#3318 = CARTESIAN_POINT ( 'NONE',  ( -6.209307221932397702, 27.26320489190302965, 0.000000000000000000 ) ) ;
#3319 = CARTESIAN_POINT ( 'NONE',  ( -3.250138609924648758, 35.75128683324495427, 3.722120605919034375 ) ) ;
#3320 = DIRECTION ( 'NONE',  ( -0.000000000000000000, -1.000000000000000000, -0.000000000000000000 ) ) ;
#3321 = CARTESIAN_POINT ( 'NONE',  ( 0.000000000000000000, 34.25000000000000000, 0.000000000000000000 ) ) ;
#3322 = ORIENTED_EDGE ( 'NONE', *, *, #2389, .T. ) ;
#3323 = AXIS2_PLACEMENT_3D ( 'NONE', #1010, #1027, #1769 ) ;
#3324 = CARTESIAN_POINT ( 'NONE',  ( -6.300000000000000711, 3.455894424797545383E-16, 0.000000000000000000 ) ) ;
#3325 = DIRECTION ( 'NONE',  ( 0.000000000000000000, 0.000000000000000000, 1.000000000000000000 ) ) ;
#3326 = VECTOR ( 'NONE', #234, 1000.000000000000114 ) ;
#3327 = CARTESIAN_POINT ( 'NONE',  ( 3.980102097228898231E-16, 0.000000000000000000, 3.250000000000000444 ) ) ;
#3328 = CARTESIAN_POINT ( 'NONE',  ( 4.797171717435386284, 36.20000000000000284, -0.9776071471663755341 ) ) ;
#3329 = VERTEX_POINT ( 'NONE', #1229 ) ;
#3330 = CARTESIAN_POINT ( 'NONE',  ( 5.321897203152962774, 35.74785620332212233, 0.8757777529930896865 ) ) ;
#3331 = ORIENTED_EDGE ( 'NONE', *, *, #2573, .F. ) ;
#3332 = CARTESIAN_POINT ( 'NONE',  ( 0.000000000000000000, 20.70000000000000284, 0.000000000000000000 ) ) ;
#3333 = B_SPLINE_CURVE_WITH_KNOTS ( 'NONE', 3,
 ( #1129, #2941, #2164, #366, #3266, #2464 ),
 .UNSPECIFIED., .F., .F.,
 ( 4, 2, 4 ),
 ( -5.527337459317484931E-06, 0.0003793000264230813917, 0.0007641273903054802887 ),
 .UNSPECIFIED. ) ;
#3334 = CARTESIAN_POINT ( 'NONE',  ( 0.000000000000000000, 0.2999999999999973244, 0.000000000000000000 ) ) ;
#3335 = CARTESIAN_POINT ( 'NONE',  ( 0.000000000000000000, 22.80000000000000426, 0.000000000000000000 ) ) ;
#3336 = ORIENTED_EDGE ( 'NONE', *, *, #2535, .T. ) ;
#3337 = ADVANCED_FACE ( 'NONE', ( #176 ), #2776, .F. ) ;
#3338 = DIRECTION ( 'NONE',  ( -0.09571240664425757771, -0.9954090291002811730, 0.000000000000000000 ) ) ;
#3339 = CARTESIAN_POINT ( 'NONE',  ( 0.000000000000000000, 0.000000000000000000, 0.000000000000000000 ) ) ;
#3340 = VECTOR ( 'NONE', #2634, 1000.000000000000000 ) ;
#3341 = CARTESIAN_POINT ( 'NONE',  ( 3.508209678034573731, 36.20000000000000284, -2.913426352924008089 ) ) ;
#3342 = VECTOR ( 'NONE', #2234, 1000.000000000000000 ) ;
#3343 = AXIS2_PLACEMENT_3D ( 'NONE', #1110, #2142, #2371 ) ;
#3344 = CARTESIAN_POINT ( 'NONE',  ( -3.144381164857934507, 35.74185609686031739, -4.382769363038069521 ) ) ;
#3345 = EDGE_CURVE ( 'NONE', #2805, #2305, #718, .T. ) ;
#3346 = VECTOR ( 'NONE', #2920, 1000.000000000000000 ) ;
#3347 = ORIENTED_EDGE ( 'NONE', *, *, #1315, .F. ) ;
#3348 = TOROIDAL_SURFACE ( 'NONE', #728, 4.895770850515039463, 0.5000000000000000000 ) ;
#3349 = DIRECTION ( 'NONE',  ( 0.000000000000000000, 1.000000000000000000, 0.000000000000000000 ) ) ;
#3350 = CARTESIAN_POINT ( 'NONE',  ( -3.516333780138290344, -1.036510412143835547, 0.2595312364297496788 ) ) ;
#3351 = ORIENTED_EDGE ( 'NONE', *, *, #124, .F. ) ;
#3352 = DIRECTION ( 'NONE',  ( -0.000000000000000000, 1.000000000000000000, -0.000000000000000000 ) ) ;
#3353 = CARTESIAN_POINT ( 'NONE',  ( 4.995011533287574856, 36.20000000000000284, -0.3246159894518189648 ) ) ;
#3354 = EDGE_CURVE ( 'NONE', #601, #2994, #512, .T. ) ;
#3355 = CARTESIAN_POINT ( 'NONE',  ( -0.9578550144438349179, 36.20000000000000995, -4.922625111112734153 ) ) ;
#3356 = ORIENTED_EDGE ( 'NONE', *, *, #2701, .T. ) ;
#3357 = DIRECTION ( 'NONE',  ( 0.9954090291002810620, -0.09571240664425756384, 0.000000000000000000 ) ) ;
#3358 = DIRECTION ( 'NONE',  ( -0.000000000000000000, -1.000000000000000000, -0.000000000000000000 ) ) ;
#3359 = FACE_OUTER_BOUND ( 'NONE', #2193, .T. ) ;
#3360 = CARTESIAN_POINT ( 'NONE',  ( -4.083385295012690541, 36.20000000000000284, 2.700840008817048776 ) ) ;
#3361 = ORIENTED_EDGE ( 'NONE', *, *, #971, .T. ) ;
#3362 = VERTEX_POINT ( 'NONE', #3268 ) ;
#3363 = CARTESIAN_POINT ( 'NONE',  ( -0.9776071471664258272, 36.20000000000000284, 4.797171717435376515 ) ) ;
#3364 = SURFACE_STYLE_FILL_AREA ( #1555 ) ;
#3365 = ORIENTED_EDGE ( 'NONE', *, *, #1554, .T. ) ;
#3366 = DIRECTION ( 'NONE',  ( 0.000000000000000000, 0.000000000000000000, -1.000000000000000000 ) ) ;
#3367 = CARTESIAN_POINT ( 'NONE',  ( 4.640627060739773491, 32.04181550095519526, 3.394948052527672289 ) ) ;
#3368 = FACE_OUTER_BOUND ( 'NONE', #3248, .T. ) ;
#3369 = ORIENTED_EDGE ( 'NONE', *, *, #863, .F. ) ;
#3370 = PRODUCT_RELATED_PRODUCT_CATEGORY ( 'part', '', ( #87 ) ) ;
#3371 = DIRECTION ( 'NONE',  ( 0.000000000000000000, 0.000000000000000000, -1.000000000000000000 ) ) ;
#3372 = TOROIDAL_SURFACE ( 'NONE', #1498, 0.9999999999999997780, 0.5000000000000000000 ) ;
#3373 = EDGE_CURVE ( 'NONE', #159, #2232, #2568, .T. ) ;
#3374 = DIRECTION ( 'NONE',  ( 0.09571240664425756384, -0.9954090291002810620, -0.000000000000000000 ) ) ;
#3375 = VECTOR ( 'NONE', #1810, 1000.000000000000000 ) ;
#3376 = NEXT_ASSEMBLY_USAGE_OCCURRENCE ( 'NAUO1', ' ', ' ', #597, #1906, $ ) ;
#3377 = NEXT_ASSEMBLY_USAGE_OCCURRENCE ( 'NAUO2', ' ', ' ', #597, #3118, $ ) ;
#3378 = NEXT_ASSEMBLY_USAGE_OCCURRENCE ( 'NAUO3', ' ', ' ', #597, #949, $ ) ;
#3379 = NEXT_ASSEMBLY_USAGE_OCCURRENCE ( 'NAUO4', ' ', ' ', #597, #949, $ ) ;
ENDSEC;
END-ISO-10303-21;
