ISO-10303-21;
HEADER;
FILE_DESCRIPTION (( 'STEP AP203' ),
    '1' );
FILE_NAME ('4mm_banana_socket_front.STEP',
    '2026-07-03T19:34:38',
    ( '' ),
    ( '' ),
    'SwSTEP 2.0',
    'SolidWorks 2026',
    '' );
FILE_SCHEMA (( 'CONFIG_CONTROL_DESIGN' ));
ENDSEC;

DATA;
#1 = LINE ( 'NONE', #1348, #1283 ) ;
#2 = ORIENTED_EDGE ( 'NONE', *, *, #1367, .T. ) ;
#3 = EDGE_CURVE ( 'NONE', #51, #2097, #82, .T. ) ;
#4 = CARTESIAN_POINT ( 'NONE',  ( 4.375389777807733083, 35.87607265627848108, 3.132528071446166074 ) ) ;
#5 = FACE_OUTER_BOUND ( 'NONE', #797, .T. ) ;
#6 = CARTESIAN_POINT ( 'NONE',  ( 0.000000000000000000, 35.70000000000000284, 0.000000000000000000 ) ) ;
#7 = AXIS2_PLACEMENT_3D ( 'NONE', #1551, #1360, #794 ) ;
#8 = ADVANCED_FACE ( 'NONE', ( #257 ), #751, .T. ) ;
#9 = DIRECTION ( 'NONE',  ( -0.000000000000000000, -1.000000000000000000, -0.000000000000000000 ) ) ;
#10 = AXIS2_PLACEMENT_3D ( 'NONE', #2116, #2455, #957 ) ;
#11 = VERTEX_POINT ( 'NONE', #24 ) ;
#12 = EDGE_CURVE ( 'NONE', #2309, #1873, #237, .T. ) ;
#13 = AXIS2_PLACEMENT_3D ( 'NONE', #1942, #1171, #409 ) ;
#14 = CARTESIAN_POINT ( 'NONE',  ( -4.318445430364520554, 36.20000000000000284, -2.650120673675067096 ) ) ;
#15 = ORIENTED_EDGE ( 'NONE', *, *, #1556, .F. ) ;
#16 = CARTESIAN_POINT ( 'NONE',  ( 4.643912032301656723, 27.28631093204088032, 4.119528041381315120 ) ) ;
#17 = ORIENTED_EDGE ( 'NONE', *, *, #2265, .T. ) ;
#18 = CARTESIAN_POINT ( 'NONE',  ( 0.000000000000000000, 36.20000000000000284, 0.000000000000000000 ) ) ;
#19 = CARTESIAN_POINT ( 'NONE',  ( 7.304932534758198592, 27.84877104863627650, 0.000000000000000000 ) ) ;
#20 = CARTESIAN_POINT ( 'NONE',  ( 4.995011533287574856, 36.20000000000000284, -0.3246159894518189648 ) ) ;
#21 = FACE_OUTER_BOUND ( 'NONE', #2377, .T. ) ;
#22 = CARTESIAN_POINT ( 'NONE',  ( 2.714123671375515912, 36.20000000000000284, 3.901573164325176091 ) ) ;
#23 = EDGE_CURVE ( 'NONE', #1960, #2328, #2515, .T. ) ;
#24 = CARTESIAN_POINT ( 'NONE',  ( -0.7749999999999996891, 13.60000000000000320, 3.489985673323029225 ) ) ;
#25 = CARTESIAN_POINT ( 'NONE',  ( -0.7749999999999996891, 16.20000000000000284, 3.489985673323029669 ) ) ;
#26 = VERTEX_POINT ( 'NONE', #1589 ) ;
#27 = CARTESIAN_POINT ( 'NONE',  ( -5.322790921487674964, 35.73885485821556784, 0.8756770667147741882 ) ) ;
#28 = ORIENTED_EDGE ( 'NONE', *, *, #595, .F. ) ;
#29 =( BOUNDED_CURVE ( )  B_SPLINE_CURVE ( 3, ( #453, #2496, #2267, #281 ),
 .UNSPECIFIED., .F., .F. ) 
 B_SPLINE_CURVE_WITH_KNOTS ( ( 4, 4 ),
 ( 2.630874857590355997, 3.652310449589230235 ),
 .UNSPECIFIED. ) 
 CURVE ( )  GEOMETRIC_REPRESENTATION_ITEM ( )  RATIONAL_B_SPLINE_CURVE ( ( 1.000000000000000000, 0.9149292474456451885, 0.9149292474456451885, 1.000000000000000000 ) ) 
 REPRESENTATION_ITEM ( '' )  );
#30 = FACE_OUTER_BOUND ( 'NONE', #2386, .T. ) ;
#31 = FACE_OUTER_BOUND ( 'NONE', #2479, .T. ) ;
#32 = CARTESIAN_POINT ( 'NONE',  ( 4.995011533287574856, 36.20000000000000284, 0.3246159894518143019 ) ) ;
#33 = DIRECTION ( 'NONE',  ( 0.000000000000000000, 0.09571240664425774425, -0.9954090291002811730 ) ) ;
#34 = DIRECTION ( 'NONE',  ( -0.000000000000000000, -1.000000000000000000, -0.000000000000000000 ) ) ;
#35 = EDGE_CURVE ( 'NONE', #1513, #1234, #1574, .T. ) ;
#36 = DIRECTION ( 'NONE',  ( 0.000000000000000000, 0.000000000000000000, 1.000000000000000000 ) ) ;
#37 = ORIENTED_EDGE ( 'NONE', *, *, #1011, .F. ) ;
#38 = AXIS2_PLACEMENT_3D ( 'NONE', #555, #565, #959 ) ;
#39 = CARTESIAN_POINT ( 'NONE',  ( 5.308899623798943423, 35.87607265627848108, 0.8788359406453924993 ) ) ;
#40 =( GEOMETRIC_REPRESENTATION_CONTEXT ( 3 ) GLOBAL_UNCERTAINTY_ASSIGNED_CONTEXT ( ( #189 ) ) GLOBAL_UNIT_ASSIGNED_CONTEXT ( ( #1181, #799, #1982 ) ) REPRESENTATION_CONTEXT ( 'NONE', 'WORKASPACE' ) );
#41 = ORIENTED_EDGE ( 'NONE', *, *, #582, .F. ) ;
#42 = EDGE_CURVE ( 'NONE', #391, #728, #292, .T. ) ;
#43 = CARTESIAN_POINT ( 'NONE',  ( -0.9576561729591134275, 36.19999999999999574, 4.923888029877854677 ) ) ;
#44 = VERTEX_POINT ( 'NONE', #846 ) ;
#45 = CARTESIAN_POINT ( 'NONE',  ( 5.141715083133798103, 35.74458789742286768, 0.6297369773370258272 ) ) ;
#46 = CARTESIAN_POINT ( 'NONE',  ( -5.811818991107776888, 27.70520243866988608, 0.000000000000000000 ) ) ;
#47 = CARTESIAN_POINT ( 'NONE',  ( -6.443177087643454395E-14, 27.26320489190302965, 6.209307221932397702 ) ) ;
#48 = ORIENTED_EDGE ( 'NONE', *, *, #1089, .T. ) ;
#49 = AXIS2_PLACEMENT_3D ( 'NONE', #1140, #541, #2334 ) ;
#50 = CARTESIAN_POINT ( 'NONE',  ( 0.000000000000000000, 30.20000000000000284, 0.000000000000000000 ) ) ;
#51 = VERTEX_POINT ( 'NONE', #1052 ) ;
#52 = TOROIDAL_SURFACE ( 'NONE', #261, 5.669600159872127065, 0.5000000000000000000 ) ;
#53 = CARTESIAN_POINT ( 'NONE',  ( 3.841424340043612773, 27.41190509780381745, 4.860632454937841018 ) ) ;
#54 = CARTESIAN_POINT ( 'NONE',  ( 0.000000000000000000, 34.25000000000000000, -2.000000000000005329 ) ) ;
#55 = ORIENTED_EDGE ( 'NONE', *, *, #1665, .T. ) ;
#56 = ADVANCED_FACE ( 'NONE', ( #1832 ), #2323, .T. ) ;
#57 = DIRECTION ( 'NONE',  ( -0.06767889178183972287, -0.9954090291002810620, 0.06767889178183805754 ) ) ;
#58 = CARTESIAN_POINT ( 'NONE',  ( -4.797171717435386284, 36.20000000000000284, -0.9776071471663759782 ) ) ;
#59 = APPROVAL ( #490, 'UNSPECIFIED' ) ;
#60 = CARTESIAN_POINT ( 'NONE',  ( 0.000000000000000000, 0.000000000000000000, 0.000000000000000000 ) ) ;
#61 = CARTESIAN_POINT ( 'NONE',  ( 5.165367331437711762, 27.84877104863627650, 5.165367331437802356 ) ) ;
#62 = ORIENTED_EDGE ( 'NONE', *, *, #2245, .F. ) ;
#63 = CARTESIAN_POINT ( 'NONE',  ( -4.081032889252018236, 35.74458789742281795, 3.190450315174087059 ) ) ;
#64 = EDGE_LOOP ( 'NONE', ( #2070, #1017, #420, #581 ) ) ;
#65 = ORIENTED_EDGE ( 'NONE', *, *, #734, .F. ) ;
#66 = EDGE_CURVE ( 'NONE', #2363, #2095, #72, .T. ) ;
#67 = COORDINATED_UNIVERSAL_TIME_OFFSET ( 3, 0, .BEHIND. ) ;
#68 = CARTESIAN_POINT ( 'NONE',  ( -5.105395679652292351, 36.20000000000000284, 0.6492191854317679311 ) ) ;
#69 = ADVANCED_BREP_SHAPE_REPRESENTATION ( '4mm_banana_socket_front', ( #1893, #1484 ), #40 ) ;
#70 = FACE_OUTER_BOUND ( 'NONE', #1640, .T. ) ;
#71 = DIRECTION ( 'NONE',  ( 0.000000000000000000, 0.000000000000000000, 1.000000000000000000 ) ) ;
#72 = LINE ( 'NONE', #1270, #874 ) ;
#73 = CARTESIAN_POINT ( 'NONE',  ( -2.913426352924060936, 36.20000000000000284, 3.508209678034520440 ) ) ;
#74 = ORIENTED_EDGE ( 'NONE', *, *, #511, .F. ) ;
#75 = B_SPLINE_CURVE_WITH_KNOTS ( 'NONE', 3,
 ( #2153, #774, #1570, #943, #2525, #564, #1341, #2128, #1930, #1529, #1380, #388, #161, #592, #2319, #1544, #2332, #2168 ),
 .UNSPECIFIED., .F., .F.,
 ( 4, 2, 2, 2, 2, 2, 2, 2, 4 ),
 ( -0.001112577971934680969, -0.0008344746783522591100, -0.0005563713847698372513, -0.0002782680911874153926, -1.647976049935339499E-07, 0.0002779384959774283247, 0.0005560417895598501834, 0.0008341450831422720421, 0.001112248376724693901 ),
 .UNSPECIFIED. ) ;
#76 = CARTESIAN_POINT ( 'NONE',  ( 0.000000000000000000, 36.20000000000000284, -3.250000000000000444 ) ) ;
#77 = ORIENTED_EDGE ( 'NONE', *, *, #1843, .T. ) ;
#78 = AXIS2_PLACEMENT_3D ( 'NONE', #732, #771, #1760 ) ;
#79 = CIRCLE ( 'NONE', #538, 6.349999999999998757 ) ;
#80 = PERSON_AND_ORGANIZATION_ROLE ( 'design_owner' ) ;
#81 = CARTESIAN_POINT ( 'NONE',  ( -5.038486898352754650, 35.74785620332212943, -0.3154314918917240362 ) ) ;
#82 = CIRCLE ( 'NONE', #663, 1.500000000000000000 ) ;
#83 = CARTESIAN_POINT ( 'NONE',  ( 0.09335710256975379706, 27.26320489190302609, -6.209307221932397702 ) ) ;
#84 = CARTESIAN_POINT ( 'NONE',  ( -0.8468460164871242091, 27.54917117990436282, 6.123869794318670401 ) ) ;
#85 = DIRECTION ( 'NONE',  ( 0.9954090291002811730, 0.09571240664425774425, 0.000000000000000000 ) ) ;
#86 = EDGE_CURVE ( 'NONE', #2068, #567, #1495, .T. ) ;
#87 = TOROIDAL_SURFACE ( 'NONE', #2270, 0.9999999999999997780, 0.5000000000000000000 ) ;
#88 = DIRECTION ( 'NONE',  ( 0.06767889178183830734, -0.9954090291002811730, 0.06767889178183948695 ) ) ;
#89 = VERTEX_POINT ( 'NONE', #2252 ) ;
#90 = EDGE_CURVE ( 'NONE', #688, #1262, #469, .T. ) ;
#91 = CIRCLE ( 'NONE', #13, 1.499999999999999778 ) ;
#92 = CARTESIAN_POINT ( 'NONE',  ( 0.8816741726856028860, 31.38716634262295102, -5.745573248915699871 ) ) ;
#93 = AXIS2_PLACEMENT_3D ( 'NONE', #2084, #740, #131 ) ;
#94 = ORIENTED_EDGE ( 'NONE', *, *, #1681, .F. ) ;
#95 = PERSON_AND_ORGANIZATION ( #2253, #2554 ) ;
#96 = CARTESIAN_POINT ( 'NONE',  ( -6.206869982993293178, 27.26661183537312283, 0.1863215207995688183 ) ) ;
#97 = CARTESIAN_POINT ( 'NONE',  ( -3.132527244664394583, 35.87608199352013827, 4.375389265984898302 ) ) ;
#98 = CARTESIAN_POINT ( 'NONE',  ( -0.09335710256979667943, 27.26320489190301899, 6.209307221932396814 ) ) ;
#99 = CARTESIAN_POINT ( 'NONE',  ( -6.841488316810096423E-14, 35.74785620332212943, 5.038486898352755539 ) ) ;
#100 = CARTESIAN_POINT ( 'NONE',  ( -5.322790921487675853, 35.73885485821556784, -0.8756770667147745213 ) ) ;
#101 = CARTESIAN_POINT ( 'NONE',  ( -3.686932421305562535, 27.73292483621466076, 4.939956880105484949 ) ) ;
#102 = EDGE_CURVE ( 'NONE', #567, #1521, #793, .T. ) ;
#103 = EDGE_LOOP ( 'NONE', ( #1203, #2401, #2, #1703 ) ) ;
#104 = FACE_OUTER_BOUND ( 'NONE', #819, .T. ) ;
#105 = ORIENTED_EDGE ( 'NONE', *, *, #1979, .T. ) ;
#106 = PERSON_AND_ORGANIZATION ( #2253, #2554 ) ;
#107 = CARTESIAN_POINT ( 'NONE',  ( -6.167217912124432821, 27.36530844987876421, 0.6378034100752647539 ) ) ;
#108 = ORIENTED_EDGE ( 'NONE', *, *, #2115, .T. ) ;
#109 = CARTESIAN_POINT ( 'NONE',  ( -3.722120605919115199, 35.75128683324495427, 3.250138609924558164 ) ) ;
#110 = CARTESIAN_POINT ( 'NONE',  ( -3.394948052527688276, 32.04181550095519526, 4.640627060739761944 ) ) ;
#111 = CARTESIAN_POINT ( 'NONE',  ( -4.382417989080908072, 35.74785620332212233, -3.143881213173458367 ) ) ;
#112 = DIRECTION ( 'NONE',  ( 0.000000000000000000, 0.000000000000000000, -1.000000000000000000 ) ) ;
#113 = CARTESIAN_POINT ( 'NONE',  ( -0.6492191854318933864, 36.20000000000000284, 5.105395679652188434 ) ) ;
#114 = ORIENTED_EDGE ( 'NONE', *, *, #2079, .F. ) ;
#115 = EDGE_CURVE ( 'NONE', #206, #1061, #754, .T. ) ;
#116 = CARTESIAN_POINT ( 'NONE',  ( -0.7749999999999996891, 14.90000000000000391, 3.489985673323029669 ) ) ;
#117 = ORIENTED_EDGE ( 'NONE', *, *, #311, .T. ) ;
#118 = DIRECTION ( 'NONE',  ( -0.000000000000000000, -1.000000000000000000, -0.000000000000000000 ) ) ;
#119 = ORIENTED_EDGE ( 'NONE', *, *, #324, .F. ) ;
#120 = EDGE_CURVE ( 'NONE', #26, #688, #847, .T. ) ;
#121 = AXIS2_PLACEMENT_3D ( 'NONE', #60, #1226, #1247 ) ;
#122 = CARTESIAN_POINT ( 'NONE',  ( -2.909811987513333253, 36.15561510594510963, 4.231290173657929365 ) ) ;
#123 = CARTESIAN_POINT ( 'NONE',  ( -3.841424340043644747, 27.41190509780381745, -4.860632454937817037 ) ) ;
#124 = AXIS2_PLACEMENT_3D ( 'NONE', #1351, #1928, #1158 ) ;
#125 = DIRECTION ( 'NONE',  ( -0.000000000000000000, -1.000000000000000000, -0.000000000000000000 ) ) ;
#126 = DIRECTION ( 'NONE',  ( -0.000000000000000000, -1.000000000000000000, -0.000000000000000000 ) ) ;
#127 = CARTESIAN_POINT ( 'NONE',  ( -4.643498487868562563, 27.28621823196979790, 4.120004774696577776 ) ) ;
#128 = VERTEX_POINT ( 'NONE', #99 ) ;
#129 =( BOUNDED_CURVE ( )  B_SPLINE_CURVE ( 3, ( #2382, #185, #800, #1009 ),
 .UNSPECIFIED., .F., .F. ) 
 B_SPLINE_CURVE_WITH_KNOTS ( ( 4, 4 ),
 ( 2.518210232572590801, 3.141592653589803330 ),
 .UNSPECIFIED. ) 
 CURVE ( )  GEOMETRIC_REPRESENTATION_ITEM ( )  RATIONAL_B_SPLINE_CURVE ( ( 1.000000000000000000, 0.9678775265542558515, 0.9678775265542558515, 1.000000000000000000 ) ) 
 REPRESENTATION_ITEM ( '' )  );
#130 = AXIS2_PLACEMENT_3D ( 'NONE', #2507, #2117, #346 ) ;
#131 = DIRECTION ( 'NONE',  ( 0.000000000000000000, 0.000000000000000000, -1.000000000000000000 ) ) ;
#132 = ORIENTED_EDGE ( 'NONE', *, *, #2029, .T. ) ;
#133 = AXIS2_PLACEMENT_3D ( 'NONE', #850, #205, #1481 ) ;
#134 = CIRCLE ( 'NONE', #1048, 4.895770850515039463 ) ;
#135 = DIRECTION ( 'NONE',  ( -0.09571240664425757771, -0.9954090291002811730, 0.000000000000000000 ) ) ;
#136 = EDGE_CURVE ( 'NONE', #1741, #1745, #253, .T. ) ;
#137 = VERTEX_POINT ( 'NONE', #1505 ) ;
#138 = CARTESIAN_POINT ( 'NONE',  ( 0.000000000000000000, 0.000000000000000000, 0.000000000000000000 ) ) ;
#139 = CARTESIAN_POINT ( 'NONE',  ( 4.382978747425705812, 35.73885485821556784, -3.144584363418542861 ) ) ;
#140 = CARTESIAN_POINT ( 'NONE',  ( 4.382417989080885867, 35.74785620332212233, 3.143881213173488121 ) ) ;
#141 = CARTESIAN_POINT ( 'NONE',  ( -4.640627060739797471, 32.04181550095519526, -3.394948052527640758 ) ) ;
#142 = CARTESIAN_POINT ( 'NONE',  ( 0.8463675961347740806, 27.54855853993736758, 6.123992392604023394 ) ) ;
#143 = EDGE_LOOP ( 'NONE', ( #954, #1219 ) ) ;
#144 = CARTESIAN_POINT ( 'NONE',  ( 0.8769035162246002768, 34.89732906525181022, -5.404592781530318746 ) ) ;
#145 = ORIENTED_EDGE ( 'NONE', *, *, #2261, .T. ) ;
#146 = CARTESIAN_POINT ( 'NONE',  ( -6.309523505657917752, 27.75305864199201977, 0.000000000000000000 ) ) ;
#147 = EDGE_LOOP ( 'NONE', ( #950, #2345, #1281, #612 ) ) ;
#148 = EDGE_CURVE ( 'NONE', #2165, #169, #1449, .T. ) ;
#149 = DIRECTION ( 'NONE',  ( 0.000000000000000000, 0.000000000000000000, -1.000000000000000000 ) ) ;
#150 = CARTESIAN_POINT ( 'NONE',  ( -3.731431837010448671, 27.54914389154633625, -4.929034413910874157 ) ) ;
#151 = CARTESIAN_POINT ( 'NONE',  ( 4.382769363038036659, 35.74185609686031739, 3.144381164857979361 ) ) ;
#152 = CARTESIAN_POINT ( 'NONE',  ( 5.745573248915702536, 31.38716634262295102, 0.8816741726855824579 ) ) ;
#153 = CARTESIAN_POINT ( 'NONE',  ( 0.3246159894517658406, 36.20000000000000284, 4.995011533287574856 ) ) ;
#154 = ORIENTED_EDGE ( 'NONE', *, *, #1416, .F. ) ;
#155 = CARTESIAN_POINT ( 'NONE',  ( -4.081032889251975604, 35.74458789742280374, -3.190450315174145235 ) ) ;
#156 = ORIENTED_EDGE ( 'NONE', *, *, #833, .F. ) ;
#157 = DIRECTION ( 'NONE',  ( -0.06767889178183879306, -0.9954090291002811730, -0.06767889178183901511 ) ) ;
#158 = ORIENTED_EDGE ( 'NONE', *, *, #2277, .F. ) ;
#159 = FACE_OUTER_BOUND ( 'NONE', #1091, .T. ) ;
#160 = CARTESIAN_POINT ( 'NONE',  ( -4.324739891591198315, 27.26320024775426631, -4.456550752847894259 ) ) ;
#161 = CARTESIAN_POINT ( 'NONE',  ( 4.703262128307617473, 27.30266842003839045, -4.049138265306321927 ) ) ;
#162 = AXIS2_PLACEMENT_3D ( 'NONE', #2505, #2167, #1526 ) ;
#163 = CARTESIAN_POINT ( 'NONE',  ( 5.861417349984227698, 30.19327585426519533, -0.8831015573875822255 ) ) ;
#164 = DIRECTION ( 'NONE',  ( -1.002534245082572603E-15, -0.9954090291002811730, 0.09571240664425757771 ) ) ;
#165 = EDGE_CURVE ( 'NONE', #926, #621, #662, .T. ) ;
#166 = EDGE_LOOP ( 'NONE', ( #1293, #2082, #407, #145 ) ) ;
#167 = CARTESIAN_POINT ( 'NONE',  ( -2.650120673675052885, 36.20000000000000284, -4.318445430364527660 ) ) ;
#168 = EDGE_CURVE ( 'NONE', #688, #1560, #1007, .T. ) ;
#169 = VERTEX_POINT ( 'NONE', #915 ) ;
#170 = AXIS2_PLACEMENT_3D ( 'NONE', #495, #125, #681 ) ;
#171 = CARTESIAN_POINT ( 'NONE',  ( 4.339548976991119744, 35.99421414278277354, -3.074278371667668264 ) ) ;
#172 = ORIENTED_EDGE ( 'NONE', *, *, #2432, .F. ) ;
#173 = DIRECTION ( 'NONE',  ( -0.000000000000000000, -1.000000000000000000, -0.000000000000000000 ) ) ;
#174 = AXIS2_PLACEMENT_3D ( 'NONE', #2073, #1901, #549 ) ;
#175 = DIRECTION ( 'NONE',  ( -0.000000000000000000, -1.000000000000000000, -0.000000000000000000 ) ) ;
#176 = CARTESIAN_POINT ( 'NONE',  ( 5.322790921487674964, 35.73885485821556784, -0.8756770667147741882 ) ) ;
#177 = CARTESIAN_POINT ( 'NONE',  ( 0.000000000000000000, 0.000000000000000000, 0.000000000000000000 ) ) ;
#178 = ORIENTED_EDGE ( 'NONE', *, *, #2158, .F. ) ;
#179 = ADVANCED_FACE ( 'NONE', ( #1097 ), #2091, .T. ) ;
#180 = CARTESIAN_POINT ( 'NONE',  ( -3.107500827395397902, 36.20000000000000284, -4.388667662221577004 ) ) ;
#181 = ORIENTED_EDGE ( 'NONE', *, *, #704, .F. ) ;
#182 = CARTESIAN_POINT ( 'NONE',  ( -3.144146779602778885, 35.74485703477443366, 4.382582389122453570 ) ) ;
#183 = ORIENTED_EDGE ( 'NONE', *, *, #2518, .T. ) ;
#184 = CARTESIAN_POINT ( 'NONE',  ( 2.081899558550504963E-16, 0.000000000000000000, -1.700000000000003508 ) ) ;
#185 = CARTESIAN_POINT ( 'NONE',  ( 0.6184265416886481903, 35.74475617435510344, 5.136400120957507198 ) ) ;
#186 = CARTESIAN_POINT ( 'NONE',  ( 2.550503562661632234E-14, 27.84877104863627650, -7.304932534758198592 ) ) ;
#187 = CARTESIAN_POINT ( 'NONE',  ( -5.322790921487675853, 35.73885485821556784, -0.8756770667147745213 ) ) ;
#188 = ORIENTED_EDGE ( 'NONE', *, *, #1915, .F. ) ;
#189 = UNCERTAINTY_MEASURE_WITH_UNIT (LENGTH_MEASURE( 1.000000000000000082E-05 ), #1181, 'distance_accuracy_value', 'NONE');
#190 = CARTESIAN_POINT ( 'NONE',  ( -3.339704505828363867, 35.74785620332212943, -3.785791999661251683 ) ) ;
#191 = B_SPLINE_CURVE_WITH_KNOTS ( 'NONE', 3,
 ( #235, #249, #1210, #613 ),
 .UNSPECIFIED., .F., .F.,
 ( 4, 4 ),
 ( 0.000000000000000000, 9.046164044237515138E-06 ),
 .UNSPECIFIED. ) ;
#192 = ORIENTED_EDGE ( 'NONE', *, *, #90, .F. ) ;
#193 = EDGE_CURVE ( 'NONE', #1306, #1759, #379, .T. ) ;
#194 = CARTESIAN_POINT ( 'NONE',  ( 4.703952109873611676, 27.30300118143553689, 4.048273807988039152 ) ) ;
#195 = ORIENTED_EDGE ( 'NONE', *, *, #86, .F. ) ;
#196 = EDGE_CURVE ( 'NONE', #89, #442, #1202, .T. ) ;
#197 = LINE ( 'NONE', #2012, #1204 ) ;
#198 = DIRECTION ( 'NONE',  ( -0.000000000000000000, -1.000000000000000000, -0.000000000000000000 ) ) ;
#199 = CARTESIAN_POINT ( 'NONE',  ( -3.980986725255569958, 45.26842905789119698, -3.980986725255583725 ) ) ;
#200 = ORIENTED_EDGE ( 'NONE', *, *, #931, .F. ) ;
#201 = AXIS2_PLACEMENT_3D ( 'NONE', #1267, #1503, #1476 ) ;
#202 = CARTESIAN_POINT ( 'NONE',  ( -5.308898677262546606, 35.87608199352013827, 0.8788361633550105800 ) ) ;
#203 = ORIENTED_EDGE ( 'NONE', *, *, #857, .F. ) ;
#204 = AXIS2_PLACEMENT_3D ( 'NONE', #748, #344, #149 ) ;
#205 = DIRECTION ( 'NONE',  ( -0.000000000000000000, -1.000000000000000000, -0.000000000000000000 ) ) ;
#206 = VERTEX_POINT ( 'NONE', #320 ) ;
#207 = VECTOR ( 'NONE', #2547, 1000.000000000000000 ) ;
#208 = EDGE_CURVE ( 'NONE', #1733, #396, #1777, .T. ) ;
#209 = AXIS2_PLACEMENT_3D ( 'NONE', #2351, #2164, #395 ) ;
#210 = CARTESIAN_POINT ( 'NONE',  ( 2.700840008817119831, 36.20000000000000284, -4.083385295012643468 ) ) ;
#211 = CARTESIAN_POINT ( 'NONE',  ( 6.100131925573418989, 27.73292483621466431, 0.8860220918101022747 ) ) ;
#212 = CARTESIAN_POINT ( 'NONE',  ( 4.540782383802614675, 36.20000000000000284, 0.4205753225222974567 ) ) ;
#213 = AXIS2_PLACEMENT_3D ( 'NONE', #2469, #1325, #1477 ) ;
#214 = CARTESIAN_POINT ( 'NONE',  ( 0.000000000000000000, 34.25000000000000000, -2.000000000000005329 ) ) ;
#215 = DIRECTION ( 'NONE',  ( 0.000000000000000000, 1.000000000000000000, 0.000000000000000000 ) ) ;
#216 = VECTOR ( 'NONE', #118, 1000.000000000000000 ) ;
#217 = ORIENTED_EDGE ( 'NONE', *, *, #720, .T. ) ;
#218 = PLANE ( 'NONE',  #1249 ) ;
#219 = ORIENTED_EDGE ( 'NONE', *, *, #1520, .F. ) ;
#220 = CARTESIAN_POINT ( 'NONE',  ( -4.797171717435385396, 36.20000000000000284, 0.9776071471663753121 ) ) ;
#221 = ORIENTED_EDGE ( 'NONE', *, *, #2079, .T. ) ;
#222 = CARTESIAN_POINT ( 'NONE',  ( -6.167190619095601178, 27.36537137503548323, -0.6380916242236059910 ) ) ;
#223 = CARTESIAN_POINT ( 'NONE',  ( -5.136400120957503646, 35.74475617435510344, 0.6184265416887070321 ) ) ;
#224 = CARTESIAN_POINT ( 'NONE',  ( 4.678004094798303036, 36.20000000000000284, -0.8396535887812095478 ) ) ;
#225 = ADVANCED_FACE ( 'NONE', ( #1286 ), #1614, .F. ) ;
#226 = CARTESIAN_POINT ( 'NONE',  ( 3.132528071446091911, 35.87607265627848108, 4.375389777807788150 ) ) ;
#227 = CYLINDRICAL_SURFACE ( 'NONE', #463, 5.575000000000000178 ) ;
#228 = CARTESIAN_POINT ( 'NONE',  ( 0.6492191854324825817, 36.20000000000000284, -5.105395679651363317 ) ) ;
#229 = DIRECTION ( 'NONE',  ( 0.000000000000000000, 1.000000000000000000, 0.000000000000000000 ) ) ;
#230 = ORIENTED_EDGE ( 'NONE', *, *, #1367, .F. ) ;
#231 = EDGE_CURVE ( 'NONE', #1821, #1882, #735, .T. ) ;
#232 = CARTESIAN_POINT ( 'NONE',  ( 5.049553821859629643, 36.15559694196618779, 0.9344198957655375226 ) ) ;
#233 = CARTESIAN_POINT ( 'NONE',  ( 0.8756726926744988759, 35.74185609686031739, 5.322499181287176029 ) ) ;
#234 = ORIENTED_EDGE ( 'NONE', *, *, #1537, .F. ) ;
#235 = CARTESIAN_POINT ( 'NONE',  ( -4.382417989080908072, 35.74785620332212233, -3.143881213173458367 ) ) ;
#236 = CARTESIAN_POINT ( 'NONE',  ( -5.038486898352754650, 35.74785620332212943, 0.3154314918917268673 ) ) ;
#237 = B_SPLINE_CURVE_WITH_KNOTS ( 'NONE', 3,
 ( #440, #2182, #1036, #1434 ),
 .UNSPECIFIED., .F., .F.,
 ( 4, 4 ),
 ( 0.000000000000000000, 9.046164044265375746E-06 ),
 .UNSPECIFIED. ) ;
#238 = CARTESIAN_POINT ( 'NONE',  ( 0.000000000000000000, 35.70000000000000284, 0.000000000000000000 ) ) ;
#239 = CARTESIAN_POINT ( 'NONE',  ( 2.909839104631918527, 36.15559694196618779, 4.231308394174858378 ) ) ;
#240 = CARTESIAN_POINT ( 'NONE',  ( 5.242367592782916752, 35.99421414278277354, -0.8946814250601928808 ) ) ;
#241 = DIRECTION ( 'NONE',  ( 0.000000000000000000, 1.000000000000000000, 0.000000000000000000 ) ) ;
#242 = CARTESIAN_POINT ( 'NONE',  ( -3.315544805779718551, 33.21426811240093002, -4.558940869422998254 ) ) ;
#243 = EDGE_CURVE ( 'NONE', #1860, #26, #2457, .T. ) ;
#244 = ORIENTED_EDGE ( 'NONE', *, *, #2290, .F. ) ;
#245 = AXIS2_PLACEMENT_3D ( 'NONE', #277, #679, #2482 ) ;
#246 = CARTESIAN_POINT ( 'NONE',  ( 4.257344779072932184, 27.26660549139023004, 4.520503038172941856 ) ) ;
#247 = APPROVAL_PERSON_ORGANIZATION ( #95, #1287, #2273 ) ;
#248 = ORIENTED_EDGE ( 'NONE', *, *, #1730, .T. ) ;
#249 = CARTESIAN_POINT ( 'NONE',  ( -4.382582389122485544, 35.74485703477443366, -3.144146779602734920 ) ) ;
#250 = CARTESIAN_POINT ( 'NONE',  ( -0.9344198957655890370, 36.15559694196618779, 5.049553821859621650 ) ) ;
#251 = AXIS2_PLACEMENT_3D ( 'NONE', #902, #709, #1672 ) ;
#252 = B_SPLINE_CURVE_WITH_KNOTS ( 'NONE', 3,
 ( #408, #434, #1774, #838, #4, #398 ),
 .UNSPECIFIED., .F., .F.,
 ( 4, 2, 4 ),
 ( -5.527337459318205756E-06, 0.0003793000264230804702, 0.0007641273903054792045 ),
 .UNSPECIFIED. ) ;
#253 = B_SPLINE_CURVE_WITH_KNOTS ( 'NONE', 3,
 ( #111, #1457, #510, #2242, #1125, #1892 ),
 .UNSPECIFIED., .F., .F.,
 ( 4, 2, 4 ),
 ( 7.204847710556567793E-18, 0.0003809919800252084586, 0.0007619839600504096531 ),
 .UNSPECIFIED. ) ;
#254 = B_SPLINE_CURVE_WITH_KNOTS ( 'NONE', 3,
 ( #745, #2274, #1473, #2313, #491, #1337 ),
 .UNSPECIFIED., .F., .F.,
 ( 4, 2, 4 ),
 ( 7.165583942981723818E-18, 0.0003809919800252086755, 0.0007619839600504101952 ),
 .UNSPECIFIED. ) ;
#255 = CARTESIAN_POINT ( 'NONE',  ( 0.9576561729590287175, 36.19999999999999574, 4.923888029877878658 ) ) ;
#256 = DIRECTION ( 'NONE',  ( -0.000000000000000000, -1.000000000000000000, -0.000000000000000000 ) ) ;
#257 = FACE_OUTER_BOUND ( 'NONE', #2533, .T. ) ;
#258 = AXIS2_PLACEMENT_3D ( 'NONE', #711, #164, #1532 ) ;
#259 = CARTESIAN_POINT ( 'NONE',  ( -2.650120673675111505, 36.20000000000000284, 4.318445430364494797 ) ) ;
#260 = ORIENTED_EDGE ( 'NONE', *, *, #2410, .F. ) ;
#261 = AXIS2_PLACEMENT_3D ( 'NONE', #1067, #1021, #1607 ) ;
#262 = EDGE_CURVE ( 'NONE', #1234, #1797, #1906, .T. ) ;
#263 = ORIENTED_EDGE ( 'NONE', *, *, #1266, .F. ) ;
#264 = PLANE ( 'NONE',  #2402 ) ;
#265 = FACE_OUTER_BOUND ( 'NONE', #2322, .T. ) ;
#266 = CARTESIAN_POINT ( 'NONE',  ( 0.000000000000000000, 0.000000000000000000, 0.000000000000000000 ) ) ;
#267 = ORIENTED_EDGE ( 'NONE', *, *, #547, .T. ) ;
#268 = CARTESIAN_POINT ( 'NONE',  ( -3.144584363418557960, 35.73885485821556784, -4.382978747425694266 ) ) ;
#269 = ORIENTED_EDGE ( 'NONE', *, *, #208, .F. ) ;
#270 = DIRECTION ( 'NONE',  ( 0.000000000000000000, 1.000000000000000000, 0.000000000000000000 ) ) ;
#271 = ADVANCED_FACE ( 'NONE', ( #1172 ), #87, .F. ) ;
#272 = PRODUCT ( '4mm_banana_socket_front', '4mm_banana_socket_front', '', ( #274 ) ) ;
#273 = VERTEX_POINT ( 'NONE', #1943 ) ;
#274 = MECHANICAL_CONTEXT ( 'NONE', #649, 'mechanical' ) ;
#275 = CARTESIAN_POINT ( 'NONE',  ( -0.8788359406454482325, 35.87607265627848108, 5.308899623798934542 ) ) ;
#276 = EDGE_CURVE ( 'NONE', #1169, #1499, #2112, .T. ) ;
#277 = CARTESIAN_POINT ( 'NONE',  ( 0.000000000000000000, 13.60000000000000320, 0.000000000000000000 ) ) ;
#278 = CARTESIAN_POINT ( 'NONE',  ( 5.322790921487675853, 35.73885485821556784, 0.8756770667147742992 ) ) ;
#279 = EDGE_CURVE ( 'NONE', #2539, #1615, #2192, .T. ) ;
#280 = CARTESIAN_POINT ( 'NONE',  ( 3.686932421305459506, 27.73292483621466431, 4.939956880105562220 ) ) ;
#281 = CARTESIAN_POINT ( 'NONE',  ( -4.083385295012653238, 36.20000000000000284, -2.700840008817105176 ) ) ;
#282 = ORIENTED_EDGE ( 'NONE', *, *, #2016, .T. ) ;
#283 = ORIENTED_EDGE ( 'NONE', *, *, #1604, .F. ) ;
#284 = AXIS2_PLACEMENT_3D ( 'NONE', #50, #646, #848 ) ;
#285 = LOCAL_TIME ( 16, 34, 38.00000000000000000, #67 ) ;
#286 = COORDINATED_UNIVERSAL_TIME_OFFSET ( 3, 0, .BEHIND. ) ;
#287 = CARTESIAN_POINT ( 'NONE',  ( 3.980102097228898231E-16, 30.20000000000000284, 3.250000000000000444 ) ) ;
#288 = EDGE_CURVE ( 'NONE', #1837, #1759, #1751, .T. ) ;
#289 = CARTESIAN_POINT ( 'NONE',  ( -3.143881213173502776, 35.74785620332212233, 4.382417989080876097 ) ) ;
#290 = DIRECTION ( 'NONE',  ( 0.000000000000000000, 0.000000000000000000, -1.000000000000000000 ) ) ;
#291 = CARTESIAN_POINT ( 'NONE',  ( 3.258547106632595725, 34.05580003434261016, 4.500340567775463541 ) ) ;
#292 = CIRCLE ( 'NONE', #1371, 1.499999999999999778 ) ;
#293 = CARTESIAN_POINT ( 'NONE',  ( 0.8756770667147191212, 35.73885485821556784, 5.322790921487684734 ) ) ;
#294 = FACE_OUTER_BOUND ( 'NONE', #2450, .T. ) ;
#295 = CIRCLE ( 'NONE', #919, 3.000000000000000444 ) ;
#296 = VERTEX_POINT ( 'NONE', #930 ) ;
#297 = DIRECTION ( 'NONE',  ( 0.000000000000000000, 0.000000000000000000, 1.000000000000000000 ) ) ;
#298 = AXIS2_PLACEMENT_3D ( 'NONE', #2049, #2203, #2059 ) ;
#299 = ORIENTED_EDGE ( 'NONE', *, *, #1567, .T. ) ;
#300 = DATE_AND_TIME ( #2237, #1981 ) ;
#301 = CARTESIAN_POINT ( 'NONE',  ( -0.8861302811253219947, 27.63849352325904007, -6.109291422986670383 ) ) ;
#302 = ORIENTED_EDGE ( 'NONE', *, *, #136, .F. ) ;
#303 = CARTESIAN_POINT ( 'NONE',  ( -6.100131925573418989, 27.73292483621466431, 0.8860220918101026077 ) ) ;
#304 = DIRECTION ( 'NONE',  ( -1.002534245082572405E-15, -0.9954090291002810620, 0.09571240664425756384 ) ) ;
#305 = ADVANCED_FACE ( 'NONE', ( #750 ), #2494, .F. ) ;
#306 = CARTESIAN_POINT ( 'NONE',  ( 3.250138609924570599, 35.75128683324494716, 3.722120605919104985 ) ) ;
#307 = CARTESIAN_POINT ( 'NONE',  ( 0.000000000000000000, 22.80000000000000426, -5.575000000000000178 ) ) ;
#308 = FACE_OUTER_BOUND ( 'NONE', #1207, .T. ) ;
#309 = EDGE_LOOP ( 'NONE', ( #970, #485, #2055, #1377 ) ) ;
#310 = DIRECTION ( 'NONE',  ( 0.000000000000000000, 0.000000000000000000, -1.000000000000000000 ) ) ;
#311 = EDGE_CURVE ( 'NONE', #1821, #1603, #542, .T. ) ;
#312 = ORIENTED_EDGE ( 'NONE', *, *, #489, .T. ) ;
#313 = B_SPLINE_CURVE_WITH_KNOTS ( 'NONE', 3,
 ( #1973, #2336, #1535, #1397 ),
 .UNSPECIFIED., .F., .F.,
 ( 4, 4 ),
 ( 0.000000000000000000, 9.046164044265375746E-06 ),
 .UNSPECIFIED. ) ;
#314 = DATE_TIME_ROLE ( 'classification_date' ) ;
#315 = DIRECTION ( 'NONE',  ( 0.000000000000000000, 0.000000000000000000, -1.000000000000000000 ) ) ;
#316 = ORIENTED_EDGE ( 'NONE', *, *, #120, .T. ) ;
#317 = B_SPLINE_CURVE_WITH_KNOTS ( 'NONE', 3,
 ( #1420, #438, #1817, #1793 ),
 .UNSPECIFIED., .F., .F.,
 ( 4, 4 ),
 ( 0.000000000000000000, 9.046164044265519742E-06 ),
 .UNSPECIFIED. ) ;
#318 = CARTESIAN_POINT ( 'NONE',  ( 0.8861303355604894794, 27.63844601043106053, -6.109296031559937390 ) ) ;
#319 = CARTESIAN_POINT ( 'NONE',  ( 6.167208324853531209, 27.36534015417103305, -0.6378642046959690504 ) ) ;
#320 = CARTESIAN_POINT ( 'NONE',  ( 6.100131925573418989, 27.73292483621466431, 0.8860220918101022747 ) ) ;
#321 = CARTESIAN_POINT ( 'NONE',  ( 5.847688465928612791E-16, 22.80000000000000426, 4.775000000000000355 ) ) ;
#322 = CARTESIAN_POINT ( 'NONE',  ( 3.144584363418527317, 35.73885485821556784, 4.382978747425716470 ) ) ;
#323 = ORIENTED_EDGE ( 'NONE', *, *, #66, .F. ) ;
#324 = EDGE_CURVE ( 'NONE', #1234, #1513, #2517, .T. ) ;
#325 = CARTESIAN_POINT ( 'NONE',  ( 0.000000000000000000, 0.000000000000000000, 1.700000000000003508 ) ) ;
#326 = ORIENTED_EDGE ( 'NONE', *, *, #1866, .F. ) ;
#327 = PRODUCT_RELATED_PRODUCT_CATEGORY ( 'detail', '', ( #272 ) ) ;
#328 = CARTESIAN_POINT ( 'NONE',  ( -4.083385295012690541, 36.20000000000000284, 2.700840008817048776 ) ) ;
#329 = ORIENTED_EDGE ( 'NONE', *, *, #1085, .F. ) ;
#330 = CIRCLE ( 'NONE', #1770, 5.393475365065178551 ) ;
#331 = CARTESIAN_POINT ( 'NONE',  ( 0.6380916242236287506, 27.36537137503549388, -6.167190619095599402 ) ) ;
#332 = CARTESIAN_POINT ( 'NONE',  ( 6.109290066260870233, 27.63850751064204303, -0.8861302651000922959 ) ) ;
#333 = TOROIDAL_SURFACE ( 'NONE', #1938, 4.895770850515039463, 0.5000000000000000000 ) ;
#334 = CARTESIAN_POINT ( 'NONE',  ( 7.304932534758198592, 27.84877104863627295, 0.000000000000000000 ) ) ;
#335 = CARTESIAN_POINT ( 'NONE',  ( -4.686171592415374398, 31.38716634262295102, 3.439296019809241933 ) ) ;
#336 = CARTESIAN_POINT ( 'NONE',  ( -3.144584363418557960, 35.73885485821556784, -4.382978747425694266 ) ) ;
#337 = AXIS2_PLACEMENT_3D ( 'NONE', #1250, #1612, #1988 ) ;
#338 = ORIENTED_EDGE ( 'NONE', *, *, #1708, .T. ) ;
#339 = CARTESIAN_POINT ( 'NONE',  ( 0.000000000000000000, 25.30000000000000426, 0.000000000000000000 ) ) ;
#340 = ADVANCED_FACE ( 'NONE', ( #763 ), #625, .F. ) ;
#341 = CARTESIAN_POINT ( 'NONE',  ( -7.304932534758198592, 27.84877104863627295, 0.000000000000000000 ) ) ;
#342 = ORIENTED_EDGE ( 'NONE', *, *, #1269, .F. ) ;
#343 = CIRCLE ( 'NONE', #2037, 2.000000000000001776 ) ;
#344 = DIRECTION ( 'NONE',  ( -0.000000000000000000, -1.000000000000000000, -0.000000000000000000 ) ) ;
#345 = CARTESIAN_POINT ( 'NONE',  ( -4.520762485004774511, 27.26662025165797232, -4.257069950853194840 ) ) ;
#346 = DIRECTION ( 'NONE',  ( 0.000000000000000000, 0.000000000000000000, 1.000000000000000000 ) ) ;
#347 = CIRCLE ( 'NONE', #1790, 4.895770850515039463 ) ;
#348 = DIRECTION ( 'NONE',  ( 0.9976965925094418708, 0.06783442558943683642, 0.000000000000000000 ) ) ;
#349 = CARTESIAN_POINT ( 'NONE',  ( 0.8847628115073331578, 35.73864478242503395, 5.329426084533435137 ) ) ;
#350 = ORIENTED_EDGE ( 'NONE', *, *, #1822, .F. ) ;
#351 = FACE_OUTER_BOUND ( 'NONE', #1783, .T. ) ;
#352 = ORIENTED_EDGE ( 'NONE', *, *, #2419, .F. ) ;
#353 = DIRECTION ( 'NONE',  ( -0.000000000000000000, -1.000000000000000000, -0.000000000000000000 ) ) ;
#354 = CARTESIAN_POINT ( 'NONE',  ( -0.6378034100752449920, 27.36530844987876065, -6.167217912124433710 ) ) ;
#355 = ORIENTED_EDGE ( 'NONE', *, *, #944, .F. ) ;
#356 = EDGE_CURVE ( 'NONE', #1687, #596, #75, .T. ) ;
#357 = CYLINDRICAL_SURFACE ( 'NONE', #1157, 2.000000000000003553 ) ;
#358 = CARTESIAN_POINT ( 'NONE',  ( -3.693336831678682763, 27.63843201186336174, -4.946514392939782567 ) ) ;
#359 = CARTESIAN_POINT ( 'NONE',  ( 0.000000000000000000, 0.000000000000000000, 0.000000000000000000 ) ) ;
#360 = ADVANCED_FACE ( 'NONE', ( #1160 ), #1413, .T. ) ;
#361 = DIRECTION ( 'NONE',  ( 0.000000000000000000, -1.000000000000000000, -0.000000000000000000 ) ) ;
#362 = CARTESIAN_POINT ( 'NONE',  ( 0.6378034100752002500, 27.36530844987875710, 6.167217912124437262 ) ) ;
#363 = VERTEX_POINT ( 'NONE', #813 ) ;
#364 = B_SPLINE_CURVE_WITH_KNOTS ( 'NONE', 3,
 ( #2175, #560, #1580, #1769, #1939, #968, #586 ),
 .UNSPECIFIED., .F., .F.,
 ( 4, 3, 4 ),
 ( 0.0004635204855060064176, 0.003000000009842789840, 0.008507106913800334402 ),
 .UNSPECIFIED. ) ;
#365 = CARTESIAN_POINT ( 'NONE',  ( -3.901573164325023768, 36.20000000000000284, -2.714123671375213931 ) ) ;
#366 = ORIENTED_EDGE ( 'NONE', *, *, #884, .T. ) ;
#367 = CARTESIAN_POINT ( 'NONE',  ( -0.8850824867232093274, 28.55304410414921534, -6.020583308932534017 ) ) ;
#368 = EDGE_LOOP ( 'NONE', ( #1525, #1666, #2120, #1054, #108, #192 ) ) ;
#369 = CARTESIAN_POINT ( 'NONE',  ( 0.000000000000000000, 20.71998401917443644, -6.169200639233021199 ) ) ;
#370 = CARTESIAN_POINT ( 'NONE',  ( 0.000000000000000000, 21.20000000000000284, 0.000000000000000000 ) ) ;
#371 = DIRECTION ( 'NONE',  ( -3.301992067557643680E-17, 0.06783442558943629519, -0.9976965925094418708 ) ) ;
#372 = AXIS2_PLACEMENT_3D ( 'NONE', #1586, #2026, #643 ) ;
#373 = ADVANCED_FACE ( 'NONE', ( #1393 ), #963, .T. ) ;
#374 = CARTESIAN_POINT ( 'NONE',  ( 0.9776071471663927426, 36.20000000000000284, -4.797171717435381844 ) ) ;
#375 = DIRECTION ( 'NONE',  ( 0.000000000000000000, 0.000000000000000000, 1.000000000000000000 ) ) ;
#376 = ORIENTED_EDGE ( 'NONE', *, *, #1883, .T. ) ;
#377 = CARTESIAN_POINT ( 'NONE',  ( -3.142851540447498593, 35.73864478242503395, -4.394095107964608893 ) ) ;
#378 = EDGE_LOOP ( 'NONE', ( #1927, #217, #1966, #312 ) ) ;
#379 = CIRCLE ( 'NONE', #916, 2.000000000000000000 ) ;
#380 = B_SPLINE_CURVE_WITH_KNOTS ( 'NONE', 3,
 ( #1602, #1103, #2069, #1115 ),
 .UNSPECIFIED., .F., .F.,
 ( 4, 4 ),
 ( 0.000000000000000000, 9.046164044265409627E-06 ),
 .UNSPECIFIED. ) ;
#381 =( BOUNDED_SURFACE ( )  B_SPLINE_SURFACE ( 3, 2, ( 
 ( #471, #839, #854 ),
 ( #678, #68, #1235 ),
 ( #640, #2238, #236 ),
 ( #1223, #1633, #81 ),
 ( #2428, #665, #457 ),
 ( #2406, #1659, #873 ) ),
 .UNSPECIFIED., .F., .F., .F. ) 
 B_SPLINE_SURFACE_WITH_KNOTS ( ( 4, 2, 4 ),
 ( 3, 3 ),
 ( 2.510729643520384080, 3.141592653589793116, 3.772455663659202596 ),
 ( 0.000000000000000000, 1.000000000000000000 ),
 .UNSPECIFIED. ) 
 GEOMETRIC_REPRESENTATION_ITEM ( )  RATIONAL_B_SPLINE_SURFACE ( (
 ( 1.000000000000000000, 0.7339242347988189641, 1.000000000000000000),
 ( 1.000000000000000000, 0.7379907051409162477, 1.000000000000000000),
 ( 1.000000000000000000, 0.7401730901094208948, 1.000000000000000000),
 ( 1.000000000000000000, 0.7401730901094208948, 1.000000000000000000),
 ( 1.000000000000000000, 0.7379907051409162477, 1.000000000000000000),
 ( 1.000000000000000000, 0.7339242347988189641, 1.000000000000000000) ) ) 
 REPRESENTATION_ITEM ( '' )  SURFACE ( )  );
#382 = CARTESIAN_POINT ( 'NONE',  ( 4.375389777807777492, 35.87607265627848108, -3.132528071446105677 ) ) ;
#383 = CIRCLE ( 'NONE', #133, 3.250000000000000444 ) ;
#384 = ORIENTED_EDGE ( 'NONE', *, *, #2340, .F. ) ;
#385 = DIRECTION ( 'NONE',  ( -0.000000000000000000, -1.000000000000000000, -0.000000000000000000 ) ) ;
#386 = DIRECTION ( 'NONE',  ( 0.000000000000000000, 0.000000000000000000, 1.000000000000000000 ) ) ;
#387 = AXIS2_PLACEMENT_3D ( 'NONE', #341, #135, #1718 ) ;
#388 = CARTESIAN_POINT ( 'NONE',  ( 4.643498487868530589, 27.28621823196979435, -4.120004774696607086 ) ) ;
#389 = DIRECTION ( 'NONE',  ( 0.000000000000000000, 0.000000000000000000, -1.000000000000000000 ) ) ;
#390 = EDGE_CURVE ( 'NONE', #1603, #1521, #197, .T. ) ;
#391 = VERTEX_POINT ( 'NONE', #410 ) ;
#392 = CARTESIAN_POINT ( 'NONE',  ( -3.785791999661241469, 35.74785620332212943, -3.339704505828375414 ) ) ;
#393 = ORIENTED_EDGE ( 'NONE', *, *, #136, .T. ) ;
#394 = ADVANCED_FACE ( 'NONE', ( #2394 ), #2435, .T. ) ;
#395 = DIRECTION ( 'NONE',  ( 0.9976965925094416487, 0.06783442558943653111, -1.712144035029882582E-17 ) ) ;
#396 = VERTEX_POINT ( 'NONE', #1404 ) ;
#397 =( BOUNDED_SURFACE ( )  B_SPLINE_SURFACE ( 3, 2, ( 
 ( #1153, #1961, #1729 ),
 ( #558, #2514, #988 ),
 ( #1590, #1767, #2552 ),
 ( #791, #977, #1165 ),
 ( #1744, #1755, #2540 ),
 ( #1577, #778, #1345 ) ),
 .UNSPECIFIED., .F., .F., .T. ) 
 B_SPLINE_SURFACE_WITH_KNOTS ( ( 4, 2, 4 ),
 ( 3, 3 ),
 ( 2.510729643520384524, 3.141592653589793116, 3.772455663659202152 ),
 ( 0.000000000000000000, 1.000000000000000000 ),
 .UNSPECIFIED. ) 
 GEOMETRIC_REPRESENTATION_ITEM ( )  RATIONAL_B_SPLINE_SURFACE ( (
 ( 1.000000000000000000, 0.7339242347988189641, 1.000000000000000000),
 ( 1.000000000000000000, 0.7379907051407770258, 1.000000000000000000),
 ( 1.000000000000000000, 0.7401730901096078563, 1.000000000000000000),
 ( 1.000000000000000000, 0.7401730901092343773, 1.000000000000000000),
 ( 1.000000000000000000, 0.7379907051410562469, 1.000000000000000000),
 ( 1.000000000000000000, 0.7339242347988191861, 1.000000000000000000) ) ) 
 REPRESENTATION_ITEM ( '' )  SURFACE ( )  );
#398 = CARTESIAN_POINT ( 'NONE',  ( 4.382417989080885867, 35.74785620332212233, 3.143881213173488121 ) ) ;
#399 = CARTESIAN_POINT ( 'NONE',  ( 3.980102097228898231E-16, 0.000000000000000000, 3.250000000000000444 ) ) ;
#400 = CARTESIAN_POINT ( 'NONE',  ( 2.449293598294706414E-16, 0.000000000000000000, 2.000000000000000000 ) ) ;
#401 = CARTESIAN_POINT ( 'NONE',  ( 3.339704505828383851, 35.74785620332212233, 3.785791999661229923 ) ) ;
#402 = ORIENTED_EDGE ( 'NONE', *, *, #2277, .T. ) ;
#403 = CARTESIAN_POINT ( 'NONE',  ( 0.8756770667147926179, 35.73885485821556784, -5.322790921487672300 ) ) ;
#404 = ORIENTED_EDGE ( 'NONE', *, *, #279, .F. ) ;
#405 = EDGE_CURVE ( 'NONE', #391, #882, #2520, .T. ) ;
#406 = CARTESIAN_POINT ( 'NONE',  ( -0.8860220918100815135, 27.73292483621466431, -6.100131925573422542 ) ) ;
#407 = ORIENTED_EDGE ( 'NONE', *, *, #148, .T. ) ;
#408 = CARTESIAN_POINT ( 'NONE',  ( 4.083385295012634586, 36.20000000000000284, 2.700840008817134041 ) ) ;
#409 = DIRECTION ( 'NONE',  ( 0.000000000000000000, -0.09571240664425774425, -0.9954090291002811730 ) ) ;
#410 = CARTESIAN_POINT ( 'NONE',  ( -7.651510687984896386E-14, 27.70520243866988253, 5.811818991107776888 ) ) ;
#411 = DIRECTION ( 'NONE',  ( -0.000000000000000000, -1.000000000000000000, -0.000000000000000000 ) ) ;
#412 = CARTESIAN_POINT ( 'NONE',  ( 3.785791999661173080, 35.74785620332213654, 3.339704505828447356 ) ) ;
#413 = CIRCLE ( 'NONE', #204, 6.349999999999996092 ) ;
#414 = ORIENTED_EDGE ( 'NONE', *, *, #90, .T. ) ;
#415 = DIRECTION ( 'NONE',  ( -0.000000000000000000, -1.000000000000000000, -0.000000000000000000 ) ) ;
#416 = EDGE_LOOP ( 'NONE', ( #2294, #376, #1618, #1178 ) ) ;
#417 = AXIS2_PLACEMENT_3D ( 'NONE', #2028, #619, #1844 ) ;
#418 = CARTESIAN_POINT ( 'NONE',  ( -4.119528041381330219, 27.28631093204086966, 4.643912032301645176 ) ) ;
#419 = ADVANCED_FACE ( 'NONE', ( #424 ), #1987, .T. ) ;
#420 = ORIENTED_EDGE ( 'NONE', *, *, #1708, .F. ) ;
#421 = AXIS2_PLACEMENT_3D ( 'NONE', #186, #554, #2302 ) ;
#422 = CARTESIAN_POINT ( 'NONE',  ( -6.209307221932397702, 27.26320489190302965, 0.000000000000000000 ) ) ;
#423 = CARTESIAN_POINT ( 'NONE',  ( 2.700840008817062543, 36.20000000000000284, 4.083385295012680771 ) ) ;
#424 = FACE_OUTER_BOUND ( 'NONE', #2448, .T. ) ;
#425 = AXIS2_PLACEMENT_3D ( 'NONE', #644, #2052, #876 ) ;
#426 = CARTESIAN_POINT ( 'NONE',  ( 0.8946814250601389240, 35.99421414278277354, 5.242367592782924746 ) ) ;
#427 = DIRECTION ( 'NONE',  ( -0.06767889178183879306, -0.9954090291002812840, -0.06767889178183901511 ) ) ;
#428 = EDGE_CURVE ( 'NONE', #1234, #465, #1183, .T. ) ;
#429 = CARTESIAN_POINT ( 'NONE',  ( -0.8396535887815399501, 36.20000000000000284, -4.678004094797831414 ) ) ;
#430 = DIRECTION ( 'NONE',  ( 0.000000000000000000, 1.000000000000000000, 0.000000000000000000 ) ) ;
#431 = VERTEX_POINT ( 'NONE', #629 ) ;
#432 = FACE_OUTER_BOUND ( 'NONE', #2257, .T. ) ;
#433 = ORIENTED_EDGE ( 'NONE', *, *, #884, .F. ) ;
#434 = CARTESIAN_POINT ( 'NONE',  ( 4.158879789674448268, 36.19999999999999574, 2.804549441785393782 ) ) ;
#435 = CARTESIAN_POINT ( 'NONE',  ( 4.500340567775451106, 34.05580003434261016, -3.258547106632611268 ) ) ;
#436 = DIRECTION ( 'NONE',  ( 0.000000000000000000, 0.000000000000000000, -1.000000000000000000 ) ) ;
#437 = EDGE_CURVE ( 'NONE', #782, #2095, #295, .T. ) ;
#438 = CARTESIAN_POINT ( 'NONE',  ( 5.322201235360187077, 35.74485703477443366, -0.8757062175543202098 ) ) ;
#439 = CARTESIAN_POINT ( 'NONE',  ( -4.797171717435385396, 36.20000000000000284, 0.9776071471663753121 ) ) ;
#440 = CARTESIAN_POINT ( 'NONE',  ( -4.382978747425727128, 35.73885485821556784, 3.144584363418512218 ) ) ;
#441 = CARTESIAN_POINT ( 'NONE',  ( -3.785791999661285434, 35.74785620332212943, 3.339704505828324343 ) ) ;
#442 = VERTEX_POINT ( 'NONE', #2180 ) ;
#443 = CARTESIAN_POINT ( 'NONE',  ( -5.322499181287166259, 35.74185609686031739, 0.8756726926745550532 ) ) ;
#444 = DIRECTION ( 'NONE',  ( 0.000000000000000000, 0.000000000000000000, -1.000000000000000000 ) ) ;
#445 = EDGE_LOOP ( 'NONE', ( #117, #2122, #527, #823 ) ) ;
#446 = FACE_BOUND ( 'NONE', #143, .T. ) ;
#447 = FACE_BOUND ( 'NONE', #2269, .T. ) ;
#448 = DIRECTION ( 'NONE',  ( 0.000000000000000000, 0.000000000000000000, 1.000000000000000000 ) ) ;
#449 = CARTESIAN_POINT ( 'NONE',  ( 0.000000000000000000, 35.74785620332212233, 0.000000000000000000 ) ) ;
#450 = FACE_OUTER_BOUND ( 'NONE', #1303, .T. ) ;
#451 = ADVANCED_FACE ( 'NONE', ( #802 ), #1723, .T. ) ;
#452 = EDGE_LOOP ( 'NONE', ( #2143, #1135 ) ) ;
#453 = CARTESIAN_POINT ( 'NONE',  ( -2.700840008817090521, 36.20000000000000284, -4.083385295012662120 ) ) ;
#454 = ORIENTED_EDGE ( 'NONE', *, *, #1316, .T. ) ;
#455 = ORIENTED_EDGE ( 'NONE', *, *, #1900, .T. ) ;
#456 = PERSON_AND_ORGANIZATION ( #2253, #2554 ) ;
#457 = CARTESIAN_POINT ( 'NONE',  ( -5.141715083133800768, 35.74458789742278952, -0.6297369773370200541 ) ) ;
#458 = DIRECTION ( 'NONE',  ( 0.000000000000000000, -0.7071067811865493491, -0.7071067811865455743 ) ) ;
#459 = CARTESIAN_POINT ( 'NONE',  ( 0.000000000000000000, 22.80000000000000426, 0.000000000000000000 ) ) ;
#460 = AXIS2_PLACEMENT_3D ( 'NONE', #1508, #556, #1713 ) ;
#461 = CARTESIAN_POINT ( 'NONE',  ( -7.651510687984896386E-14, 27.84877104863626940, 7.304932534758199481 ) ) ;
#462 = EDGE_CURVE ( 'NONE', #2209, #1980, #530, .T. ) ;
#463 = AXIS2_PLACEMENT_3D ( 'NONE', #1765, #2001, #2142 ) ;
#464 = CARTESIAN_POINT ( 'NONE',  ( -3.439296019809291227, 31.38716634262295102, -4.686171592415338871 ) ) ;
#465 = VERTEX_POINT ( 'NONE', #2327 ) ;
#466 = VECTOR ( 'NONE', #528, 1000.000000000000000 ) ;
#467 = EDGE_CURVE ( 'NONE', #645, #1858, #1168, .T. ) ;
#468 = ORIENTED_EDGE ( 'NONE', *, *, #168, .T. ) ;
#469 = B_SPLINE_CURVE_WITH_KNOTS ( 'NONE', 3,
 ( #723, #1699, #1084, #693 ),
 .UNSPECIFIED., .F., .F.,
 ( 4, 4 ),
 ( 0.000000000000000000, 9.046164044265396075E-06 ),
 .UNSPECIFIED. ) ;
#470 = EDGE_CURVE ( 'NONE', #2424, #2337, #1244, .T. ) ;
#471 = CARTESIAN_POINT ( 'NONE',  ( -4.927520347313111948, 36.20000000000000284, 1.179683748676518595 ) ) ;
#472 = CARTESIAN_POINT ( 'NONE',  ( -0.9578550144438349179, 36.20000000000000995, -4.922625111112734153 ) ) ;
#473 = DIRECTION ( 'NONE',  ( 0.06767889178183829346, -0.9954090291002810620, 0.06767889178183947307 ) ) ;
#474 = DIRECTION ( 'NONE',  ( 0.000000000000000000, 1.000000000000000000, 0.000000000000000000 ) ) ;
#475 = CARTESIAN_POINT ( 'NONE',  ( 6.943257688232722174E-16, 20.70000000000000284, -5.669600159872127065 ) ) ;
#476 = EDGE_LOOP ( 'NONE', ( #2297, #1132, #1995, #905, #94, #1242 ) ) ;
#477 = PRODUCT_DEFINITION_SHAPE ( 'NONE', 'NONE',  #708 ) ;
#478 = ORIENTED_EDGE ( 'NONE', *, *, #276, .F. ) ;
#479 = EDGE_CURVE ( 'NONE', #442, #1876, #1654, .T. ) ;
#480 = CARTESIAN_POINT ( 'NONE',  ( -4.922625111112693297, 36.20000000000000995, -0.9578550144436062119 ) ) ;
#481 = CARTESIAN_POINT ( 'NONE',  ( 4.883043112716152656, 28.55304410414921179, 3.631347456173327437 ) ) ;
#482 = DIRECTION ( 'NONE',  ( 0.000000000000000000, -0.06783442558943680867, -0.9976965925094418708 ) ) ;
#483 = CARTESIAN_POINT ( 'NONE',  ( -7.304932534758198592, 27.84877104863627295, 0.000000000000000000 ) ) ;
#484 = CARTESIAN_POINT ( 'NONE',  ( -6.100131925573418989, 27.73292483621466431, -0.8860220918101020526 ) ) ;
#485 = ORIENTED_EDGE ( 'NONE', *, *, #2451, .T. ) ;
#486 = CARTESIAN_POINT ( 'NONE',  ( 4.797171717435386284, 36.20000000000000284, -0.9776071471663755341 ) ) ;
#487 = ORIENTED_EDGE ( 'NONE', *, *, #2531, .T. ) ;
#488 = CIRCLE ( 'NONE', #829, 4.775000000000000355 ) ;
#489 = EDGE_CURVE ( 'NONE', #2147, #1357, #1737, .T. ) ;
#490 = APPROVAL_STATUS ( 'not_yet_approved' ) ;
#491 = CARTESIAN_POINT ( 'NONE',  ( 0.9578550144438624514, 36.20000000000000995, -4.922625111112726159 ) ) ;
#492 = VERTEX_POINT ( 'NONE', #1144 ) ;
#493 = CARTESIAN_POINT ( 'NONE',  ( -0.8757777529930719229, 35.74785620332212233, -5.321897203152966327 ) ) ;
#494 = CARTESIAN_POINT ( 'NONE',  ( -3.686932421305494145, 27.73292483621466431, -4.939956880105535575 ) ) ;
#495 = CARTESIAN_POINT ( 'NONE',  ( 0.000000000000000000, 16.20000000000000284, 0.000000000000000000 ) ) ;
#496 = VECTOR ( 'NONE', #1517, 1000.000000000000000 ) ;
#497 = EDGE_CURVE ( 'NONE', #1924, #661, #364, .T. ) ;
#498 = CARTESIAN_POINT ( 'NONE',  ( 0.8850824867231671389, 28.55304410414921534, 6.020583308932540234 ) ) ;
#499 = CYLINDRICAL_SURFACE ( 'NONE', #587, 2.000000000000000000 ) ;
#500 = AXIS2_PLACEMENT_3D ( 'NONE', #1197, #1984, #2371 ) ;
#501 = ORIENTED_EDGE ( 'NONE', *, *, #1604, .T. ) ;
#502 = CONICAL_SURFACE ( 'NONE', #1947, 6.349999999999998757, 0.03997868712328998125 ) ;
#503 = CARTESIAN_POINT ( 'NONE',  ( -5.038486898352755539, 35.74785620332212943, 0.000000000000000000 ) ) ;
#504 = CIRCLE ( 'NONE', #1949, 3.000000000000000444 ) ;
#505 = ORIENTED_EDGE ( 'NONE', *, *, #1089, .F. ) ;
#506 = DIRECTION ( 'NONE',  ( -1.002534245082572405E-15, -0.9954090291002810620, 0.09571240664425756384 ) ) ;
#507 = EDGE_LOOP ( 'NONE', ( #55, #1296 ) ) ;
#508 = CARTESIAN_POINT ( 'NONE',  ( -5.038486898352755539, 35.74785620332212943, 0.000000000000000000 ) ) ;
#509 = CARTESIAN_POINT ( 'NONE',  ( -4.339543549418086954, 35.99423123528535484, 3.074269562693253466 ) ) ;
#510 = CARTESIAN_POINT ( 'NONE',  ( -4.339543549418043433, 35.99423123528535484, -3.074269562693314306 ) ) ;
#511 = EDGE_CURVE ( 'NONE', #1578, #2184, #2233, .T. ) ;
#512 = CARTESIAN_POINT ( 'NONE',  ( -4.500340567775472422, 34.05580003434261727, 3.258547106632580181 ) ) ;
#513 = CARTESIAN_POINT ( 'NONE',  ( -4.929034413910911461, 27.54914389154632914, 3.731431837010397157 ) ) ;
#514 = ORIENTED_EDGE ( 'NONE', *, *, #1840, .T. ) ;
#515 = CC_DESIGN_DATE_AND_TIME_ASSIGNMENT ( #2441, #1451, ( #708 ) ) ;
#516 = CARTESIAN_POINT ( 'NONE',  ( -5.038486898352754650, 35.74785620332213654, -0.3168466955166830412 ) ) ;
#517 = ORIENTED_EDGE ( 'NONE', *, *, #1506, .T. ) ;
#518 = CARTESIAN_POINT ( 'NONE',  ( 0.000000000000000000, 35.74785620332212233, 0.000000000000000000 ) ) ;
#519 = ORIENTED_EDGE ( 'NONE', *, *, #1122, .F. ) ;
#520 = CARTESIAN_POINT ( 'NONE',  ( -0.9344261866129854877, 36.15561510594510963, -5.049521763310102607 ) ) ;
#521 = CARTESIAN_POINT ( 'NONE',  ( -4.083385295012690541, 36.20000000000000284, 2.700840008817048776 ) ) ;
#522 = CARTESIAN_POINT ( 'NONE',  ( 3.144146779602750463, 35.74485703477443366, -4.382582389122473998 ) ) ;
#523 = CARTESIAN_POINT ( 'NONE',  ( -4.826090579582464457, 29.37316118810635146, -3.575769943113678462 ) ) ;
#524 = CARTESIAN_POINT ( 'NONE',  ( -3.722120605919067682, 35.75128683324494716, -3.250138609924611011 ) ) ;
#525 = ADVANCED_FACE ( 'NONE', ( #1977 ), #743, .F. ) ;
#526 = B_SPLINE_CURVE_WITH_KNOTS ( 'NONE', 3,
 ( #616, #2408, #1033, #1236, #1985, #2227, #2193 ),
 .UNSPECIFIED., .F., .F.,
 ( 4, 3, 4 ),
 ( 0.0004635204855060064176, 0.003000000009842789840, 0.008507106913800337872 ),
 .UNSPECIFIED. ) ;
#527 = ORIENTED_EDGE ( 'NONE', *, *, #1979, .F. ) ;
#528 = DIRECTION ( 'NONE',  ( -0.000000000000000000, 1.000000000000000000, -0.000000000000000000 ) ) ;
#529 = ORIENTED_EDGE ( 'NONE', *, *, #165, .T. ) ;
#530 = B_SPLINE_CURVE_WITH_KNOTS ( 'NONE', 3,
 ( #1389, #1953, #781, #171, #382, #2532 ),
 .UNSPECIFIED., .F., .F.,
 ( 4, 2, 4 ),
 ( -5.527337459319638936E-06, 0.0003793000264230797112, 0.0007641273903054789877 ),
 .UNSPECIFIED. ) ;
#531 = B_SPLINE_CURVE_WITH_KNOTS ( 'NONE', 3,
 ( #493, #2288, #900, #520, #472, #1257 ),
 .UNSPECIFIED., .F., .F.,
 ( 4, 2, 4 ),
 ( 7.165583942981723818E-18, 0.0003809919800252088381, 0.0007619839600504105205 ),
 .UNSPECIFIED. ) ;
#532 = AXIS2_PLACEMENT_3D ( 'NONE', #1301, #1880, #112 ) ;
#533 = CARTESIAN_POINT ( 'NONE',  ( -5.897075759090393148E-14, 45.26842905789119698, 5.629965418483690698 ) ) ;
#534 = ORIENTED_EDGE ( 'NONE', *, *, #279, .T. ) ;
#535 = AXIS2_PLACEMENT_3D ( 'NONE', #475, #1073, #932 ) ;
#536 = DIRECTION ( 'NONE',  ( 0.000000000000000000, -1.000000000000000000, 0.000000000000000000 ) ) ;
#537 = FACE_OUTER_BOUND ( 'NONE', #1582, .T. ) ;
#538 = AXIS2_PLACEMENT_3D ( 'NONE', #601, #2381, #1967 ) ;
#539 = CARTESIAN_POINT ( 'NONE',  ( 4.382582389122463340, 35.74485703477443366, 3.144146779602764674 ) ) ;
#540 = CYLINDRICAL_SURFACE ( 'NONE', #1978, 1.499999999999999778 ) ;
#541 = DIRECTION ( 'NONE',  ( 0.000000000000000000, 1.000000000000000000, 0.000000000000000000 ) ) ;
#542 = CIRCLE ( 'NONE', #1693, 5.575000000000000178 ) ;
#543 = ORIENTED_EDGE ( 'NONE', *, *, #2261, .F. ) ;
#544 = FACE_OUTER_BOUND ( 'NONE', #166, .T. ) ;
#545 = VERTEX_POINT ( 'NONE', #769 ) ;
#546 = CONICAL_SURFACE ( 'NONE', #1330, 1.700000000000003508, 0.7853981633974468357 ) ;
#547 = EDGE_CURVE ( 'NONE', #465, #782, #1, .T. ) ;
#548 = CARTESIAN_POINT ( 'NONE',  ( 0.000000000000000000, 13.60000000000000320, 0.000000000000000000 ) ) ;
#549 = DIRECTION ( 'NONE',  ( 8.881784197001252323E-16, 0.000000000000000000, 1.000000000000000000 ) ) ;
#550 = ORIENTED_EDGE ( 'NONE', *, *, #2485, .T. ) ;
#551 = EDGE_CURVE ( 'NONE', #128, #391, #937, .T. ) ;
#552 = CARTESIAN_POINT ( 'NONE',  ( -0.3168466955167454358, 35.74785620332212233, 5.038486898352754650 ) ) ;
#553 = DIRECTION ( 'NONE',  ( -0.000000000000000000, -1.000000000000000000, -0.000000000000000000 ) ) ;
#554 = DIRECTION ( 'NONE',  ( 3.341780816941908511E-16, -0.9954090291002811730, -0.09571240664425757771 ) ) ;
#555 = CARTESIAN_POINT ( 'NONE',  ( 0.000000000000000000, 13.60000000000000320, 0.000000000000000000 ) ) ;
#556 = DIRECTION ( 'NONE',  ( -0.000000000000000000, -1.000000000000000000, -0.000000000000000000 ) ) ;
#557 = ORIENTED_EDGE ( 'NONE', *, *, #2296, .F. ) ;
#558 = CARTESIAN_POINT ( 'NONE',  ( 2.714123671374952362, 36.20000000000000284, -3.901573164325033094 ) ) ;
#559 = ORIENTED_EDGE ( 'NONE', *, *, #196, .F. ) ;
#560 = CARTESIAN_POINT ( 'NONE',  ( -5.404592781530322299, 34.89732906525181022, -0.8769035162245818471 ) ) ;
#561 = ADVANCED_FACE ( 'NONE', ( #2135 ), #1375, .T. ) ;
#562 = ORIENTED_EDGE ( 'NONE', *, *, #356, .F. ) ;
#563 = LINE ( 'NONE', #184, #2350 ) ;
#564 = CARTESIAN_POINT ( 'NONE',  ( 4.048273807988018724, 27.30300118143553689, -4.703952109873628551 ) ) ;
#565 = DIRECTION ( 'NONE',  ( -0.000000000000000000, -1.000000000000000000, -0.000000000000000000 ) ) ;
#566 = CARTESIAN_POINT ( 'NONE',  ( 1.179683748676466859, 36.20000000000000284, 4.927520347313123494 ) ) ;
#567 = VERTEX_POINT ( 'NONE', #2149 ) ;
#568 = DIRECTION ( 'NONE',  ( -0.09571240664425757771, -0.9954090291002811730, 0.000000000000000000 ) ) ;
#569 = ORIENTED_EDGE ( 'NONE', *, *, #877, .F. ) ;
#570 = B_SPLINE_CURVE_WITH_KNOTS ( 'NONE', 3,
 ( #1133, #1295, #2087, #2298, #107, #1120, #1913, #96, #1862, #887 ),
 .UNSPECIFIED., .F., .F.,
 ( 4, 2, 2, 2, 4 ),
 ( -0.001112577971934675981, -0.0008344334789510067692, -0.0005562889859673376654, -0.0002781444929836684532, 8.673617379884035472E-19 ),
 .UNSPECIFIED. ) ;
#571 = CARTESIAN_POINT ( 'NONE',  ( -0.8831015573875615754, 30.19327585426519533, -5.861417349984230363 ) ) ;
#572 = EDGE_LOOP ( 'NONE', ( #1948, #1417 ) ) ;
#573 = ADVANCED_FACE ( 'NONE', ( #2542 ), #1656, .F. ) ;
#574 = CARTESIAN_POINT ( 'NONE',  ( 0.000000000000000000, 21.20000000000000284, 0.000000000000000000 ) ) ;
#575 = CARTESIAN_POINT ( 'NONE',  ( 0.000000000000000000, 13.60000000000000320, 0.000000000000000000 ) ) ;
#576 = DIRECTION ( 'NONE',  ( 0.000000000000000000, 0.000000000000000000, -1.000000000000000000 ) ) ;
#577 = CIRCLE ( 'NONE', #996, 5.393475365065178551 ) ;
#578 = LOCAL_TIME ( 16, 34, 38.00000000000000000, #1849 ) ;
#579 = CARTESIAN_POINT ( 'NONE',  ( 0.000000000000000000, 30.20000000000000284, -3.250000000000000444 ) ) ;
#580 = CARTESIAN_POINT ( 'NONE',  ( 0.000000000000000000, 0.000000000000000000, -2.000000000000003553 ) ) ;
#581 = ORIENTED_EDGE ( 'NONE', *, *, #1422, .F. ) ;
#582 = EDGE_CURVE ( 'NONE', #746, #1560, #2415, .T. ) ;
#583 = CARTESIAN_POINT ( 'NONE',  ( -4.069127194217968757, 36.20000000000000284, -3.150992617228141501 ) ) ;
#584 = EDGE_LOOP ( 'NONE', ( #433, #178, #2476, #15, #2031, #505 ) ) ;
#585 = AXIS2_PLACEMENT_3D ( 'NONE', #1138, #1918, #371 ) ;
#586 = CARTESIAN_POINT ( 'NONE',  ( -6.100131925573418989, 27.73292483621466431, -0.8860220918101020526 ) ) ;
#587 = AXIS2_PLACEMENT_3D ( 'NONE', #1087, #2268, #1869 ) ;
#588 = EDGE_LOOP ( 'NONE', ( #487, #1501, #1412, #478 ) ) ;
#589 = CIRCLE ( 'NONE', #1826, 3.250000000000000444 ) ;
#590 = DIRECTION ( 'NONE',  ( 0.000000000000000000, 1.000000000000000000, 0.000000000000000000 ) ) ;
#591 = TOROIDAL_SURFACE ( 'NONE', #2160, 0.9999999999999997780, 0.5000000000000000000 ) ;
#592 = CARTESIAN_POINT ( 'NONE',  ( 4.812024772826218211, 27.36533943239885858, -3.909713502161097143 ) ) ;
#593 = CARTESIAN_POINT ( 'NONE',  ( -0.9776071471663584367, 36.20000000000000284, -4.797171717435389837 ) ) ;
#594 = CARTESIAN_POINT ( 'NONE',  ( 4.388667662221546806, 36.20000000000000284, 3.107500827395442755 ) ) ;
#595 = EDGE_CURVE ( 'NONE', #363, #936, #1105, .T. ) ;
#596 = VERTEX_POINT ( 'NONE', #622 ) ;
#597 = CARTESIAN_POINT ( 'NONE',  ( -0.3337416699656348129, 35.75128683324494716, -4.930131771713465838 ) ) ;
#598 = ORIENTED_EDGE ( 'NONE', *, *, #2245, .T. ) ;
#599 = CARTESIAN_POINT ( 'NONE',  ( -3.144381164857994015, 35.74185609686031739, 4.382769363038026889 ) ) ;
#600 = ORIENTED_EDGE ( 'NONE', *, *, #405, .F. ) ;
#601 = CARTESIAN_POINT ( 'NONE',  ( 0.000000000000000000, 16.20000000000000284, 0.000000000000000000 ) ) ;
#602 = CARTESIAN_POINT ( 'NONE',  ( 0.000000000000000000, 0.000000000000000000, 0.000000000000000000 ) ) ;
#603 = CARTESIAN_POINT ( 'NONE',  ( 5.329426084533426256, 35.73864478242503395, -0.8847628115073895572 ) ) ;
#604 = B_SPLINE_CURVE_WITH_KNOTS ( 'NONE', 3,
 ( #2248, #1829, #1047, #1256, #480, #58 ),
 .UNSPECIFIED., .F., .F.,
 ( 4, 2, 4 ),
 ( 7.165583942981723818E-18, 0.0003809919800252085671, 0.0007619839600504099784 ),
 .UNSPECIFIED. ) ;
#605 = CARTESIAN_POINT ( 'NONE',  ( 0.000000000000000000, 16.20000000000000284, 0.000000000000000000 ) ) ;
#606 = CARTESIAN_POINT ( 'NONE',  ( 3.673940397442060361E-16, 30.20000000000000284, 3.000000000000000444 ) ) ;
#607 = CARTESIAN_POINT ( 'NONE',  ( -0.3154314918917083821, 35.74785620332212943, -5.038486898352755539 ) ) ;
#608 = EDGE_CURVE ( 'NONE', #2085, #1536, #1164, .T. ) ;
#609 = CARTESIAN_POINT ( 'NONE',  ( -4.394095107964600011, 35.73864478242503395, -3.142851540447513248 ) ) ;
#610 = ORIENTED_EDGE ( 'NONE', *, *, #2495, .T. ) ;
#611 = FACE_BOUND ( 'NONE', #1026, .T. ) ;
#612 = ORIENTED_EDGE ( 'NONE', *, *, #1567, .F. ) ;
#613 = CARTESIAN_POINT ( 'NONE',  ( -4.382978747425681831, 35.73885485821559627, -3.144584363418570838 ) ) ;
#614 = CARTESIAN_POINT ( 'NONE',  ( 6.206864839514399712, 27.26662025165795455, -0.1864587790468596740 ) ) ;
#615 = DIRECTION ( 'NONE',  ( 0.000000000000000000, 0.000000000000000000, -1.000000000000000000 ) ) ;
#616 = CARTESIAN_POINT ( 'NONE',  ( -0.8756770667148300324, 35.73885485821556784, 5.322790921487666971 ) ) ;
#617 = FACE_OUTER_BOUND ( 'NONE', #1914, .T. ) ;
#618 = CIRCLE ( 'NONE', #2104, 0.4999999999999995559 ) ;
#619 = DIRECTION ( 'NONE',  ( 0.000000000000000000, 1.000000000000000000, 0.000000000000000000 ) ) ;
#620 = DIRECTION ( 'NONE',  ( 0.000000000000000000, 1.000000000000000000, 0.000000000000000000 ) ) ;
#621 = VERTEX_POINT ( 'NONE', #1414 ) ;
#622 = CARTESIAN_POINT ( 'NONE',  ( 4.939956880105548898, 27.73292483621466431, -3.686932421305476826 ) ) ;
#623 = ORIENTED_EDGE ( 'NONE', *, *, #2326, .F. ) ;
#624 = EDGE_CURVE ( 'NONE', #1277, #1719, #2234, .T. ) ;
#625 = TOROIDAL_SURFACE ( 'NONE', #585, 0.9999999999999997780, 0.5000000000000000000 ) ;
#626 = AXIS2_PLACEMENT_3D ( 'NONE', #1190, #157, #951 ) ;
#627 = FACE_OUTER_BOUND ( 'NONE', #147, .T. ) ;
#628 = EDGE_CURVE ( 'NONE', #1536, #2085, #383, .T. ) ;
#629 = CARTESIAN_POINT ( 'NONE',  ( 5.321897203152962774, 35.74785620332212233, -0.8757777529930900196 ) ) ;
#630 = CARTESIAN_POINT ( 'NONE',  ( 3.980102097228898231E-16, 36.20000000000000284, 3.250000000000000444 ) ) ;
#631 = DIRECTION ( 'NONE',  ( -0.000000000000000000, -1.000000000000000000, -0.000000000000000000 ) ) ;
#632 = AXIS2_PLACEMENT_3D ( 'NONE', #339, #2308, #297 ) ;
#633 = ORIENTED_EDGE ( 'NONE', *, *, #2358, .T. ) ;
#634 = CARTESIAN_POINT ( 'NONE',  ( -0.8756770667147555365, 35.73885485821556784, -5.322790921487677629 ) ) ;
#635 = ORIENTED_EDGE ( 'NONE', *, *, #1114, .F. ) ;
#636 = B_SPLINE_CURVE_WITH_KNOTS ( 'NONE', 3,
 ( #187, #1945, #2373, #2396 ),
 .UNSPECIFIED., .F., .F.,
 ( 4, 4 ),
 ( 0.000000000000000000, 9.046164044265435038E-06 ),
 .UNSPECIFIED. ) ;
#637 = DIRECTION ( 'NONE',  ( -0.000000000000000000, -1.000000000000000000, -0.000000000000000000 ) ) ;
#638 = ORIENTED_EDGE ( 'NONE', *, *, #3, .F. ) ;
#639 = ADVANCED_FACE ( 'NONE', ( #1824 ), #1327, .T. ) ;
#640 = CARTESIAN_POINT ( 'NONE',  ( -4.540782383802614675, 36.20000000000000284, 0.4205753225223024527 ) ) ;
#641 = CARTESIAN_POINT ( 'NONE',  ( 5.038486898352755539, 35.74785620332212943, -0.3154314918917278110 ) ) ;
#642 =( BOUNDED_CURVE ( )  B_SPLINE_CURVE ( 3, ( #374, #1149, #1944, #593 ),
 .UNSPECIFIED., .F., .T. ) 
 B_SPLINE_CURVE_WITH_KNOTS ( ( 4, 4 ),
 ( 2.630874857590356442, 3.652310449589229790 ),
 .UNSPECIFIED. ) 
 CURVE ( )  GEOMETRIC_REPRESENTATION_ITEM ( )  RATIONAL_B_SPLINE_CURVE ( ( 1.000000000000000000, 0.9149292474456451885, 0.9149292474456451885, 1.000000000000000000 ) ) 
 REPRESENTATION_ITEM ( '' )  );
#643 = DIRECTION ( 'NONE',  ( 0.9954090291002810620, -0.09571240664425756384, 0.000000000000000000 ) ) ;
#644 = CARTESIAN_POINT ( 'NONE',  ( 0.000000000000000000, 20.71998401917443644, 0.000000000000000000 ) ) ;
#645 = VERTEX_POINT ( 'NONE', #892 ) ;
#646 = DIRECTION ( 'NONE',  ( -0.000000000000000000, -1.000000000000000000, -0.000000000000000000 ) ) ;
#647 = EDGE_LOOP ( 'NONE', ( #2349, #780, #2099, #739 ) ) ;
#648 = ORIENTED_EDGE ( 'NONE', *, *, #1919, .F. ) ;
#649 = APPLICATION_CONTEXT ( 'configuration controlled 3d designs of mechanical parts and assemblies' ) ;
#650 = DIRECTION ( 'NONE',  ( 0.000000000000000000, 0.000000000000000000, 1.000000000000000000 ) ) ;
#651 = FACE_OUTER_BOUND ( 'NONE', #2325, .T. ) ;
#652 = ADVANCED_FACE ( 'NONE', ( #432, #611 ), #1220, .F. ) ;
#653 = CARTESIAN_POINT ( 'NONE',  ( 0.8788359406453379874, 35.87607265627848108, 5.308899623798954082 ) ) ;
#654 = FACE_OUTER_BOUND ( 'NONE', #1387, .T. ) ;
#655 = CARTESIAN_POINT ( 'NONE',  ( -0.3246159894517997579, 36.20000000000000284, -4.995011533287574856 ) ) ;
#656 = EDGE_CURVE ( 'NONE', #1499, #1027, #2083, .T. ) ;
#657 = CARTESIAN_POINT ( 'NONE',  ( -3.150992617226955339, 36.20000000000000284, 4.069127194217688981 ) ) ;
#658 = ORIENTED_EDGE ( 'NONE', *, *, #462, .T. ) ;
#659 = EDGE_CURVE ( 'NONE', #1603, #2229, #2256, .T. ) ;
#660 = AXIS2_PLACEMENT_3D ( 'NONE', #1803, #2216, #33 ) ;
#661 = VERTEX_POINT ( 'NONE', #484 ) ;
#662 = B_SPLINE_CURVE_WITH_KNOTS ( 'NONE', 3,
 ( #1259, #522, #1300, #1663 ),
 .UNSPECIFIED., .F., .F.,
 ( 4, 4 ),
 ( 0.000000000000000000, 9.046164044237481257E-06 ),
 .UNSPECIFIED. ) ;
#663 = AXIS2_PLACEMENT_3D ( 'NONE', #1200, #1238, #830 ) ;
#664 = APPROVAL_DATE_TIME ( #2452, #59 ) ;
#665 = CARTESIAN_POINT ( 'NONE',  ( -5.105395679652866114, 36.20000000000000284, -0.6492191854313388300 ) ) ;
#666 = AXIS2_PLACEMENT_3D ( 'NONE', #2280, #1071, #2266 ) ;
#667 = AXIS2_PLACEMENT_3D ( 'NONE', #6, #1585, #995 ) ;
#668 = DIRECTION ( 'NONE',  ( 0.000000000000000000, 0.000000000000000000, 1.000000000000000000 ) ) ;
#669 = CARTESIAN_POINT ( 'NONE',  ( -4.860716367141298733, 27.41215118439586007, -3.841274703852705752 ) ) ;
#670 = DIRECTION ( 'NONE',  ( 0.9954090291002811730, -0.09571240664425774425, 0.000000000000000000 ) ) ;
#671 = AXIS2_PLACEMENT_3D ( 'NONE', #733, #304, #1137 ) ;
#672 = CARTESIAN_POINT ( 'NONE',  ( -3.508209678034503121, 36.20000000000000284, 2.913426352923895735 ) ) ;
#673 = ADVANCED_FACE ( 'NONE', ( #294 ), #499, .T. ) ;
#674 = ORIENTED_EDGE ( 'NONE', *, *, #2215, .T. ) ;
#675 = CIRCLE ( 'NONE', #2318, 4.775000000000000355 ) ;
#676 = ORIENTED_EDGE ( 'NONE', *, *, #979, .T. ) ;
#677 = APPROVAL_DATE_TIME ( #300, #1287 ) ;
#678 = CARTESIAN_POINT ( 'NONE',  ( -4.678004094797738155, 36.20000000000000284, 0.8396535887816186650 ) ) ;
#679 = DIRECTION ( 'NONE',  ( -0.000000000000000000, -1.000000000000000000, -0.000000000000000000 ) ) ;
#680 = CARTESIAN_POINT ( 'NONE',  ( 4.797171717435386284, 36.20000000000000284, -0.9776071471663755341 ) ) ;
#681 = DIRECTION ( 'NONE',  ( 0.000000000000000000, 0.000000000000000000, -1.000000000000000000 ) ) ;
#682 = DIRECTION ( 'NONE',  ( 0.000000000000000000, 0.000000000000000000, -1.000000000000000000 ) ) ;
#683 = CARTESIAN_POINT ( 'NONE',  ( 4.923888029877832473, 36.19999999999999574, 0.9576561729588547456 ) ) ;
#684 = B_SPLINE_CURVE_WITH_KNOTS ( 'NONE', 3,
 ( #1637, #1445, #2230, #1625, #1820, #2412 ),
 .UNSPECIFIED., .F., .F.,
 ( 4, 2, 4 ),
 ( 7.204847710556567793E-18, 0.0003809919800252086755, 0.0007619839600504100868 ),
 .UNSPECIFIED. ) ;
#685 = EDGE_LOOP ( 'NONE', ( #1448, #1331, #1121, #1815 ) ) ;
#686 = EDGE_CURVE ( 'NONE', #2097, #51, #1436, .T. ) ;
#687 = CYLINDRICAL_SURFACE ( 'NONE', #1376, 1.499999999999999778 ) ;
#688 = VERTEX_POINT ( 'NONE', #322 ) ;
#689 = CARTESIAN_POINT ( 'NONE',  ( -2.700840008817146920, 36.20000000000000284, 4.083385295012624816 ) ) ;
#690 = ADVANCED_FACE ( 'NONE', ( #1933 ), #2359, .T. ) ;
#691 = CARTESIAN_POINT ( 'NONE',  ( 0.000000000000000000, 20.46000000000000085, -2.000000000000001776 ) ) ;
#692 = CARTESIAN_POINT ( 'NONE',  ( 6.100131925573418989, 27.73292483621466431, -0.8860220918101024967 ) ) ;
#693 = CARTESIAN_POINT ( 'NONE',  ( 3.143881213173413069, 35.74785620332212233, 4.382417989080940046 ) ) ;
#694 = B_SPLINE_CURVE_WITH_KNOTS ( 'NONE', 3,
 ( #1340, #707, #2101, #2264 ),
 .UNSPECIFIED., .F., .F.,
 ( 4, 4 ),
 ( 0.000000000000000000, 9.046164044265346947E-06 ),
 .UNSPECIFIED. ) ;
#695 = CARTESIAN_POINT ( 'NONE',  ( 4.083385295012671889, 36.20000000000000284, -2.700840008817076754 ) ) ;
#696 = CARTESIAN_POINT ( 'NONE',  ( 4.049138265306305051, 27.30266842003839045, 4.703262128307631684 ) ) ;
#697 = ORIENTED_EDGE ( 'NONE', *, *, #1225, .T. ) ;
#698 = LINE ( 'NONE', #883, #2075 ) ;
#699 = ORIENTED_EDGE ( 'NONE', *, *, #276, .T. ) ;
#700 = AXIS2_PLACEMENT_3D ( 'NONE', #2343, #998, #1139 ) ;
#701 = CC_DESIGN_APPROVAL ( #1778, ( #708 ) ) ;
#702 = APPROVAL_STATUS ( 'not_yet_approved' ) ;
#703 = CARTESIAN_POINT ( 'NONE',  ( 4.686171592415347753, 31.38716634262295102, -3.439296019809277904 ) ) ;
#704 = EDGE_CURVE ( 'NONE', #1888, #1291, #2032, .T. ) ;
#705 = ORIENTED_EDGE ( 'NONE', *, *, #2481, .T. ) ;
#706 = CARTESIAN_POINT ( 'NONE',  ( -6.020583308932530464, 28.55304410414921534, 0.8850824867232327531 ) ) ;
#707 = CARTESIAN_POINT ( 'NONE',  ( 5.322499181287167147, 35.74185609686031739, 0.8756726926745546091 ) ) ;
#708 = PRODUCT_DEFINITION ( 'UNKNOWN', '', #997, #1212 ) ;
#709 = DIRECTION ( 'NONE',  ( 3.341780816941908511E-16, -0.9954090291002811730, -0.09571240664425757771 ) ) ;
#710 = CARTESIAN_POINT ( 'NONE',  ( -3.144584363418616579, 35.73885485821559627, 4.382978747425649857 ) ) ;
#711 = CARTESIAN_POINT ( 'NONE',  ( -7.651510687984895124E-14, 27.84877104863627650, 7.304932534758198592 ) ) ;
#712 = AXIS2_PLACEMENT_3D ( 'NONE', #1627, #1273, #1426 ) ;
#713 = ORIENTED_EDGE ( 'NONE', *, *, #1571, .T. ) ;
#714 = TOROIDAL_SURFACE ( 'NONE', #2157, 0.9999999999999997780, 0.5000000000000000000 ) ;
#715 = CARTESIAN_POINT ( 'NONE',  ( 0.000000000000000000, 20.46000000000000085, 0.000000000000000000 ) ) ;
#716 = CIRCLE ( 'NONE', #1332, 1.500000000000000000 ) ;
#717 = ORIENTED_EDGE ( 'NONE', *, *, #1840, .F. ) ;
#718 = CARTESIAN_POINT ( 'NONE',  ( 4.939956880105548898, 27.73292483621466431, -3.686932421305476826 ) ) ;
#719 = ORIENTED_EDGE ( 'NONE', *, *, #1431, .F. ) ;
#720 = EDGE_CURVE ( 'NONE', #296, #1029, #1368, .T. ) ;
#721 = CARTESIAN_POINT ( 'NONE',  ( 0.8860220918101228138, 27.73292483621466431, -6.100131925573414549 ) ) ;
#722 = CARTESIAN_POINT ( 'NONE',  ( -3.909713502161113574, 27.36533943239886568, -4.812024772826206664 ) ) ;
#723 = CARTESIAN_POINT ( 'NONE',  ( 3.144584363418527317, 35.73885485821556784, 4.382978747425716470 ) ) ;
#724 = CARTESIAN_POINT ( 'NONE',  ( 2.700840008817119831, 36.20000000000000284, -4.083385295012643468 ) ) ;
#725 = CARTESIAN_POINT ( 'NONE',  ( -4.860632454937855229, 27.41190509780381745, 3.841424340043594565 ) ) ;
#726 = ORIENTED_EDGE ( 'NONE', *, *, #833, .T. ) ;
#727 = DIRECTION ( 'NONE',  ( 0.000000000000000000, 1.000000000000000000, 0.000000000000000000 ) ) ;
#728 = VERTEX_POINT ( 'NONE', #1127 ) ;
#729 = B_SPLINE_CURVE_WITH_KNOTS ( 'NONE', 3,
 ( #1439, #43, #250, #2213, #275, #1452 ),
 .UNSPECIFIED., .F., .F.,
 ( 4, 2, 4 ),
 ( -5.527337459315839146E-06, 0.0003793000264230826386, 0.0007641273903054810477 ),
 .UNSPECIFIED. ) ;
#730 = CARTESIAN_POINT ( 'NONE',  ( 0.000000000000000000, 16.20000000000000284, -6.349999999999998757 ) ) ;
#731 = ORIENTED_EDGE ( 'NONE', *, *, #1631, .F. ) ;
#732 = CARTESIAN_POINT ( 'NONE',  ( 0.000000000000000000, 35.74785620332212233, 0.000000000000000000 ) ) ;
#733 = CARTESIAN_POINT ( 'NONE',  ( -5.897075759090393148E-14, 45.26842905789119698, 5.629965418483690698 ) ) ;
#734 = EDGE_CURVE ( 'NONE', #2088, #1040, #1101, .T. ) ;
#735 = LINE ( 'NONE', #1722, #496 ) ;
#736 = CARTESIAN_POINT ( 'NONE',  ( 0.000000000000000000, 35.70000000000000284, 0.000000000000000000 ) ) ;
#737 = CARTESIAN_POINT ( 'NONE',  ( 0.000000000000000000, 22.80000000000000426, 0.000000000000000000 ) ) ;
#738 = ADVANCED_FACE ( 'NONE', ( #308 ), #1374, .F. ) ;
#739 = ORIENTED_EDGE ( 'NONE', *, *, #1015, .F. ) ;
#740 = DIRECTION ( 'NONE',  ( 0.000000000000000000, -1.000000000000000000, 0.000000000000000000 ) ) ;
#741 = EDGE_CURVE ( 'NONE', #728, #882, #1991, .T. ) ;
#742 = ORIENTED_EDGE ( 'NONE', *, *, #686, .F. ) ;
#743 = CYLINDRICAL_SURFACE ( 'NONE', #1004, 3.250000000000000444 ) ;
#744 = AXIS2_PLACEMENT_3D ( 'NONE', #1709, #173, #2341 ) ;
#745 = CARTESIAN_POINT ( 'NONE',  ( 0.8757777529931097815, 35.74785620332212233, -5.321897203152960110 ) ) ;
#746 = VERTEX_POINT ( 'NONE', #1686 ) ;
#747 = AXIS2_PLACEMENT_3D ( 'NONE', #1606, #1008, #1030 ) ;
#748 = CARTESIAN_POINT ( 'NONE',  ( 0.000000000000000000, 25.80000000000000426, 0.000000000000000000 ) ) ;
#749 = CARTESIAN_POINT ( 'NONE',  ( -3.144584363418616579, 35.73885485821559627, 4.382978747425649857 ) ) ;
#750 = FACE_OUTER_BOUND ( 'NONE', #2035, .T. ) ;
#751 = TOROIDAL_SURFACE ( 'NONE', #417, 4.895770850515039463, 0.5000000000000000000 ) ;
#752 = CARTESIAN_POINT ( 'NONE',  ( 5.922907267361535055, 29.56005097731180342, 0.8839287657736936143 ) ) ;
#753 = CARTESIAN_POINT ( 'NONE',  ( 0.1863215207995043698, 27.26661183537312283, 6.206869982993294954 ) ) ;
#754 = CIRCLE ( 'NONE', #2310, 1.499999999999999778 ) ;
#755 = ORIENTED_EDGE ( 'NONE', *, *, #208, .T. ) ;
#756 = EDGE_CURVE ( 'NONE', #1759, #1306, #2439, .T. ) ;
#757 = ORIENTED_EDGE ( 'NONE', *, *, #2108, .T. ) ;
#758 = CARTESIAN_POINT ( 'NONE',  ( -0.8756770667147555365, 35.73885485821556784, -5.322790921487677629 ) ) ;
#759 = AXIS2_PLACEMENT_3D ( 'NONE', #2098, #2503, #898 ) ;
#760 = ORIENTED_EDGE ( 'NONE', *, *, #405, .T. ) ;
#761 = CARTESIAN_POINT ( 'NONE',  ( 0.000000000000000000, 0.000000000000000000, 0.000000000000000000 ) ) ;
#762 = CARTESIAN_POINT ( 'NONE',  ( 4.083385295012634586, 36.20000000000000284, 2.700840008817134041 ) ) ;
#763 = FACE_OUTER_BOUND ( 'NONE', #2259, .T. ) ;
#764 = CARTESIAN_POINT ( 'NONE',  ( 0.8861302811252786960, 27.63849352325904007, 6.109291422986681042 ) ) ;
#765 = ORIENTED_EDGE ( 'NONE', *, *, #2307, .T. ) ;
#766 = CARTESIAN_POINT ( 'NONE',  ( -5.321897203152962774, 35.74785620332212233, 0.8757777529930903526 ) ) ;
#767 = ORIENTED_EDGE ( 'NONE', *, *, #288, .F. ) ;
#768 = ADVANCED_FACE ( 'NONE', ( #1329 ), #1447, .T. ) ;
#769 = CARTESIAN_POINT ( 'NONE',  ( -2.700840008817146920, 36.20000000000000284, 4.083385295012624816 ) ) ;
#770 = ORIENTED_EDGE ( 'NONE', *, *, #1044, .F. ) ;
#771 = DIRECTION ( 'NONE',  ( -0.000000000000000000, -1.000000000000000000, -0.000000000000000000 ) ) ;
#772 = CARTESIAN_POINT ( 'NONE',  ( -5.038486898352754650, 35.74785620332213654, 0.3168466955166830967 ) ) ;
#773 = EDGE_CURVE ( 'NONE', #1924, #1243, #636, .T. ) ;
#774 = CARTESIAN_POINT ( 'NONE',  ( 3.693331714621789885, 27.63850751064204658, -4.946509153555562754 ) ) ;
#775 = CARTESIAN_POINT ( 'NONE',  ( 0.000000000000000000, 22.80000000000000426, 0.000000000000000000 ) ) ;
#776 = CARTESIAN_POINT ( 'NONE',  ( 3.107500827395367704, 36.20000000000000284, 4.388667662221599208 ) ) ;
#777 = ORIENTED_EDGE ( 'NONE', *, *, #1386, .T. ) ;
#778 = CARTESIAN_POINT ( 'NONE',  ( 4.388667662221587662, 36.20000000000000284, -3.107500827395381915 ) ) ;
#779 = B_SPLINE_CURVE_WITH_KNOTS ( 'NONE', 3,
 ( #724, #1909, #2446, #1507, #1857, #2255 ),
 .UNSPECIFIED., .F., .F.,
 ( 4, 2, 4 ),
 ( -5.527337459318014326E-06, 0.0003793000264230808496, 0.0007641273903054796382 ),
 .UNSPECIFIED. ) ;
#780 = ORIENTED_EDGE ( 'NONE', *, *, #324, .T. ) ;
#781 = CARTESIAN_POINT ( 'NONE',  ( 4.231308394174848608, 36.15559694196618779, -2.909839104631931850 ) ) ;
#782 = VERTEX_POINT ( 'NONE', #606 ) ;
#783 = ADVANCED_FACE ( 'NONE', ( #1199 ), #2361, .F. ) ;
#784 = DIRECTION ( 'NONE',  ( -0.000000000000000000, -1.000000000000000000, -0.000000000000000000 ) ) ;
#785 = CARTESIAN_POINT ( 'NONE',  ( 2.449293598294710852E-16, 0.000000000000000000, 2.000000000000003553 ) ) ;
#786 = AXIS2_PLACEMENT_3D ( 'NONE', #2333, #945, #348 ) ;
#787 = CC_DESIGN_DATE_AND_TIME_ASSIGNMENT ( #872, #314, ( #2429 ) ) ;
#788 = DIRECTION ( 'NONE',  ( 0.000000000000000000, -0.06783442558943679479, -0.9976965925094418708 ) ) ;
#789 = DIRECTION ( 'NONE',  ( 0.000000000000000000, 0.06783442558943683642, -0.9976965925094418708 ) ) ;
#790 = ORIENTED_EDGE ( 'NONE', *, *, #467, .T. ) ;
#791 = CARTESIAN_POINT ( 'NONE',  ( 3.508209678034573731, 36.20000000000000284, -2.913426352924008089 ) ) ;
#792 = ORIENTED_EDGE ( 'NONE', *, *, #1176, .F. ) ;
#793 = CIRCLE ( 'NONE', #666, 6.349999999999996092 ) ;
#794 = DIRECTION ( 'NONE',  ( 0.000000000000000000, 0.000000000000000000, -1.000000000000000000 ) ) ;
#795 = CARTESIAN_POINT ( 'NONE',  ( -0.09338476730222031175, 27.26320489190302965, -6.209307221932398591 ) ) ;
#796 = AXIS2_PLACEMENT_3D ( 'NONE', #2383, #1224, #448 ) ;
#797 = EDGE_LOOP ( 'NONE', ( #1799, #1359, #1690, #726 ) ) ;
#798 = CIRCLE ( 'NONE', #1129, 4.895770850515039463 ) ;
#799 =( NAMED_UNIT ( * ) PLANE_ANGLE_UNIT ( ) SI_UNIT ( $, .RADIAN. ) );
#800 = CARTESIAN_POINT ( 'NONE',  ( 0.3168466955166200916, 35.74785620332212943, 5.038486898352754650 ) ) ;
#801 = TOROIDAL_SURFACE ( 'NONE', #1700, 0.9999999999999997780, 0.5000000000000000000 ) ;
#802 = FACE_OUTER_BOUND ( 'NONE', #584, .T. ) ;
#803 = EDGE_CURVE ( 'NONE', #2285, #926, #1698, .T. ) ;
#804 = CARTESIAN_POINT ( 'NONE',  ( 0.8757777529930350635, 35.74785620332212233, 5.321897203152972544 ) ) ;
#805 = DIRECTION ( 'NONE',  ( 0.000000000000000000, 0.000000000000000000, -1.000000000000000000 ) ) ;
#806 = DIRECTION ( 'NONE',  ( 0.000000000000000000, 0.000000000000000000, 1.000000000000000000 ) ) ;
#807 = CIRCLE ( 'NONE', #2239, 6.169200639233021199 ) ;
#808 = CARTESIAN_POINT ( 'NONE',  ( -2.913426352923928597, 36.20000000000000284, -3.508209678034470702 ) ) ;
#809 = ORIENTED_EDGE ( 'NONE', *, *, #1762, .T. ) ;
#810 = CARTESIAN_POINT ( 'NONE',  ( -3.841274703852754602, 27.41215118439586007, 4.860716367141263206 ) ) ;
#811 = ORIENTED_EDGE ( 'NONE', *, *, #2231, .F. ) ;
#812 = DIRECTION ( 'NONE',  ( 0.9954090291002810620, 0.09571240664425756384, 0.000000000000000000 ) ) ;
#813 = CARTESIAN_POINT ( 'NONE',  ( -4.797171717435386284, 36.20000000000000284, -0.9776071471663759782 ) ) ;
#814 = CARTESIAN_POINT ( 'NONE',  ( 0.000000000000000000, 34.25000000000000000, 0.000000000000000000 ) ) ;
#815 = DIRECTION ( 'NONE',  ( -0.000000000000000000, -1.000000000000000000, -0.000000000000000000 ) ) ;
#816 = CARTESIAN_POINT ( 'NONE',  ( 0.3246159894518330646, 36.20000000000000284, -4.995011533287574856 ) ) ;
#817 = CARTESIAN_POINT ( 'NONE',  ( -3.686932421305494145, 27.73292483621466431, -4.939956880105535575 ) ) ;
#818 = ADVANCED_FACE ( 'NONE', ( #1407 ), #227, .T. ) ;
#819 = EDGE_LOOP ( 'NONE', ( #393, #1074, #1145, #939, #1694, #2488 ) ) ;
#820 = ADVANCED_FACE ( 'NONE', ( #975 ), #2251, .T. ) ;
#821 = CARTESIAN_POINT ( 'NONE',  ( 0.000000000000000000, 35.70000000000000284, 0.000000000000000000 ) ) ;
#822 = CARTESIAN_POINT ( 'NONE',  ( 0.000000000000000000, 25.80000000000000426, 6.349999999999996092 ) ) ;
#823 = ORIENTED_EDGE ( 'NONE', *, *, #231, .F. ) ;
#824 = CARTESIAN_POINT ( 'NONE',  ( -6.109296031559941831, 27.63844601043108185, -0.8861303355604698284 ) ) ;
#825 = CYLINDRICAL_SURFACE ( 'NONE', #1288, 2.000000000000000000 ) ;
#826 = CARTESIAN_POINT ( 'NONE',  ( 2.449293598294712824E-16, 34.25000000000000000, 2.000000000000005329 ) ) ;
#827 = CARTESIAN_POINT ( 'NONE',  ( -0.8756770667148300324, 35.73885485821556784, 5.322790921487666971 ) ) ;
#828 = CARTESIAN_POINT ( 'NONE',  ( 0.000000000000000000, 36.20000000000000284, 0.000000000000000000 ) ) ;
#829 = AXIS2_PLACEMENT_3D ( 'NONE', #917, #1272, #1289 ) ;
#830 = DIRECTION ( 'NONE',  ( 0.9976965925094418708, -0.06783442558943679479, 0.000000000000000000 ) ) ;
#831 = CARTESIAN_POINT ( 'NONE',  ( -3.563095868725986382, 29.56005097731180697, -4.813159917454861159 ) ) ;
#832 = ORIENTED_EDGE ( 'NONE', *, *, #165, .F. ) ;
#833 = EDGE_CURVE ( 'NONE', #1951, #1470, #589, .T. ) ;
#834 = CARTESIAN_POINT ( 'NONE',  ( 6.827405905246494173E-16, 0.000000000000000000, 5.575000000000000178 ) ) ;
#835 = ORIENTED_EDGE ( 'NONE', *, *, #1044, .T. ) ;
#836 = VECTOR ( 'NONE', #175, 1000.000000000000000 ) ;
#837 = CC_DESIGN_PERSON_AND_ORGANIZATION_ASSIGNMENT ( #1488, #80, ( #272 ) ) ;
#838 = CARTESIAN_POINT ( 'NONE',  ( 4.339548976991078000, 35.99421414278277354, 3.074278371667727772 ) ) ;
#839 = CARTESIAN_POINT ( 'NONE',  ( -5.300591571925086676, 36.20000000000000284, 0.9059217567368894608 ) ) ;
#840 = ORIENTED_EDGE ( 'NONE', *, *, #1886, .F. ) ;
#841 = CARTESIAN_POINT ( 'NONE',  ( 5.105395679652865226, 36.20000000000000284, -0.6492191854313374977 ) ) ;
#842 = CONICAL_SURFACE ( 'NONE', #2196, 1.700000000000003508, 0.7853981633974468357 ) ;
#843 = FACE_OUTER_BOUND ( 'NONE', #103, .T. ) ;
#844 = CARTESIAN_POINT ( 'NONE',  ( -0.8860220918101670007, 27.73292483621466431, 6.100131925573409220 ) ) ;
#845 = AXIS2_PLACEMENT_3D ( 'NONE', #2465, #1691, #315 ) ;
#846 = CARTESIAN_POINT ( 'NONE',  ( 0.000000000000000000, 21.20000000000000284, -4.775000000000000355 ) ) ;
#847 =( BOUNDED_CURVE ( )  B_SPLINE_CURVE ( 3, ( #2484, #1867, #306, #2064 ),
 .UNSPECIFIED., .F., .T. ) 
 B_SPLINE_CURVE_WITH_KNOTS ( ( 4, 4 ),
 ( 2.518210232572592133, 3.764975074606996319 ),
 .UNSPECIFIED. ) 
 CURVE ( )  GEOMETRIC_REPRESENTATION_ITEM ( )  RATIONAL_B_SPLINE_CURVE ( ( 1.000000000000000000, 0.8746056661178448488, 0.8746056661178448488, 1.000000000000000000 ) ) 
 REPRESENTATION_ITEM ( '' )  );
#848 = DIRECTION ( 'NONE',  ( 0.000000000000000000, 0.000000000000000000, -1.000000000000000000 ) ) ;
#849 = ORIENTED_EDGE ( 'NONE', *, *, #356, .T. ) ;
#850 = CARTESIAN_POINT ( 'NONE',  ( 0.000000000000000000, 36.20000000000000284, 0.000000000000000000 ) ) ;
#851 = CARTESIAN_POINT ( 'NONE',  ( 0.000000000000000000, 36.20000000000000284, 0.000000000000000000 ) ) ;
#852 = EDGE_CURVE ( 'NONE', #1042, #2209, #134, .T. ) ;
#853 = ORIENTED_EDGE ( 'NONE', *, *, #948, .F. ) ;
#854 = CARTESIAN_POINT ( 'NONE',  ( -5.329426084533426256, 35.73864478242503395, 0.8847628115073888910 ) ) ;
#855 = DIRECTION ( 'NONE',  ( 0.000000000000000000, 0.000000000000000000, -1.000000000000000000 ) ) ;
#856 = DIRECTION ( 'NONE',  ( 0.06767889178183830734, -0.9954090291002811730, 0.06767889178183948695 ) ) ;
#857 = EDGE_CURVE ( 'NONE', #1687, #621, #886, .T. ) ;
#858 = CARTESIAN_POINT ( 'NONE',  ( 0.000000000000000000, 36.20000000000000284, 0.000000000000000000 ) ) ;
#859 = B_SPLINE_CURVE_WITH_KNOTS ( 'NONE', 3,
 ( #47, #98, #2241, #1248, #2062, #2041, #1258, #84, #1455, #844 ),
 .UNSPECIFIED., .F., .F.,
 ( 4, 2, 2, 2, 4 ),
 ( 1.626303258728256651E-19, 0.0002780620941811715778, 0.0005561241883623429388, 0.0008341862825435144083, 0.001112248376724685878 ),
 .UNSPECIFIED. ) ;
#860 = CARTESIAN_POINT ( 'NONE',  ( -3.761544694715713621, 36.20000000000000284, 3.302468359869602299 ) ) ;
#861 = ORIENTED_EDGE ( 'NONE', *, *, #659, .F. ) ;
#862 = ORIENTED_EDGE ( 'NONE', *, *, #2376, .F. ) ;
#863 = CARTESIAN_POINT ( 'NONE',  ( 3.061616997868386592E-16, 34.25000000000000000, 2.000000000000005329 ) ) ;
#864 = ADVANCED_FACE ( 'NONE', ( #617 ), #842, .T. ) ;
#865 = DIRECTION ( 'NONE',  ( -0.000000000000000000, -1.000000000000000000, -0.000000000000000000 ) ) ;
#866 = CARTESIAN_POINT ( 'NONE',  ( 5.321897203152962774, 35.74785620332212233, -0.8757777529930900196 ) ) ;
#867 = DIRECTION ( 'NONE',  ( -0.000000000000000000, -1.000000000000000000, -0.000000000000000000 ) ) ;
#868 = AXIS2_PLACEMENT_3D ( 'NONE', #2129, #361, #389 ) ;
#869 = CARTESIAN_POINT ( 'NONE',  ( -4.388667662221614307, 36.20000000000000284, 3.107500827395351717 ) ) ;
#870 = ORIENTED_EDGE ( 'NONE', *, *, #1461, .T. ) ;
#871 = ORIENTED_EDGE ( 'NONE', *, *, #1335, .F. ) ;
#872 = DATE_AND_TIME ( #2464, #285 ) ;
#873 = CARTESIAN_POINT ( 'NONE',  ( -5.329426084533427144, 35.73864478242503395, -0.8847628115073908894 ) ) ;
#874 = VECTOR ( 'NONE', #1879, 1000.000000000000000 ) ;
#875 = CARTESIAN_POINT ( 'NONE',  ( 0.000000000000000000, 30.20000000000000284, 0.000000000000000000 ) ) ;
#876 = DIRECTION ( 'NONE',  ( 0.000000000000000000, 0.000000000000000000, 1.000000000000000000 ) ) ;
#877 = EDGE_CURVE ( 'NONE', #1513, #2246, #1559, .T. ) ;
#878 = CIRCLE ( 'NONE', #2315, 5.669600159872127065 ) ;
#879 = DIRECTION ( 'NONE',  ( -0.09571240664425757771, -0.9954090291002811730, 0.000000000000000000 ) ) ;
#880 = TOROIDAL_SURFACE ( 'NONE', #298, 4.895770850515039463, 0.5000000000000000000 ) ;
#881 = CARTESIAN_POINT ( 'NONE',  ( -4.382978747425727128, 35.73885485821556784, 3.144584363418512218 ) ) ;
#882 = VERTEX_POINT ( 'NONE', #2156 ) ;
#883 = CARTESIAN_POINT ( 'NONE',  ( 7.776507174585689205E-16, 25.80000000000000426, 6.349999999999996092 ) ) ;
#884 = EDGE_CURVE ( 'NONE', #1680, #273, #1628, .T. ) ;
#885 = ORIENTED_EDGE ( 'NONE', *, *, #1665, .F. ) ;
#886 = B_SPLINE_CURVE_WITH_KNOTS ( 'NONE', 3,
 ( #1216, #1395, #2181, #1162, #1986, #1753, #2385 ),
 .UNSPECIFIED., .F., .F.,
 ( 4, 3, 4 ),
 ( 0.0005280937956277231967, 0.003000000005309309044, 0.008571680231918598833 ),
 .UNSPECIFIED. ) ;
#887 = CARTESIAN_POINT ( 'NONE',  ( -6.209307221932397702, 27.26320489190302965, 0.000000000000000000 ) ) ;
#888 = CARTESIAN_POINT ( 'NONE',  ( -5.682009653325264864, 32.04181550095518816, 0.8808280738885594374 ) ) ;
#889 = CYLINDRICAL_SURFACE ( 'NONE', #1494, 1.499999999999999556 ) ;
#890 = CARTESIAN_POINT ( 'NONE',  ( 3.563095868725952631, 29.56005097731180342, 4.813159917454886028 ) ) ;
#891 = CARTESIAN_POINT ( 'NONE',  ( -4.813159917454898462, 29.56005097731180697, 3.563095868725935311 ) ) ;
#892 = CARTESIAN_POINT ( 'NONE',  ( -3.143881213173502776, 35.74785620332212233, 4.382417989080876097 ) ) ;
#893 = ORIENTED_EDGE ( 'NONE', *, *, #877, .T. ) ;
#894 = ADVANCED_FACE ( 'NONE', ( #1174 ), #889, .F. ) ;
#895 = CARTESIAN_POINT ( 'NONE',  ( -7.304932534758198592, 27.84877104863627650, 0.000000000000000000 ) ) ;
#896 = ORIENTED_EDGE ( 'NONE', *, *, #1015, .T. ) ;
#897 = APPROVAL_STATUS ( 'not_yet_approved' ) ;
#898 = DIRECTION ( 'NONE',  ( 0.000000000000000000, 0.000000000000000000, 1.000000000000000000 ) ) ;
#899 = EDGE_LOOP ( 'NONE', ( #1899, #366, #132, #1401 ) ) ;
#900 = CARTESIAN_POINT ( 'NONE',  ( -0.8946838160719855493, 35.99423123528535484, -5.242357526023685210 ) ) ;
#901 = CYLINDRICAL_SURFACE ( 'NONE', #671, 1.499999999999999778 ) ;
#902 = CARTESIAN_POINT ( 'NONE',  ( 2.550503562661632234E-14, 27.84877104863627650, -7.304932534758198592 ) ) ;
#903 = DIRECTION ( 'NONE',  ( 0.09571240664425756384, -0.9954090291002810620, -0.000000000000000000 ) ) ;
#904 = CARTESIAN_POINT ( 'NONE',  ( -0.6297369773370748991, 35.74458789742283926, 5.141715083133791886 ) ) ;
#905 = ORIENTED_EDGE ( 'NONE', *, *, #1506, .F. ) ;
#906 = CYLINDRICAL_SURFACE ( 'NONE', #93, 0.7886920815068586554 ) ;
#907 = ORIENTED_EDGE ( 'NONE', *, *, #1057, .F. ) ;
#908 = AXIS2_PLACEMENT_3D ( 'NONE', #2054, #88, #788 ) ;
#909 = ADVANCED_FACE ( 'NONE', ( #450 ), #1060, .T. ) ;
#910 = CC_DESIGN_APPROVAL ( #59, ( #997 ) ) ;
#911 = CYLINDRICAL_SURFACE ( 'NONE', #2480, 1.499999999999999778 ) ;
#912 = ORIENTED_EDGE ( 'NONE', *, *, #1643, .T. ) ;
#913 = CARTESIAN_POINT ( 'NONE',  ( -2.803515821200317948, 36.20000000000000995, 4.158127373413665673 ) ) ;
#914 = CARTESIAN_POINT ( 'NONE',  ( -3.686932421305562535, 27.73292483621466076, 4.939956880105484949 ) ) ;
#915 = CARTESIAN_POINT ( 'NONE',  ( -6.100131925573418989, 27.73292483621466431, 0.8860220918101026077 ) ) ;
#916 = AXIS2_PLACEMENT_3D ( 'NONE', #2433, #474, #2053 ) ;
#917 = CARTESIAN_POINT ( 'NONE',  ( 0.000000000000000000, 22.80000000000000426, 0.000000000000000000 ) ) ;
#918 = CARTESIAN_POINT ( 'NONE',  ( -0.8757777529931457527, 35.74785620332212233, 5.321897203152954781 ) ) ;
#919 = AXIS2_PLACEMENT_3D ( 'NONE', #1010, #1213, #615 ) ;
#920 = VERTEX_POINT ( 'NONE', #1070 ) ;
#921 = CARTESIAN_POINT ( 'NONE',  ( 4.797171717435385396, 36.20000000000000284, 0.9776071471663753121 ) ) ;
#922 = TOROIDAL_SURFACE ( 'NONE', #2364, 0.9999999999999997780, 0.5000000000000000000 ) ;
#923 = ORIENTED_EDGE ( 'NONE', *, *, #86, .T. ) ;
#924 = ADVANCED_FACE ( 'NONE', ( #654 ), #1623, .T. ) ;
#925 = CARTESIAN_POINT ( 'NONE',  ( -4.083385295012690541, 36.20000000000000284, 2.700840008817048776 ) ) ;
#926 = VERTEX_POINT ( 'NONE', #1441 ) ;
#927 = ADVANCED_FACE ( 'NONE', ( #1854 ), #714, .F. ) ;
#928 = LINE ( 'NONE', #1378, #2025 ) ;
#929 = FACE_OUTER_BOUND ( 'NONE', #1151, .T. ) ;
#930 = CARTESIAN_POINT ( 'NONE',  ( -4.382978747425681831, 35.73885485821559627, -3.144584363418570838 ) ) ;
#931 = EDGE_CURVE ( 'NONE', #2229, #1882, #1579, .T. ) ;
#932 = DIRECTION ( 'NONE',  ( 1.224646799147353454E-16, 0.000000000000000000, -1.000000000000000000 ) ) ;
#933 = CARTESIAN_POINT ( 'NONE',  ( 0.7208111449167420304, 27.41211735449380882, 6.153245362736697643 ) ) ;
#934 = EDGE_LOOP ( 'NONE', ( #172, #74, #2020, #976 ) ) ;
#935 = CARTESIAN_POINT ( 'NONE',  ( 0.8792137883028321443, 33.21426811240092292, -5.568102219292169863 ) ) ;
#936 = VERTEX_POINT ( 'NONE', #439 ) ;
#937 = LINE ( 'NONE', #990, #1616 ) ;
#938 = DIRECTION ( 'NONE',  ( 0.000000000000000000, -0.09571240664425774425, -0.9954090291002811730 ) ) ;
#939 = ORIENTED_EDGE ( 'NONE', *, *, #1692, .F. ) ;
#940 =( BOUNDED_CURVE ( )  B_SPLINE_CURVE ( 3, ( #503, #516, #2461, #1859 ),
 .UNSPECIFIED., .F., .T. ) 
 B_SPLINE_CURVE_WITH_KNOTS ( ( 4, 4 ),
 ( 3.141592653589793116, 3.764975074606996319 ),
 .UNSPECIFIED. ) 
 CURVE ( )  GEOMETRIC_REPRESENTATION_ITEM ( )  RATIONAL_B_SPLINE_CURVE ( ( 1.000000000000000000, 0.9678775265542567396, 0.9678775265542567396, 1.000000000000000000 ) ) 
 REPRESENTATION_ITEM ( '' )  );
#941 = CARTESIAN_POINT ( 'NONE',  ( 0.7750000000000002442, 13.60000000000000320, 3.489985673323030113 ) ) ;
#942 = FACE_OUTER_BOUND ( 'NONE', #934, .T. ) ;
#943 = CARTESIAN_POINT ( 'NONE',  ( 3.841274703852719963, 27.41215118439586007, -4.860716367141288075 ) ) ;
#944 = EDGE_CURVE ( 'NONE', #882, #978, #859, .T. ) ;
#945 = DIRECTION ( 'NONE',  ( 0.06767889178183923715, -0.9954090291002810620, -0.06767889178183854326 ) ) ;
#946 = CARTESIAN_POINT ( 'NONE',  ( -0.4205753225223459735, 36.20000000000000284, 4.540782383802614675 ) ) ;
#947 = ORIENTED_EDGE ( 'NONE', *, *, #1915, .T. ) ;
#948 = EDGE_CURVE ( 'NONE', #2262, #2165, #2431, .T. ) ;
#949 = DIRECTION ( 'NONE',  ( -0.000000000000000000, -1.000000000000000000, -0.000000000000000000 ) ) ;
#950 = ORIENTED_EDGE ( 'NONE', *, *, #1883, .F. ) ;
#951 = DIRECTION ( 'NONE',  ( 0.000000000000000000, 0.06783442558943679479, -0.9976965925094418708 ) ) ;
#952 = CIRCLE ( 'NONE', #535, 0.4999999999999995559 ) ;
#953 = CARTESIAN_POINT ( 'NONE',  ( -0.1863215207995483069, 27.26661183537311928, -6.206869982993294954 ) ) ;
#954 = ORIENTED_EDGE ( 'NONE', *, *, #628, .T. ) ;
#955 = LOCAL_TIME ( 16, 34, 38.00000000000000000, #286 ) ;
#956 = LINE ( 'NONE', #1515, #1119 ) ;
#957 = DIRECTION ( 'NONE',  ( 0.000000000000000000, 0.000000000000000000, -1.000000000000000000 ) ) ;
#958 = DIRECTION ( 'NONE',  ( 1.811583010849400763E-31, -0.09571240664425756384, -0.9954090291002810620 ) ) ;
#959 = DIRECTION ( 'NONE',  ( 0.000000000000000000, 0.000000000000000000, -1.000000000000000000 ) ) ;
#960 = CARTESIAN_POINT ( 'NONE',  ( -4.946514392939822535, 27.63843201186334397, 3.693336831678631249 ) ) ;
#961 = EDGE_CURVE ( 'NONE', #137, #2474, #2522, .T. ) ;
#962 = ORIENTED_EDGE ( 'NONE', *, *, #2451, .F. ) ;
#963 = CONICAL_SURFACE ( 'NONE', #796, 5.575000000000000178, 0.9978301839061879397 ) ;
#964 = CARTESIAN_POINT ( 'NONE',  ( -4.388667662221568122, 36.20000000000000284, -3.107500827395412557 ) ) ;
#965 = ORIENTED_EDGE ( 'NONE', *, *, #1598, .F. ) ;
#966 = AXIS2_PLACEMENT_3D ( 'NONE', #1959, #815, #1013 ) ;
#967 = EDGE_CURVE ( 'NONE', #1027, #1860, #1206, .T. ) ;
#968 = CARTESIAN_POINT ( 'NONE',  ( -5.922907267361534167, 29.56005097731180697, -0.8839287657736933923 ) ) ;
#969 = CIRCLE ( 'NONE', #1534, 5.669600159872127065 ) ;
#970 = ORIENTED_EDGE ( 'NONE', *, *, #311, .F. ) ;
#971 = DIRECTION ( 'NONE',  ( 0.000000000000000000, 0.000000000000000000, -1.000000000000000000 ) ) ;
#972 = CARTESIAN_POINT ( 'NONE',  ( 6.209310162252867471, 27.26320024775427697, 0.09320435382863473395 ) ) ;
#973 = CARTESIAN_POINT ( 'NONE',  ( 0.000000000000000000, 36.20000000000000284, 0.000000000000000000 ) ) ;
#974 = DIRECTION ( 'NONE',  ( 0.9954090291002811730, -0.09571240664425774425, 0.000000000000000000 ) ) ;
#975 = FACE_OUTER_BOUND ( 'NONE', #368, .T. ) ;
#976 = ORIENTED_EDGE ( 'NONE', *, *, #756, .F. ) ;
#977 = CARTESIAN_POINT ( 'NONE',  ( 3.761544694715735382, 36.20000000000000284, -3.302468359869582315 ) ) ;
#978 = VERTEX_POINT ( 'NONE', #1662 ) ;
#979 = EDGE_CURVE ( 'NONE', #1745, #363, #798, .T. ) ;
#980 = DIRECTION ( 'NONE',  ( 0.000000000000000000, 0.000000000000000000, -1.000000000000000000 ) ) ;
#981 = ORIENTED_EDGE ( 'NONE', *, *, #1496, .T. ) ;
#982 = DIRECTION ( 'NONE',  ( 8.659560562354921765E-17, 0.7071067811865486830, -0.7071067811865464625 ) ) ;
#983 = CARTESIAN_POINT ( 'NONE',  ( 0.7749999999999996891, 16.20000000000000284, 3.489985673323029669 ) ) ;
#984 = DIRECTION ( 'NONE',  ( 0.000000000000000000, 0.000000000000000000, -1.000000000000000000 ) ) ;
#985 = FACE_BOUND ( 'NONE', #1937, .T. ) ;
#986 = CARTESIAN_POINT ( 'NONE',  ( 3.190450315174097717, 35.74458789742280374, 4.081032889252046658 ) ) ;
#987 = ORIENTED_EDGE ( 'NONE', *, *, #2231, .T. ) ;
#988 = CARTESIAN_POINT ( 'NONE',  ( 3.190450315174162110, 35.74458789742285347, -4.081032889251926754 ) ) ;
#989 = ORIENTED_EDGE ( 'NONE', *, *, #428, .T. ) ;
#990 = CARTESIAN_POINT ( 'NONE',  ( -5.897075759090393148E-14, 45.12486044792481010, 4.136851874833269882 ) ) ;
#991 = EDGE_CURVE ( 'NONE', #1042, #431, #1740, .T. ) ;
#992 = ORIENTED_EDGE ( 'NONE', *, *, #1383, .F. ) ;
#993 = PLANE ( 'NONE',  #1609 ) ;
#994 = CARTESIAN_POINT ( 'NONE',  ( 6.123874414263703159, 27.54914389154633625, 0.8468329032927607303 ) ) ;
#995 = DIRECTION ( 'NONE',  ( 0.000000000000000000, 0.000000000000000000, 1.000000000000000000 ) ) ;
#996 = AXIS2_PLACEMENT_3D ( 'NONE', #1466, #865, #668 ) ;
#997 = PRODUCT_DEFINITION_FORMATION_WITH_SPECIFIED_SOURCE ( 'ANY', '', #272, .NOT_KNOWN. ) ;
#998 = DIRECTION ( 'NONE',  ( 0.000000000000000000, -1.000000000000000000, -0.000000000000000000 ) ) ;
#999 = CARTESIAN_POINT ( 'NONE',  ( 0.000000000000000000, 30.20000000000000284, 0.000000000000000000 ) ) ;
#1000 = ORIENTED_EDGE ( 'NONE', *, *, #2307, .F. ) ;
#1001 = CARTESIAN_POINT ( 'NONE',  ( -5.242357526023681658, 35.99423123528535484, 0.8946838160720035349 ) ) ;
#1002 = AXIS2_PLACEMENT_3D ( 'NONE', #483, #879, #670 ) ;
#1003 = ORIENTED_EDGE ( 'NONE', *, *, #1807, .T. ) ;
#1004 = AXIS2_PLACEMENT_3D ( 'NONE', #1336, #353, #1717 ) ;
#1005 = CARTESIAN_POINT ( 'NONE',  ( 4.324739891591166341, 27.26320024775426631, 4.456550752847923569 ) ) ;
#1006 = VERTEX_POINT ( 'NONE', #1433 ) ;
#1007 = B_SPLINE_CURVE_WITH_KNOTS ( 'NONE', 3,
 ( #2445, #2456, #291, #1312, #1684, #890, #280 ),
 .UNSPECIFIED., .F., .F.,
 ( 4, 3, 4 ),
 ( 0.0004635204855060064176, 0.003000000009842789840, 0.008507106913800337872 ),
 .UNSPECIFIED. ) ;
#1008 = DIRECTION ( 'NONE',  ( 0.000000000000000000, 1.000000000000000000, 0.000000000000000000 ) ) ;
#1009 = CARTESIAN_POINT ( 'NONE',  ( -6.841488316810096423E-14, 35.74785620332212943, 5.038486898352755539 ) ) ;
#1010 = CARTESIAN_POINT ( 'NONE',  ( 0.000000000000000000, 30.20000000000000284, 0.000000000000000000 ) ) ;
#1011 = EDGE_CURVE ( 'NONE', #1357, #2147, #1309, .T. ) ;
#1012 = CARTESIAN_POINT ( 'NONE',  ( -3.686932421305494145, 27.73292483621466431, -4.939956880105535575 ) ) ;
#1013 = DIRECTION ( 'NONE',  ( 0.000000000000000000, 0.000000000000000000, 1.000000000000000000 ) ) ;
#1014 = ORIENTED_EDGE ( 'NONE', *, *, #1822, .T. ) ;
#1015 = EDGE_CURVE ( 'NONE', #465, #2363, #2438, .T. ) ;
#1016 = DIRECTION ( 'NONE',  ( 0.000000000000000000, 0.000000000000000000, 1.000000000000000000 ) ) ;
#1017 = ORIENTED_EDGE ( 'NONE', *, *, #1762, .F. ) ;
#1018 = CARTESIAN_POINT ( 'NONE',  ( -4.447372853558035466, 36.19999999999999574, 0.3561685780241903854 ) ) ;
#1019 = VERTEX_POINT ( 'NONE', #139 ) ;
#1020 = CARTESIAN_POINT ( 'NONE',  ( -6.153274919527683018, 27.41193880594817500, -0.7207319163023995223 ) ) ;
#1021 = DIRECTION ( 'NONE',  ( 0.000000000000000000, 1.000000000000000000, 0.000000000000000000 ) ) ;
#1022 = DIRECTION ( 'NONE',  ( 0.000000000000000000, 0.5421268698220952365, 0.8402966482242428814 ) ) ;
#1023 = CYLINDRICAL_SURFACE ( 'NONE', #660, 1.499999999999999778 ) ;
#1024 = CARTESIAN_POINT ( 'NONE',  ( 4.394095107964577807, 35.73864478242503395, 3.142851540447543890 ) ) ;
#1025 = ADVANCED_FACE ( 'NONE', ( #929 ), #901, .F. ) ;
#1026 = EDGE_LOOP ( 'NONE', ( #1334, #519 ) ) ;
#1027 = VERTEX_POINT ( 'NONE', #1917 ) ;
#1028 = CARTESIAN_POINT ( 'NONE',  ( 5.321897203152962774, 35.74785620332212233, 0.8757777529930896865 ) ) ;
#1029 = VERTEX_POINT ( 'NONE', #1096 ) ;
#1030 = DIRECTION ( 'NONE',  ( 0.000000000000000000, 0.000000000000000000, 1.000000000000000000 ) ) ;
#1031 = CARTESIAN_POINT ( 'NONE',  ( 4.382978747425705812, 35.73885485821556784, -3.144584363418542861 ) ) ;
#1032 = DIRECTION ( 'NONE',  ( 8.659560562354908206E-17, -0.7071067811865493491, 0.7071067811865455743 ) ) ;
#1033 = CARTESIAN_POINT ( 'NONE',  ( -0.8780805772072445281, 34.05580003434261016, 5.486362089038657963 ) ) ;
#1034 = CARTESIAN_POINT ( 'NONE',  ( 5.308899623798943423, 35.87607265627848108, -0.8788359406453928324 ) ) ;
#1035 = AXIS2_PLACEMENT_3D ( 'NONE', #875, #2100, #2249 ) ;
#1036 = CARTESIAN_POINT ( 'NONE',  ( -4.382582389122529953, 35.74485703477443366, 3.144146779602674080 ) ) ;
#1037 = VECTOR ( 'NONE', #2009, 1000.000000000000000 ) ;
#1038 = ADVANCED_FACE ( 'NONE', ( #942 ), #546, .T. ) ;
#1039 = DIRECTION ( 'NONE',  ( 0.000000000000000000, -0.000000000000000000, 1.000000000000000000 ) ) ;
#1040 = VERTEX_POINT ( 'NONE', #1147 ) ;
#1041 = DIRECTION ( 'NONE',  ( 0.000000000000000000, 0.000000000000000000, 1.000000000000000000 ) ) ;
#1042 = VERTEX_POINT ( 'NONE', #1697 ) ;
#1043 = AXIS2_PLACEMENT_3D ( 'NONE', #2471, #867, #1647 ) ;
#1044 = EDGE_CURVE ( 'NONE', #2097, #1858, #1405, .T. ) ;
#1045 = VECTOR ( 'NONE', #1032, 1000.000000000000114 ) ;
#1046 = CARTESIAN_POINT ( 'NONE',  ( -6.196724190771531582, 27.28623598837160102, -0.3702742481682503861 ) ) ;
#1047 = CARTESIAN_POINT ( 'NONE',  ( -5.242357526023681658, 35.99423123528535484, -0.8946838160720038680 ) ) ;
#1048 = AXIS2_PLACEMENT_3D ( 'NONE', #828, #1587, #375 ) ;
#1049 = CARTESIAN_POINT ( 'NONE',  ( 3.143881213173413069, 35.74785620332212233, 4.382417989080940046 ) ) ;
#1050 = CARTESIAN_POINT ( 'NONE',  ( 5.322790921487674964, 35.73885485821556784, -0.8756770667147741882 ) ) ;
#1051 = CIRCLE ( 'NONE', #2199, 0.5000000000000004441 ) ;
#1052 = CARTESIAN_POINT ( 'NONE',  ( -4.939956880105574655, 27.73292483621466431, 3.686932421305442187 ) ) ;
#1053 = FACE_OUTER_BOUND ( 'NONE', #416, .T. ) ;
#1054 = ORIENTED_EDGE ( 'NONE', *, *, #1196, .F. ) ;
#1055 = CARTESIAN_POINT ( 'NONE',  ( 0.8757062175542653648, 35.74485703477443366, 5.322201235360196847 ) ) ;
#1056 = ORIENTED_EDGE ( 'NONE', *, *, #1487, .T. ) ;
#1057 = EDGE_CURVE ( 'NONE', #1873, #1390, #1346, .T. ) ;
#1058 = DIRECTION ( 'NONE',  ( 0.06767889178183925103, -0.9954090291002811730, -0.06767889178183854326 ) ) ;
#1059 = LINE ( 'NONE', #214, #1813 ) ;
#1060 = CYLINDRICAL_SURFACE ( 'NONE', #1784, 3.000000000000000444 ) ;
#1061 = VERTEX_POINT ( 'NONE', #692 ) ;
#1062 = CARTESIAN_POINT ( 'NONE',  ( -3.190450315174182983, 35.74458789742285347, 4.081032889251940965 ) ) ;
#1063 = ORIENTED_EDGE ( 'NONE', *, *, #23, .T. ) ;
#1064 = DIRECTION ( 'NONE',  ( 0.000000000000000000, 0.000000000000000000, 1.000000000000000000 ) ) ;
#1065 = VERTEX_POINT ( 'NONE', #1710 ) ;
#1066 = ADVANCED_FACE ( 'NONE', ( #537 ), #502, .T. ) ;
#1067 = CARTESIAN_POINT ( 'NONE',  ( 0.000000000000000000, 20.70000000000000284, 0.000000000000000000 ) ) ;
#1068 = B_SPLINE_CURVE_WITH_KNOTS ( 'NONE', 3,
 ( #1031, #1850, #435, #1814, #703, #2490, #718 ),
 .UNSPECIFIED., .F., .F.,
 ( 4, 3, 4 ),
 ( 0.0004635204855060065261, 0.003000000009842788973, 0.008507106913800334402 ),
 .UNSPECIFIED. ) ;
#1069 = CARTESIAN_POINT ( 'NONE',  ( 2.131653006007723351E-14, 27.26320489190302965, -6.209307221932397702 ) ) ;
#1070 = CARTESIAN_POINT ( 'NONE',  ( -3.143881213173443268, 35.74785620332212233, -4.382417989080918730 ) ) ;
#1071 = DIRECTION ( 'NONE',  ( -0.000000000000000000, -1.000000000000000000, -0.000000000000000000 ) ) ;
#1072 = CONICAL_SURFACE ( 'NONE', #2021, 2.000000000000005329, 0.7853981633974456145 ) ;
#1073 = DIRECTION ( 'NONE',  ( 1.000000000000000000, -0.000000000000000000, 1.224646799147353207E-16 ) ) ;
#1074 = ORIENTED_EDGE ( 'NONE', *, *, #1836, .F. ) ;
#1075 = LOCAL_TIME ( 16, 34, 38.00000000000000000, #1874 ) ;
#1076 = CARTESIAN_POINT ( 'NONE',  ( 0.8780805772072073356, 34.05580003434261016, -5.486362089038665069 ) ) ;
#1077 = VERTEX_POINT ( 'NONE', #1683 ) ;
#1078 = DATE_AND_TIME ( #2427, #955 ) ;
#1079 = CARTESIAN_POINT ( 'NONE',  ( -0.8463675961348195997, 27.54855853993737114, -6.123992392604018065 ) ) ;
#1080 = AXIS2_PLACEMENT_3D ( 'NONE', #359, #1354, #576 ) ;
#1081 = CARTESIAN_POINT ( 'NONE',  ( -5.941012550181992147, 29.37316118810635146, 0.8841102007045694711 ) ) ;
#1082 = CARTESIAN_POINT ( 'NONE',  ( -4.136851874833269882, 45.12486044792481010, 0.000000000000000000 ) ) ;
#1083 = AXIS2_PLACEMENT_3D ( 'NONE', #459, #631, #290 ) ;
#1084 = CARTESIAN_POINT ( 'NONE',  ( 3.144146779602689623, 35.74485703477443366, 4.382582389122518407 ) ) ;
#1085 = EDGE_CURVE ( 'NONE', #2363, #465, #1453, .T. ) ;
#1086 = CARTESIAN_POINT ( 'NONE',  ( 0.000000000000000000, 16.20000000000000284, 0.000000000000000000 ) ) ;
#1087 = CARTESIAN_POINT ( 'NONE',  ( 0.000000000000000000, 0.000000000000000000, 0.000000000000000000 ) ) ;
#1088 = ORIENTED_EDGE ( 'NONE', *, *, #1399, .T. ) ;
#1089 = EDGE_CURVE ( 'NONE', #273, #1027, #694, .T. ) ;
#1090 = CARTESIAN_POINT ( 'NONE',  ( 3.250138609924623445, 35.75128683324494716, -3.722120605919056135 ) ) ;
#1091 = EDGE_LOOP ( 'NONE', ( #2220, #2171, #893, #1834 ) ) ;
#1092 = APPROVAL_ROLE ( '' ) ;
#1093 = CARTESIAN_POINT ( 'NONE',  ( -0.8860220918100815135, 27.73292483621466431, -6.100131925573422542 ) ) ;
#1094 = ORIENTED_EDGE ( 'NONE', *, *, #582, .T. ) ;
#1095 = CARTESIAN_POINT ( 'NONE',  ( 0.7207319163024229480, 27.41193880594817145, -6.153274919527680353 ) ) ;
#1096 = CARTESIAN_POINT ( 'NONE',  ( -3.144584363418557960, 35.73885485821556784, -4.382978747425694266 ) ) ;
#1097 = FACE_OUTER_BOUND ( 'NONE', #1668, .T. ) ;
#1098 = CARTESIAN_POINT ( 'NONE',  ( 3.396616719982343824, 36.20000000000000284, -2.892918286449359666 ) ) ;
#1099 = CARTESIAN_POINT ( 'NONE',  ( -0.3154314918917766053, 35.74785620332212943, 5.038486898352751986 ) ) ;
#1100 = EDGE_CURVE ( 'NONE', #1061, #206, #1649, .T. ) ;
#1101 = B_SPLINE_CURVE_WITH_KNOTS ( 'NONE', 3,
 ( #2511, #1519, #1302, #918 ),
 .UNSPECIFIED., .F., .F.,
 ( 4, 4 ),
 ( 0.000000000000000000, 9.046164044265352029E-06 ),
 .UNSPECIFIED. ) ;
#1102 = ORIENTED_EDGE ( 'NONE', *, *, #390, .T. ) ;
#1103 = CARTESIAN_POINT ( 'NONE',  ( 4.382769363038080179, 35.74185609686031739, -3.144381164857918964 ) ) ;
#1104 = EDGE_LOOP ( 'NONE', ( #1992, #1731, #384, #1972 ) ) ;
#1105 =( BOUNDED_CURVE ( )  B_SPLINE_CURVE ( 3, ( #2390, #1994, #1018, #220 ),
 .UNSPECIFIED., .F., .F. ) 
 B_SPLINE_CURVE_WITH_KNOTS ( ( 4, 4 ),
 ( 2.630874857590356442, 3.652310449589229790 ),
 .UNSPECIFIED. ) 
 CURVE ( )  GEOMETRIC_REPRESENTATION_ITEM ( )  RATIONAL_B_SPLINE_CURVE ( ( 1.000000000000000000, 0.9149292474456451885, 0.9149292474456451885, 1.000000000000000000 ) ) 
 REPRESENTATION_ITEM ( '' )  );
#1106 = LINE ( 'NONE', #2478, #2276 ) ;
#1107 = ORIENTED_EDGE ( 'NONE', *, *, #595, .T. ) ;
#1108 = CARTESIAN_POINT ( 'NONE',  ( 6.827405905246494173E-16, 22.80000000000000426, 5.575000000000000178 ) ) ;
#1109 = DIRECTION ( 'NONE',  ( 0.000000000000000000, 0.000000000000000000, -1.000000000000000000 ) ) ;
#1110 = CARTESIAN_POINT ( 'NONE',  ( 0.000000000000000000, 25.80000000000000426, -6.349999999999996092 ) ) ;
#1111 = DIRECTION ( 'NONE',  ( 0.000000000000000000, 0.000000000000000000, 1.000000000000000000 ) ) ;
#1112 = CARTESIAN_POINT ( 'NONE',  ( -4.456550752847937780, 27.26320024775426987, 4.324739891591153906 ) ) ;
#1113 = ORIENTED_EDGE ( 'NONE', *, *, #1472, .F. ) ;
#1114 = EDGE_CURVE ( 'NONE', #1719, #2262, #2418, .T. ) ;
#1115 = CARTESIAN_POINT ( 'NONE',  ( 4.382417989080929388, 35.74785620332212233, -3.143881213173427280 ) ) ;
#1116 = ORIENTED_EDGE ( 'NONE', *, *, #1472, .T. ) ;
#1117 = CIRCLE ( 'NONE', #908, 1.500000000000000000 ) ;
#1118 = B_SPLINE_CURVE_WITH_KNOTS ( 'NONE', 3,
 ( #2040, #255, #1440, #426, #653, #804 ),
 .UNSPECIFIED., .F., .F.,
 ( 4, 2, 4 ),
 ( -5.527337459317484931E-06, 0.0003793000264230813917, 0.0007641273903054802887 ),
 .UNSPECIFIED. ) ;
#1119 = VECTOR ( 'NONE', #1170, 1000.000000000000000 ) ;
#1120 = CARTESIAN_POINT ( 'NONE',  ( -6.188767863323334950, 27.30297748243049227, 0.4635404981431238136 ) ) ;
#1121 = ORIENTED_EDGE ( 'NONE', *, *, #1631, .T. ) ;
#1122 = EDGE_CURVE ( 'NONE', #1191, #1837, #1657, .T. ) ;
#1123 = CARTESIAN_POINT ( 'NONE',  ( 7.776507174585691177E-16, 16.20000000000000284, 6.349999999999998757 ) ) ;
#1124 = CARTESIAN_POINT ( 'NONE',  ( 6.188758296996624608, 27.30300118143552979, -0.4636345735402242485 ) ) ;
#1125 = CARTESIAN_POINT ( 'NONE',  ( -4.158127373413761596, 36.20000000000000995, -2.803515821200228242 ) ) ;
#1126 = CARTESIAN_POINT ( 'NONE',  ( 0.8783711095252134671, 33.89034295923229934, 5.502478475823059156 ) ) ;
#1127 = CARTESIAN_POINT ( 'NONE',  ( 0.8860220918100389920, 27.73292483621466431, 6.100131925573428759 ) ) ;
#1128 = ORIENTED_EDGE ( 'NONE', *, *, #1537, .T. ) ;
#1129 = AXIS2_PLACEMENT_3D ( 'NONE', #1842, #1227, #71 ) ;
#1130 = FACE_OUTER_BOUND ( 'NONE', #452, .T. ) ;
#1131 = VECTOR ( 'NONE', #2260, 1000.000000000000114 ) ;
#1132 = ORIENTED_EDGE ( 'NONE', *, *, #2036, .F. ) ;
#1133 = CARTESIAN_POINT ( 'NONE',  ( -6.100131925573418989, 27.73292483621466431, 0.8860220918101026077 ) ) ;
#1134 = EDGE_CURVE ( 'NONE', #2553, #1077, #878, .T. ) ;
#1135 = ORIENTED_EDGE ( 'NONE', *, *, #1552, .F. ) ;
#1136 = DIRECTION ( 'NONE',  ( -0.000000000000000000, -1.000000000000000000, -0.000000000000000000 ) ) ;
#1137 = DIRECTION ( 'NONE',  ( 0.000000000000000000, -0.09571240664425774425, -0.9954090291002811730 ) ) ;
#1138 = CARTESIAN_POINT ( 'NONE',  ( -5.165367331437748177, 27.84877104863627650, -5.165367331437766829 ) ) ;
#1139 = DIRECTION ( 'NONE',  ( 0.000000000000000000, 0.000000000000000000, -1.000000000000000000 ) ) ;
#1140 = CARTESIAN_POINT ( 'NONE',  ( 0.000000000000000000, 0.2999999999999973244, 0.000000000000000000 ) ) ;
#1141 = VERTEX_POINT ( 'NONE', #1735 ) ;
#1142 = CARTESIAN_POINT ( 'NONE',  ( -3.761544694715710513, 36.20000000000000284, -3.302468359869607184 ) ) ;
#1143 = ORIENTED_EDGE ( 'NONE', *, *, #2215, .F. ) ;
#1144 = CARTESIAN_POINT ( 'NONE',  ( -0.9776071471664258272, 36.20000000000000284, 4.797171717435376515 ) ) ;
#1145 = ORIENTED_EDGE ( 'NONE', *, *, #1807, .F. ) ;
#1146 = EDGE_CURVE ( 'NONE', #978, #391, #91, .T. ) ;
#1147 = CARTESIAN_POINT ( 'NONE',  ( -0.8757777529931457527, 35.74785620332212233, 5.321897203152954781 ) ) ;
#1148 = DIRECTION ( 'NONE',  ( -0.000000000000000000, -1.000000000000000000, -0.000000000000000000 ) ) ;
#1149 = CARTESIAN_POINT ( 'NONE',  ( 0.3561685780242064281, 36.19999999999999574, -4.447372853558034578 ) ) ;
#1150 = CARTESIAN_POINT ( 'NONE',  ( -4.382978747425681831, 35.73885485821559627, -3.144584363418570838 ) ) ;
#1151 = EDGE_LOOP ( 'NONE', ( #1344, #2222, #757, #2150 ) ) ;
#1152 = ADVANCED_FACE ( 'NONE', ( #1379 ), #801, .F. ) ;
#1153 = CARTESIAN_POINT ( 'NONE',  ( 2.650120673675083083, 36.20000000000000284, -4.318445430364510784 ) ) ;
#1154 = ORIENTED_EDGE ( 'NONE', *, *, #2419, .T. ) ;
#1155 = DIRECTION ( 'NONE',  ( -0.000000000000000000, -1.000000000000000000, -0.000000000000000000 ) ) ;
#1156 = VERTEX_POINT ( 'NONE', #983 ) ;
#1157 = AXIS2_PLACEMENT_3D ( 'NONE', #138, #385, #1749 ) ;
#1158 = DIRECTION ( 'NONE',  ( 0.000000000000000000, 0.000000000000000000, -1.000000000000000000 ) ) ;
#1159 = CARTESIAN_POINT ( 'NONE',  ( -0.9776071471664258272, 36.20000000000000284, 4.797171717435376515 ) ) ;
#1160 = FACE_OUTER_BOUND ( 'NONE', #2489, .T. ) ;
#1161 = FACE_OUTER_BOUND ( 'NONE', #2530, .T. ) ;
#1162 = CARTESIAN_POINT ( 'NONE',  ( 3.520200855833194531, 30.19327585426520244, -4.769095055243472991 ) ) ;
#1163 = ORIENTED_EDGE ( 'NONE', *, *, #193, .F. ) ;
#1164 = CIRCLE ( 'NONE', #1491, 3.250000000000000444 ) ;
#1165 = CARTESIAN_POINT ( 'NONE',  ( 3.785791999661309859, 35.74785620332212233, -3.339704505828305248 ) ) ;
#1166 = ORIENTED_EDGE ( 'NONE', *, *, #1316, .F. ) ;
#1167 = DIRECTION ( 'NONE',  ( -0.000000000000000000, -1.000000000000000000, -0.000000000000000000 ) ) ;
#1168 = B_SPLINE_CURVE_WITH_KNOTS ( 'NONE', 3,
 ( #2367, #182, #599, #1539 ),
 .UNSPECIFIED., .F., .F.,
 ( 4, 4 ),
 ( 0.000000000000000000, 9.046164044237515138E-06 ),
 .UNSPECIFIED. ) ;
#1169 = VERTEX_POINT ( 'NONE', #1195 ) ;
#1170 = DIRECTION ( 'NONE',  ( -0.000000000000000000, -1.000000000000000000, -0.000000000000000000 ) ) ;
#1171 = DIRECTION ( 'NONE',  ( -1.002534245082572603E-15, -0.9954090291002811730, 0.09571240664425757771 ) ) ;
#1172 = FACE_OUTER_BOUND ( 'NONE', #2299, .T. ) ;
#1173 = CYLINDRICAL_SURFACE ( 'NONE', #2060, 4.775000000000000355 ) ;
#1174 = FACE_OUTER_BOUND ( 'NONE', #2044, .T. ) ;
#1175 = ORIENTED_EDGE ( 'NONE', *, *, #1919, .T. ) ;
#1176 = EDGE_CURVE ( 'NONE', #2275, #128, #129, .T. ) ;
#1177 = DIRECTION ( 'NONE',  ( 0.000000000000000000, 0.000000000000000000, -1.000000000000000000 ) ) ;
#1178 = ORIENTED_EDGE ( 'NONE', *, *, #2137, .F. ) ;
#1179 = DIRECTION ( 'NONE',  ( 0.000000000000000000, 0.000000000000000000, -1.000000000000000000 ) ) ;
#1180 = EDGE_LOOP ( 'NONE', ( #962, #2339, #1102, #1502 ) ) ;
#1181 =( LENGTH_UNIT ( ) NAMED_UNIT ( * ) SI_UNIT ( .MILLI., .METRE. ) );
#1182 = DIRECTION ( 'NONE',  ( -0.000000000000000000, -1.000000000000000000, -0.000000000000000000 ) ) ;
#1183 = LINE ( 'NONE', #826, #1045 ) ;
#1184 = CARTESIAN_POINT ( 'NONE',  ( 7.776507174585691177E-16, 16.20000000000000284, 6.349999999999998757 ) ) ;
#1185 = CARTESIAN_POINT ( 'NONE',  ( 2.650120673675023131, 36.20000000000000284, 4.318445430364546311 ) ) ;
#1186 = ORIENTED_EDGE ( 'NONE', *, *, #931, .T. ) ;
#1187 = FACE_OUTER_BOUND ( 'NONE', #1912, .T. ) ;
#1188 = ORIENTED_EDGE ( 'NONE', *, *, #1463, .F. ) ;
#1189 = ADVANCED_FACE ( 'NONE', ( #5 ), #1956, .F. ) ;
#1190 = CARTESIAN_POINT ( 'NONE',  ( -5.165367331437748177, 27.84877104863627650, -5.165367331437766829 ) ) ;
#1191 = VERTEX_POINT ( 'NONE', #2189 ) ;
#1192 = ADVANCED_FACE ( 'NONE', ( #1761 ), #591, .F. ) ;
#1193 = CIRCLE ( 'NONE', #78, 5.393475365065178551 ) ;
#1194 = FACE_OUTER_BOUND ( 'NONE', #2516, .T. ) ;
#1195 = CARTESIAN_POINT ( 'NONE',  ( 4.083385295012634586, 36.20000000000000284, 2.700840008817134041 ) ) ;
#1196 = EDGE_CURVE ( 'NONE', #2328, #1169, #1975, .T. ) ;
#1197 = CARTESIAN_POINT ( 'NONE',  ( -7.651510687984895124E-14, 27.75305864199201977, 6.309523505657917752 ) ) ;
#1198 = CARTESIAN_POINT ( 'NONE',  ( 0.8756770667147926179, 35.73885485821556784, -5.322790921487672300 ) ) ;
#1199 = FACE_OUTER_BOUND ( 'NONE', #378, .T. ) ;
#1200 = CARTESIAN_POINT ( 'NONE',  ( -5.165367331437819232, 27.84877104863627295, 5.165367331437694887 ) ) ;
#1201 = CARTESIAN_POINT ( 'NONE',  ( -3.302468359869713765, 36.20000000000000284, 3.761544694715603931 ) ) ;
#1202 = CIRCLE ( 'NONE', #251, 1.499999999999999778 ) ;
#1203 = ORIENTED_EDGE ( 'NONE', *, *, #2358, .F. ) ;
#1204 = VECTOR ( 'NONE', #1022, 1000.000000000000000 ) ;
#1205 = CARTESIAN_POINT ( 'NONE',  ( -4.257069950853241913, 27.26662025165796521, 4.520762485004730991 ) ) ;
#1206 = CIRCLE ( 'NONE', #2399, 5.393475365065178551 ) ;
#1207 = EDGE_LOOP ( 'NONE', ( #600, #1705, #355 ) ) ;
#1208 = CIRCLE ( 'NONE', #2118, 4.895770850515039463 ) ;
#1209 = EDGE_CURVE ( 'NONE', #492, #1960, #1278, .T. ) ;
#1210 = CARTESIAN_POINT ( 'NONE',  ( -4.382769363038058863, 35.74185609686031739, -3.144381164857949607 ) ) ;
#1211 = CARTESIAN_POINT ( 'NONE',  ( 6.109297389370616393, 27.63843201186335108, 0.8861303515985339274 ) ) ;
#1212 = DESIGN_CONTEXT ( 'detailed design', #1538, 'design' ) ;
#1213 = DIRECTION ( 'NONE',  ( -0.000000000000000000, -1.000000000000000000, -0.000000000000000000 ) ) ;
#1214 = B_SPLINE_CURVE_WITH_KNOTS ( 'NONE', 3,
 ( #2121, #144, #1076, #935, #92, #2271, #1715 ),
 .UNSPECIFIED., .F., .F.,
 ( 4, 3, 4 ),
 ( 0.0004635204855060064176, 0.003000000009842789840, 0.008507106913800332668 ),
 .UNSPECIFIED. ) ;
#1215 = FACE_OUTER_BOUND ( 'NONE', #1443, .T. ) ;
#1216 = CARTESIAN_POINT ( 'NONE',  ( 3.686932421305528784, 27.73292483621466431, -4.939956880105509818 ) ) ;
#1217 = ORIENTED_EDGE ( 'NONE', *, *, #2158, .T. ) ;
#1218 = CARTESIAN_POINT ( 'NONE',  ( 0.000000000000000000, 25.30000000000000426, -5.575000000000000178 ) ) ;
#1219 = ORIENTED_EDGE ( 'NONE', *, *, #608, .T. ) ;
#1220 = PLANE ( 'NONE',  #712 ) ;
#1221 = ORIENTED_EDGE ( 'NONE', *, *, #42, .F. ) ;
#1222 = CARTESIAN_POINT ( 'NONE',  ( -6.123869794318677506, 27.54917117990436637, -0.8468460164870598161 ) ) ;
#1223 = CARTESIAN_POINT ( 'NONE',  ( -4.540782383802614675, 36.20000000000000284, -0.4205753225222987890 ) ) ;
#1224 = DIRECTION ( 'NONE',  ( 0.000000000000000000, 1.000000000000000000, 0.000000000000000000 ) ) ;
#1225 = EDGE_CURVE ( 'NONE', #2085, #1470, #1543, .T. ) ;
#1226 = DIRECTION ( 'NONE',  ( -0.000000000000000000, -1.000000000000000000, -0.000000000000000000 ) ) ;
#1227 = DIRECTION ( 'NONE',  ( 0.000000000000000000, 1.000000000000000000, 0.000000000000000000 ) ) ;
#1228 = CARTESIAN_POINT ( 'NONE',  ( -0.9059217567368704760, 36.20000000000000284, -5.300591571925089340 ) ) ;
#1229 = CARTESIAN_POINT ( 'NONE',  ( -4.394095107964645308, 35.73864478242503395, 3.142851540447452408 ) ) ;
#1230 = ORIENTED_EDGE ( 'NONE', *, *, #2036, .T. ) ;
#1231 = ADVANCED_FACE ( 'NONE', ( #1968 ), #381, .T. ) ;
#1232 = CARTESIAN_POINT ( 'NONE',  ( 3.909713502161079823, 27.36533943239885502, 4.812024772826231533 ) ) ;
#1233 = CARTESIAN_POINT ( 'NONE',  ( 0.8757777529930350635, 35.74785620332212233, 5.321897203152972544 ) ) ;
#1234 = VERTEX_POINT ( 'NONE', #863 ) ;
#1235 = CARTESIAN_POINT ( 'NONE',  ( -5.141715083133797215, 35.74458789742284637, 0.6297369773370210533 ) ) ;
#1236 = CARTESIAN_POINT ( 'NONE',  ( -0.8792137883028700029, 33.21426811240092292, 5.568102219292162758 ) ) ;
#1237 = DIRECTION ( 'NONE',  ( 0.000000000000000000, 0.000000000000000000, -1.000000000000000000 ) ) ;
#1238 = DIRECTION ( 'NONE',  ( -0.06767889178183972287, -0.9954090291002811730, 0.06767889178183807142 ) ) ;
#1239 = CIRCLE ( 'NONE', #1363, 4.775000000000000355 ) ;
#1240 = CARTESIAN_POINT ( 'NONE',  ( -0.8756726926745351802, 35.74185609686031739, -5.322499181287169812 ) ) ;
#1241 = ADVANCED_FACE ( 'NONE', ( #2023, #447 ), #264, .T. ) ;
#1242 = ORIENTED_EDGE ( 'NONE', *, *, #1730, .F. ) ;
#1243 = VERTEX_POINT ( 'NONE', #2010 ) ;
#1244 = CIRCLE ( 'NONE', #1695, 3.575000000000000622 ) ;
#1245 = SECURITY_CLASSIFICATION_LEVEL ( 'unclassified' ) ;
#1246 = DIRECTION ( 'NONE',  ( -0.000000000000000000, -1.000000000000000000, -0.000000000000000000 ) ) ;
#1247 = DIRECTION ( 'NONE',  ( 0.000000000000000000, 0.000000000000000000, -1.000000000000000000 ) ) ;
#1248 = CARTESIAN_POINT ( 'NONE',  ( -0.3702742481683148901, 27.28623598837159747, 6.196724190771530694 ) ) ;
#1249 = AXIS2_PLACEMENT_3D ( 'NONE', #1806, #620, #1039 ) ;
#1250 = CARTESIAN_POINT ( 'NONE',  ( 0.000000000000000000, 34.25000000000000000, 0.000000000000000000 ) ) ;
#1251 = CARTESIAN_POINT ( 'NONE',  ( -3.201559782603217386, 34.89732906525181022, -4.441688628140689765 ) ) ;
#1252 = ORIENTED_EDGE ( 'NONE', *, *, #467, .F. ) ;
#1253 = ADVANCED_FACE ( 'NONE', ( #627 ), #52, .T. ) ;
#1254 = CARTESIAN_POINT ( 'NONE',  ( 0.8757062175543387506, 35.74485703477442655, -5.322201235360185301 ) ) ;
#1255 = ORIENTED_EDGE ( 'NONE', *, *, #2265, .F. ) ;
#1256 = CARTESIAN_POINT ( 'NONE',  ( -5.049521763310099942, 36.15561510594510963, -0.9344261866130036953 ) ) ;
#1257 = CARTESIAN_POINT ( 'NONE',  ( -0.9776071471663584367, 36.20000000000000284, -4.797171717435389837 ) ) ;
#1258 = CARTESIAN_POINT ( 'NONE',  ( -0.7207319163024639153, 27.41193880594817500, 6.153274919527675912 ) ) ;
#1259 = CARTESIAN_POINT ( 'NONE',  ( 3.143881213173473910, 35.74785620332212233, -4.382417989080896525 ) ) ;
#1260 = CARTESIAN_POINT ( 'NONE',  ( -4.382978747425681831, 35.73885485821559627, -3.144584363418570838 ) ) ;
#1261 = ORIENTED_EDGE ( 'NONE', *, *, #608, .F. ) ;
#1262 = VERTEX_POINT ( 'NONE', #1265 ) ;
#1263 = B_SPLINE_CURVE_WITH_KNOTS ( 'NONE', 3,
 ( #766, #202, #1001, #1782, #1936, #2375 ),
 .UNSPECIFIED., .F., .F.,
 ( 4, 2, 4 ),
 ( 7.165583942981723818E-18, 0.0003809919800252084044, 0.0007619839600504096531 ),
 .UNSPECIFIED. ) ;
#1264 = PERSON_AND_ORGANIZATION ( #2253, #2554 ) ;
#1265 = CARTESIAN_POINT ( 'NONE',  ( 3.143881213173413069, 35.74785620332212233, 4.382417989080940046 ) ) ;
#1266 = EDGE_CURVE ( 'NONE', #492, #1040, #729, .T. ) ;
#1267 = CARTESIAN_POINT ( 'NONE',  ( 0.000000000000000000, 16.20000000000000284, 0.000000000000000000 ) ) ;
#1268 = CARTESIAN_POINT ( 'NONE',  ( 4.930131771713465838, 35.75128683324494716, -0.3337416699656529651 ) ) ;
#1269 = EDGE_CURVE ( 'NONE', #1243, #363, #604, .T. ) ;
#1270 = CARTESIAN_POINT ( 'NONE',  ( 0.000000000000000000, 0.000000000000000000, -3.000000000000000444 ) ) ;
#1271 = CIRCLE ( 'NONE', #532, 2.000000000000001776 ) ;
#1272 = DIRECTION ( 'NONE',  ( -0.000000000000000000, -1.000000000000000000, -0.000000000000000000 ) ) ;
#1273 = DIRECTION ( 'NONE',  ( 0.000000000000000000, 1.000000000000000000, 0.000000000000000000 ) ) ;
#1274 = EDGE_LOOP ( 'NONE', ( #1591, #2011, #1154, #2501 ) ) ;
#1275 = AXIS2_PLACEMENT_3D ( 'NONE', #2316, #2151, #2329 ) ;
#1276 = DIRECTION ( 'NONE',  ( 0.000000000000000000, 0.000000000000000000, 1.000000000000000000 ) ) ;
#1277 = VERTEX_POINT ( 'NONE', #2417 ) ;
#1278 =( BOUNDED_CURVE ( )  B_SPLINE_CURVE ( 3, ( #1159, #2330, #1352, #2139 ),
 .UNSPECIFIED., .F., .T. ) 
 B_SPLINE_CURVE_WITH_KNOTS ( ( 4, 4 ),
 ( 2.630874857590356442, 3.652310449589230235 ),
 .UNSPECIFIED. ) 
 CURVE ( )  GEOMETRIC_REPRESENTATION_ITEM ( )  RATIONAL_B_SPLINE_CURVE ( ( 1.000000000000000000, 0.9149292474456451885, 0.9149292474456451885, 1.000000000000000000 ) ) 
 REPRESENTATION_ITEM ( '' )  );
#1279 = PERSON_AND_ORGANIZATION ( #2253, #2554 ) ;
#1280 = CARTESIAN_POINT ( 'NONE',  ( -0.7208111449167876605, 27.41211735449380882, -6.153245362736693203 ) ) ;
#1281 = ORIENTED_EDGE ( 'NONE', *, *, #2137, .T. ) ;
#1282 = ADVANCED_FACE ( 'NONE', ( #651 ), #880, .T. ) ;
#1283 = VECTOR ( 'NONE', #2123, 1000.000000000000000 ) ;
#1284 = CARTESIAN_POINT ( 'NONE',  ( -5.861417349984226810, 30.19327585426520244, 0.8831015573875826696 ) ) ;
#1285 = CARTESIAN_POINT ( 'NONE',  ( -4.643912032301686921, 27.28631093204088032, -4.119528041381281369 ) ) ;
#1286 = FACE_OUTER_BOUND ( 'NONE', #2046, .T. ) ;
#1287 = APPROVAL ( #702, 'UNSPECIFIED' ) ;
#1288 = AXIS2_PLACEMENT_3D ( 'NONE', #1642, #1246, #2393 ) ;
#1289 = DIRECTION ( 'NONE',  ( 0.000000000000000000, 0.000000000000000000, -1.000000000000000000 ) ) ;
#1290 = CARTESIAN_POINT ( 'NONE',  ( -3.693331714621826301, 27.63850751064205014, 4.946509153555537885 ) ) ;
#1291 = VERTEX_POINT ( 'NONE', #1801 ) ;
#1292 = FACE_OUTER_BOUND ( 'NONE', #1104, .T. ) ;
#1293 = ORIENTED_EDGE ( 'NONE', *, *, #1114, .T. ) ;
#1294 = PERSON_AND_ORGANIZATION_ROLE ( 'creator' ) ;
#1295 = CARTESIAN_POINT ( 'NONE',  ( -6.109291422986670383, 27.63849352325904718, 0.8861302811253424228 ) ) ;
#1296 = ORIENTED_EDGE ( 'NONE', *, *, #437, .T. ) ;
#1297 = CARTESIAN_POINT ( 'NONE',  ( -5.322790921487674964, 35.73885485821556784, 0.8756770667147741882 ) ) ;
#1298 = CARTESIAN_POINT ( 'NONE',  ( 6.123987860075997602, 27.54858534291021854, -0.8463804184799651464 ) ) ;
#1299 = ADVANCED_FACE ( 'NONE', ( #31 ), #825, .T. ) ;
#1300 = CARTESIAN_POINT ( 'NONE',  ( 3.144381164857964706, 35.74185609686031739, -4.382769363038047317 ) ) ;
#1301 = CARTESIAN_POINT ( 'NONE',  ( 0.000000000000000000, 20.46000000000000085, 0.000000000000000000 ) ) ;
#1302 = CARTESIAN_POINT ( 'NONE',  ( -0.8757062175543757210, 35.74485703477443366, 5.322201235360179084 ) ) ;
#1303 = EDGE_LOOP ( 'NONE', ( #1639, #267, #885, #323 ) ) ;
#1304 = CARTESIAN_POINT ( 'NONE',  ( -5.629965418483690698, 45.26842905789119698, 0.000000000000000000 ) ) ;
#1305 = EDGE_CURVE ( 'NONE', #596, #1687, #716, .T. ) ;
#1306 = VERTEX_POINT ( 'NONE', #1418 ) ;
#1307 = DIRECTION ( 'NONE',  ( -0.000000000000000000, -1.000000000000000000, -0.000000000000000000 ) ) ;
#1308 = EDGE_LOOP ( 'NONE', ( #402, #2368, #907, #1812, #244, #1252 ) ) ;
#1309 = B_SPLINE_CURVE_WITH_KNOTS ( 'NONE', 3,
 ( #1645, #1818, #1831, #669, #2250, #2493, #1285, #345, #2077, #160, #1721, #2301, #2317, #722, #123, #150, #358, #494 ),
 .UNSPECIFIED., .F., .F.,
 ( 4, 2, 2, 2, 2, 2, 2, 2, 4 ),
 ( -0.001112577971934677499, -0.0008344746783522563995, -0.0005563713847698352997, -0.0002782680911874142000, -1.647976049931002690E-07, 0.0002779384959774278911, 0.0005560417895598490992, 0.0008341450831422703074, 0.001112248376724691299 ),
 .UNSPECIFIED. ) ;
#1310 = CARTESIAN_POINT ( 'NONE',  ( 0.8468460164870831308, 27.54917117990436637, -6.123869794318675730 ) ) ;
#1311 = CARTESIAN_POINT ( 'NONE',  ( 0.000000000000000000, 16.20000000000000284, 0.000000000000000000 ) ) ;
#1312 = CARTESIAN_POINT ( 'NONE',  ( 3.315544805779687909, 33.21426811240092292, 4.558940869423020459 ) ) ;
#1313 = CARTESIAN_POINT ( 'NONE',  ( -4.769095055243484538, 30.19327585426520244, -3.520200855833178544 ) ) ;
#1314 = CARTESIAN_POINT ( 'NONE',  ( -4.520503038172957844, 27.26660549139022649, 4.257344779072917085 ) ) ;
#1315 = ORIENTED_EDGE ( 'NONE', *, *, #1266, .T. ) ;
#1316 = EDGE_CURVE ( 'NONE', #1019, #596, #1068, .T. ) ;
#1317 = CARTESIAN_POINT ( 'NONE',  ( 4.382978747425705812, 35.73885485821556784, -3.144584363418542861 ) ) ;
#1318 = ORIENTED_EDGE ( 'NONE', *, *, #2029, .F. ) ;
#1319 = AXIS2_PLACEMENT_3D ( 'NONE', #605, #411, #855 ) ;
#1320 = CC_DESIGN_PERSON_AND_ORGANIZATION_ASSIGNMENT ( #1279, #1658, ( #708 ) ) ;
#1321 = LINE ( 'NONE', #730, #1131 ) ;
#1322 = ORIENTED_EDGE ( 'NONE', *, *, #1176, .T. ) ;
#1323 = VECTOR ( 'NONE', #2078, 1000.000000000000227 ) ;
#1324 = DIRECTION ( 'NONE',  ( 0.000000000000000000, 0.000000000000000000, -1.000000000000000000 ) ) ;
#1325 = DIRECTION ( 'NONE',  ( -0.000000000000000000, -1.000000000000000000, -0.000000000000000000 ) ) ;
#1326 = CARTESIAN_POINT ( 'NONE',  ( -7.651510687984895124E-14, 27.84877104863627650, 7.304932534758198592 ) ) ;
#1327 = TOROIDAL_SURFACE ( 'NONE', #1823, 4.895770850515039463, 0.5000000000000000000 ) ;
#1328 = DIRECTION ( 'NONE',  ( -0.09571240664425756384, -0.9954090291002810620, -0.000000000000000000 ) ) ;
#1329 = FACE_OUTER_BOUND ( 'NONE', #1474, .T. ) ;
#1330 = AXIS2_PLACEMENT_3D ( 'NONE', #2279, #1890, #2506 ) ;
#1331 = ORIENTED_EDGE ( 'NONE', *, *, #1681, .T. ) ;
#1332 = AXIS2_PLACEMENT_3D ( 'NONE', #2039, #1058, #1839 ) ;
#1333 = CARTESIAN_POINT ( 'NONE',  ( 3.144584363418586381, 35.73885485821559627, -4.382978747425672061 ) ) ;
#1334 = ORIENTED_EDGE ( 'NONE', *, *, #2016, .F. ) ;
#1335 = EDGE_CURVE ( 'NONE', #1536, #1951, #1512, .T. ) ;
#1336 = CARTESIAN_POINT ( 'NONE',  ( 0.000000000000000000, 0.000000000000000000, 0.000000000000000000 ) ) ;
#1337 = CARTESIAN_POINT ( 'NONE',  ( 0.9776071471663927426, 36.20000000000000284, -4.797171717435381844 ) ) ;
#1338 = ORIENTED_EDGE ( 'NONE', *, *, #1743, .F. ) ;
#1339 = CARTESIAN_POINT ( 'NONE',  ( -0.6184265416887646527, 35.74475617435509633, 5.136400120957500093 ) ) ;
#1340 = CARTESIAN_POINT ( 'NONE',  ( 5.322790921487675853, 35.73885485821556784, 0.8756770667147742992 ) ) ;
#1341 = CARTESIAN_POINT ( 'NONE',  ( 4.119528041381295580, 27.28631093204088032, -4.643912032301672710 ) ) ;
#1342 = DIRECTION ( 'NONE',  ( 0.000000000000000000, 1.000000000000000000, 0.000000000000000000 ) ) ;
#1343 = CARTESIAN_POINT ( 'NONE',  ( -4.703262128307647671, 27.30266842003838335, 4.049138265306290840 ) ) ;
#1344 = ORIENTED_EDGE ( 'NONE', *, *, #551, .F. ) ;
#1345 = CARTESIAN_POINT ( 'NONE',  ( 4.394095107964619551, 35.73864478242503395, -3.142851540447483050 ) ) ;
#1346 = B_SPLINE_CURVE_WITH_KNOTS ( 'NONE', 3,
 ( #1504, #1878, #509, #2289, #1527, #521 ),
 .UNSPECIFIED., .F., .F.,
 ( 4, 2, 4 ),
 ( 7.112895110951044004E-18, 0.0003809919800252092176, 0.0007619839600504113878 ),
 .UNSPECIFIED. ) ;
#1347 = ORIENTED_EDGE ( 'NONE', *, *, #1900, .F. ) ;
#1348 = CARTESIAN_POINT ( 'NONE',  ( 3.673940397442060361E-16, 0.000000000000000000, 3.000000000000000444 ) ) ;
#1349 = ORIENTED_EDGE ( 'NONE', *, *, #2296, .T. ) ;
#1350 = EDGE_CURVE ( 'NONE', #1243, #1741, #1786, .T. ) ;
#1351 = CARTESIAN_POINT ( 'NONE',  ( 0.000000000000000000, 0.000000000000000000, 0.000000000000000000 ) ) ;
#1352 = CARTESIAN_POINT ( 'NONE',  ( 0.3561685780241445332, 36.19999999999999574, 4.447372853558039907 ) ) ;
#1353 =( BOUNDED_CURVE ( )  B_SPLINE_CURVE ( 3, ( #925, #1524, #1670, #689 ),
 .UNSPECIFIED., .F., .T. ) 
 B_SPLINE_CURVE_WITH_KNOTS ( ( 4, 4 ),
 ( 2.630874857590355553, 3.652310449589230235 ),
 .UNSPECIFIED. ) 
 CURVE ( )  GEOMETRIC_REPRESENTATION_ITEM ( )  RATIONAL_B_SPLINE_CURVE ( ( 1.000000000000000000, 0.9149292474456449664, 0.9149292474456449664, 1.000000000000000000 ) ) 
 REPRESENTATION_ITEM ( '' )  );
#1354 = DIRECTION ( 'NONE',  ( -0.000000000000000000, -1.000000000000000000, -0.000000000000000000 ) ) ;
#1355 = DIRECTION ( 'NONE',  ( 0.000000000000000000, 0.000000000000000000, 1.000000000000000000 ) ) ;
#1356 = CARTESIAN_POINT ( 'NONE',  ( 3.508209678034439172, 36.20000000000000284, 2.913426352924051166 ) ) ;
#1357 = VERTEX_POINT ( 'NONE', #1887 ) ;
#1358 = DIRECTION ( 'NONE',  ( 0.9954090291002810620, -0.09571240664425756384, 0.000000000000000000 ) ) ;
#1359 = ORIENTED_EDGE ( 'NONE', *, *, #628, .F. ) ;
#1360 = DIRECTION ( 'NONE',  ( -0.000000000000000000, -1.000000000000000000, -0.000000000000000000 ) ) ;
#1361 = VECTOR ( 'NONE', #198, 1000.000000000000000 ) ;
#1362 = ORIENTED_EDGE ( 'NONE', *, *, #2057, .T. ) ;
#1363 = AXIS2_PLACEMENT_3D ( 'NONE', #574, #1941, #1324 ) ;
#1364 = CARTESIAN_POINT ( 'NONE',  ( 0.000000000000000000, 33.25000000000000000, -3.000000000000000444 ) ) ;
#1365 = CARTESIAN_POINT ( 'NONE',  ( 6.209304276380871457, 27.26320954431408339, -0.09353632956426187472 ) ) ;
#1366 = CARTESIAN_POINT ( 'NONE',  ( 0.000000000000000000, 25.30000000000000426, 0.000000000000000000 ) ) ;
#1367 = EDGE_CURVE ( 'NONE', #2474, #1065, #1321, .T. ) ;
#1368 =( BOUNDED_CURVE ( )  B_SPLINE_CURVE ( 3, ( #1150, #524, #2305, #336 ),
 .UNSPECIFIED., .F., .T. ) 
 B_SPLINE_CURVE_WITH_KNOTS ( ( 4, 4 ),
 ( 2.518210232572592133, 3.764975074606995875 ),
 .UNSPECIFIED. ) 
 CURVE ( )  GEOMETRIC_REPRESENTATION_ITEM ( )  RATIONAL_B_SPLINE_CURVE ( ( 1.000000000000000000, 0.8746056661178448488, 0.8746056661178448488, 1.000000000000000000 ) ) 
 REPRESENTATION_ITEM ( '' )  );
#1369 = FACE_OUTER_BOUND ( 'NONE', #1795, .T. ) ;
#1370 = DIRECTION ( 'NONE',  ( -0.000000000000000000, -1.000000000000000000, -0.000000000000000000 ) ) ;
#1371 = AXIS2_PLACEMENT_3D ( 'NONE', #461, #2218, #1408 ) ;
#1372 = ORIENTED_EDGE ( 'NONE', *, *, #2047, .F. ) ;
#1373 = ORIENTED_EDGE ( 'NONE', *, *, #1100, .T. ) ;
#1374 = TOROIDAL_SURFACE ( 'NONE', #258, 0.9999999999999997780, 0.5000000000000000000 ) ;
#1375 = CYLINDRICAL_SURFACE ( 'NONE', #7, 5.575000000000000178 ) ;
#1376 = AXIS2_PLACEMENT_3D ( 'NONE', #1304, #1898, #1485 ) ;
#1377 = ORIENTED_EDGE ( 'NONE', *, *, #390, .F. ) ;
#1378 = CARTESIAN_POINT ( 'NONE',  ( 0.7749999999999996891, 14.90000000000000391, 3.489985673323029669 ) ) ;
#1379 = FACE_OUTER_BOUND ( 'NONE', #1460, .T. ) ;
#1380 = CARTESIAN_POINT ( 'NONE',  ( 4.520503038172927646, 27.26660549139023004, -4.257344779072948171 ) ) ;
#1381 = CARTESIAN_POINT ( 'NONE',  ( 6.100131925573418989, 27.73292483621466431, -0.8860220918101024967 ) ) ;
#1382 = CARTESIAN_POINT ( 'NONE',  ( 3.761544694715389880, 36.20000000000000284, 3.302468359869746184 ) ) ;
#1383 = EDGE_CURVE ( 'NONE', #169, #2513, #570, .T. ) ;
#1384 = ORIENTED_EDGE ( 'NONE', *, *, #1843, .F. ) ;
#1385 = CARTESIAN_POINT ( 'NONE',  ( 0.3337416699656702845, 35.75128683324494716, -4.930131771713464062 ) ) ;
#1386 = EDGE_CURVE ( 'NONE', #2165, #2513, #1051, .T. ) ;
#1387 = EDGE_LOOP ( 'NONE', ( #755, #1349, #1143, #713 ) ) ;
#1388 = ADVANCED_FACE ( 'NONE', ( #2113 ), #911, .F. ) ;
#1389 = CARTESIAN_POINT ( 'NONE',  ( 4.083385295012671889, 36.20000000000000284, -2.700840008817076754 ) ) ;
#1390 = VERTEX_POINT ( 'NONE', #328 ) ;
#1391 = DIRECTION ( 'NONE',  ( 0.000000000000000000, 1.000000000000000000, 0.000000000000000000 ) ) ;
#1392 = DIRECTION ( 'NONE',  ( 0.000000000000000000, 1.000000000000000000, 0.000000000000000000 ) ) ;
#1393 = FACE_OUTER_BOUND ( 'NONE', #309, .T. ) ;
#1394 = CARTESIAN_POINT ( 'NONE',  ( 2.131653006007723351E-14, 27.26320489190302965, -6.209307221932397702 ) ) ;
#1395 = CARTESIAN_POINT ( 'NONE',  ( 3.631347456173310118, 28.55304410414921890, -4.883043112716165091 ) ) ;
#1396 = EDGE_LOOP ( 'NONE', ( #853, #1896, #1553, #1562 ) ) ;
#1397 = CARTESIAN_POINT ( 'NONE',  ( -3.143881213173443268, 35.74785620332212233, -4.382417989080918730 ) ) ;
#1398 = ORIENTED_EDGE ( 'NONE', *, *, #2108, .F. ) ;
#1399 = EDGE_CURVE ( 'NONE', #2337, #11, #1581, .T. ) ;
#1400 = CARTESIAN_POINT ( 'NONE',  ( -4.048273807988055140, 27.30300118143553334, 4.703952109873599241 ) ) ;
#1401 = ORIENTED_EDGE ( 'NONE', *, *, #115, .T. ) ;
#1402 = CIRCLE ( 'NONE', #284, 3.250000000000000444 ) ;
#1403 = CARTESIAN_POINT ( 'NONE',  ( 5.847688465928612791E-16, 0.000000000000000000, 4.775000000000000355 ) ) ;
#1404 = CARTESIAN_POINT ( 'NONE',  ( 0.000000000000000000, 16.20000000000000284, -3.575000000000000178 ) ) ;
#1405 = B_SPLINE_CURVE_WITH_KNOTS ( 'NONE', 3,
 ( #914, #2127, #1516, #2483, #110, #2090, #749 ),
 .UNSPECIFIED., .F., .F.,
 ( 4, 3, 4 ),
 ( 0.0005280937956277162578, 0.003000000005309308177, 0.008571680231918604037 ),
 .UNSPECIFIED. ) ;
#1406 = DIRECTION ( 'NONE',  ( 0.000000000000000000, 0.000000000000000000, 1.000000000000000000 ) ) ;
#1407 = FACE_OUTER_BOUND ( 'NONE', #445, .T. ) ;
#1408 = DIRECTION ( 'NONE',  ( 0.000000000000000000, -0.09571240664425774425, -0.9954090291002811730 ) ) ;
#1409 = AXIS2_PLACEMENT_3D ( 'NONE', #858, #241, #806 ) ;
#1410 = CARTESIAN_POINT ( 'NONE',  ( 0.000000000000000000, 20.71998401917443644, 0.000000000000000000 ) ) ;
#1411 = AXIS2_PLACEMENT_3D ( 'NONE', #1711, #2140, #984 ) ;
#1412 = ORIENTED_EDGE ( 'NONE', *, *, #656, .F. ) ;
#1413 = CONICAL_SURFACE ( 'NONE', #1450, 6.349999999999996092, 0.09585914711001297661 ) ;
#1414 = CARTESIAN_POINT ( 'NONE',  ( 3.144584363418586381, 35.73885485821559627, -4.382978747425672061 ) ) ;
#1415 = DIRECTION ( 'NONE',  ( -0.000000000000000000, -1.000000000000000000, -0.000000000000000000 ) ) ;
#1416 = EDGE_CURVE ( 'NONE', #661, #2165, #1660, .T. ) ;
#1417 = ORIENTED_EDGE ( 'NONE', *, *, #1100, .F. ) ;
#1418 = CARTESIAN_POINT ( 'NONE',  ( 2.449293598294706414E-16, 0.2999999999999973244, 2.000000000000000000 ) ) ;
#1419 = CARTESIAN_POINT ( 'NONE',  ( 4.678004094797805656, 36.20000000000000284, 0.8396535887815739230 ) ) ;
#1420 = CARTESIAN_POINT ( 'NONE',  ( 5.321897203152962774, 35.74785620332212233, -0.8757777529930900196 ) ) ;
#1421 = CARTESIAN_POINT ( 'NONE',  ( 4.930131771713465838, 35.75128683324494716, 0.3337416699656530761 ) ) ;
#1422 = EDGE_CURVE ( 'NONE', #1873, #1277, #1456, .T. ) ;
#1423 = CARTESIAN_POINT ( 'NONE',  ( 1.179683748676533250, 36.20000000000000284, -4.927520347313105731 ) ) ;
#1424 = CARTESIAN_POINT ( 'NONE',  ( -3.258547106632627255, 34.05580003434261727, -4.500340567775440448 ) ) ;
#1425 = ORIENTED_EDGE ( 'NONE', *, *, #102, .F. ) ;
#1426 = DIRECTION ( 'NONE',  ( 0.000000000000000000, -0.000000000000000000, 1.000000000000000000 ) ) ;
#1427 = ORIENTED_EDGE ( 'NONE', *, *, #547, .F. ) ;
#1428 = B_SPLINE_CURVE_WITH_KNOTS ( 'NONE', 3,
 ( #1432, #1610, #239, #2395, #226, #1049 ),
 .UNSPECIFIED., .F., .F.,
 ( 4, 2, 4 ),
 ( -5.527337459318329423E-06, 0.0003793000264230801991, 0.0007641273903054786624 ),
 .UNSPECIFIED. ) ;
#1429 = DIRECTION ( 'NONE',  ( 0.000000000000000000, 1.000000000000000000, 0.000000000000000000 ) ) ;
#1430 = CARTESIAN_POINT ( 'NONE',  ( 5.300591571925087564, 36.20000000000000284, 0.9059217567368911261 ) ) ;
#1431 = EDGE_CURVE ( 'NONE', #1578, #1306, #1106, .T. ) ;
#1432 = CARTESIAN_POINT ( 'NONE',  ( 2.700840008817062543, 36.20000000000000284, 4.083385295012680771 ) ) ;
#1433 = CARTESIAN_POINT ( 'NONE',  ( 5.847688465928612791E-16, 21.20000000000000284, 4.775000000000000355 ) ) ;
#1434 = CARTESIAN_POINT ( 'NONE',  ( -4.382417989080951592, 35.74785620332212233, 3.143881213173396638 ) ) ;
#1435 = ORIENTED_EDGE ( 'NONE', *, *, #1757, .T. ) ;
#1436 = B_SPLINE_CURVE_WITH_KNOTS ( 'NONE', 3,
 ( #101, #1290, #1785, #810, #1592, #1400, #418, #1205, #2497, #1112, #1314, #127, #1343, #1725, #725, #513, #960, #1702 ),
 .UNSPECIFIED., .F., .F.,
 ( 4, 2, 2, 2, 2, 2, 2, 2, 4 ),
 ( -0.001112577971934679017, -0.0008344746783522571584, -0.0005563713847698351913, -0.0002782680911874132242, -1.647976049913655455E-07, 0.0002779384959774304931, 0.0005560417895598525687, 0.0008341450831422724758, 0.001112248376724692383 ),
 .UNSPECIFIED. ) ;
#1437 = ORIENTED_EDGE ( 'NONE', *, *, #1209, .T. ) ;
#1438 = CYLINDRICAL_SURFACE ( 'NONE', #2509, 1.499999999999999556 ) ;
#1439 = CARTESIAN_POINT ( 'NONE',  ( -0.9776071471664258272, 36.20000000000000284, 4.797171717435376515 ) ) ;
#1440 = CARTESIAN_POINT ( 'NONE',  ( 0.9344198957654846760, 36.15559694196618779, 5.049553821859640301 ) ) ;
#1441 = CARTESIAN_POINT ( 'NONE',  ( 3.143881213173473910, 35.74785620332212233, -4.382417989080896525 ) ) ;
#1442 = EDGE_CURVE ( 'NONE', #1390, #545, #1353, .T. ) ;
#1443 = EDGE_LOOP ( 'NONE', ( #514, #610, #1754, #352 ) ) ;
#1444 = APPROVAL_PERSON_ORGANIZATION ( #1264, #1778, #1464 ) ;
#1445 = CARTESIAN_POINT ( 'NONE',  ( -3.132527244664335520, 35.87608199352013827, -4.375389265984940934 ) ) ;
#1446 = VERTEX_POINT ( 'NONE', #2286 ) ;
#1447 =( BOUNDED_SURFACE ( )  B_SPLINE_SURFACE ( 3, 2, ( 
 ( #566, #1921, #349 ),
 ( #2487, #2321, #2093 ),
 ( #2282, #153, #2081 ),
 ( #946, #2130, #1099 ),
 ( #1881, #113, #904 ),
 ( #1971, #2194, #2549 ) ),
 .UNSPECIFIED., .F., .F., .F. ) 
 B_SPLINE_SURFACE_WITH_KNOTS ( ( 4, 2, 4 ),
 ( 3, 3 ),
 ( 2.510729643520384080, 3.141592653589793116, 3.772455663659202152 ),
 ( 0.000000000000000000, 1.000000000000000000 ),
 .UNSPECIFIED. ) 
 GEOMETRIC_REPRESENTATION_ITEM ( )  RATIONAL_B_SPLINE_SURFACE ( (
 ( 1.000000000000000000, 0.7339242347988189641, 1.000000000000000000),
 ( 1.000000000000000000, 0.7379907051409162477, 1.000000000000000000),
 ( 1.000000000000000000, 0.7401730901094208948, 1.000000000000000000),
 ( 1.000000000000000000, 0.7401730901094208948, 1.000000000000000000),
 ( 1.000000000000000000, 0.7379907051409162477, 1.000000000000000000),
 ( 1.000000000000000000, 0.7339242347988189641, 1.000000000000000000) ) ) 
 REPRESENTATION_ITEM ( '' )  SURFACE ( )  );
#1448 = ORIENTED_EDGE ( 'NONE', *, *, #479, .T. ) ;
#1449 = CIRCLE ( 'NONE', #1002, 1.499999999999999778 ) ;
#1450 = AXIS2_PLACEMENT_3D ( 'NONE', #2407, #1969, #436 ) ;
#1451 = DATE_TIME_ROLE ( 'creation_date' ) ;
#1452 = CARTESIAN_POINT ( 'NONE',  ( -0.8757777529931457527, 35.74785620332212233, 5.321897203152954781 ) ) ;
#1453 = CIRCLE ( 'NONE', #213, 3.000000000000000444 ) ;
#1454 = CARTESIAN_POINT ( 'NONE',  ( 4.769095055243459669, 30.19327585426520244, 3.520200855833210962 ) ) ;
#1455 = CARTESIAN_POINT ( 'NONE',  ( -0.8861303355605330001, 27.63844601043106408, 6.109296031559932949 ) ) ;
#1456 = CIRCLE ( 'NONE', #174, 5.393475365065178551 ) ;
#1457 = CARTESIAN_POINT ( 'NONE',  ( -4.375389265984929388, 35.87608199352013827, -3.132527244664351507 ) ) ;
#1458 = B_SPLINE_CURVE_WITH_KNOTS ( 'NONE', 3,
 ( #289, #97, #1671, #122, #913, #1644 ),
 .UNSPECIFIED., .F., .F.,
 ( 4, 2, 4 ),
 ( 7.204847710556567793E-18, 0.0003809919800252087839, 0.0007619839600504103036 ),
 .UNSPECIFIED. ) ;
#1459 = CARTESIAN_POINT ( 'NONE',  ( -4.511942011531160368, 33.89034295923231355, -3.269737675643832109 ) ) ;
#1460 = EDGE_LOOP ( 'NONE', ( #638, #742 ) ) ;
#1461 = EDGE_CURVE ( 'NONE', #2285, #1615, #254, .T. ) ;
#1462 = ORIENTED_EDGE ( 'NONE', *, *, #756, .T. ) ;
#1463 = EDGE_CURVE ( 'NONE', #1262, #1446, #1828, .T. ) ;
#1464 = APPROVAL_ROLE ( '' ) ;
#1465 = CARTESIAN_POINT ( 'NONE',  ( 0.000000000000000000, 21.20000000000000284, 0.000000000000000000 ) ) ;
#1466 = CARTESIAN_POINT ( 'NONE',  ( 0.000000000000000000, 35.74785620332212233, 0.000000000000000000 ) ) ;
#1467 = CARTESIAN_POINT ( 'NONE',  ( 4.923888029877836914, 36.19999999999999574, -0.9576561729588825012 ) ) ;
#1468 = FACE_OUTER_BOUND ( 'NONE', #899, .T. ) ;
#1469 = CARTESIAN_POINT ( 'NONE',  ( 5.242367592782916752, 35.99421414278277354, 0.8946814250601928808 ) ) ;
#1470 = VERTEX_POINT ( 'NONE', #287 ) ;
#1471 = ORIENTED_EDGE ( 'NONE', *, *, #262, .T. ) ;
#1472 = EDGE_CURVE ( 'NONE', #442, #2068, #2224, .T. ) ;
#1473 = CARTESIAN_POINT ( 'NONE',  ( 0.8946838160720201882, 35.99423123528535484, -5.242357526023679881 ) ) ;
#1474 = EDGE_LOOP ( 'NONE', ( #792, #1910, #114, #1593, #1315, #65, #1771 ) ) ;
#1475 = CC_DESIGN_PERSON_AND_ORGANIZATION_ASSIGNMENT ( #456, #2072, ( #997 ) ) ;
#1476 = DIRECTION ( 'NONE',  ( 0.000000000000000000, 0.000000000000000000, -1.000000000000000000 ) ) ;
#1477 = DIRECTION ( 'NONE',  ( 0.000000000000000000, 0.000000000000000000, -1.000000000000000000 ) ) ;
#1478 = CARTESIAN_POINT ( 'NONE',  ( 0.9059217567369061141, 36.20000000000000284, -5.300591571925082235 ) ) ;
#1479 = TOROIDAL_SURFACE ( 'NONE', #2303, 4.895770850515039463, 0.5000000000000000000 ) ;
#1480 = CARTESIAN_POINT ( 'NONE',  ( 0.8860220918100389920, 27.73292483621466431, 6.100131925573428759 ) ) ;
#1481 = DIRECTION ( 'NONE',  ( 0.000000000000000000, 0.000000000000000000, -1.000000000000000000 ) ) ;
#1482 = B_SPLINE_CURVE_WITH_KNOTS ( 'NONE', 3,
 ( #268, #1251, #1424, #242, #464, #831, #817 ),
 .UNSPECIFIED., .F., .F.,
 ( 4, 3, 4 ),
 ( 0.0004635204855060065261, 0.003000000009842782034, 0.008507106913800334402 ),
 .UNSPECIFIED. ) ;
#1483 = ORIENTED_EDGE ( 'NONE', *, *, #1552, .T. ) ;
#1484 = AXIS2_PLACEMENT_3D ( 'NONE', #2369, #2048, #2058 ) ;
#1485 = DIRECTION ( 'NONE',  ( 0.9954090291002811730, -0.09571240664425774425, 0.000000000000000000 ) ) ;
#1486 = ORIENTED_EDGE ( 'NONE', *, *, #1134, .T. ) ;
#1487 = EDGE_CURVE ( 'NONE', #1006, #44, #675, .T. ) ;
#1488 = PERSON_AND_ORGANIZATION ( #2253, #2554 ) ;
#1489 = DIRECTION ( 'NONE',  ( 0.000000000000000000, 0.7071067811865486830, 0.7071067811865464625 ) ) ;
#1490 = ORIENTED_EDGE ( 'NONE', *, *, #852, .F. ) ;
#1491 = AXIS2_PLACEMENT_3D ( 'NONE', #1798, #2019, #2459 ) ;
#1492 = PLANE ( 'NONE',  #1035 ) ;
#1493 = CARTESIAN_POINT ( 'NONE',  ( 6.100131925573418989, 27.73292483621466431, -0.8860220918101024967 ) ) ;
#1494 = AXIS2_PLACEMENT_3D ( 'NONE', #2444, #473, #482 ) ;
#1495 = LINE ( 'NONE', #1110, #1323 ) ;
#1496 = EDGE_CURVE ( 'NONE', #1446, #2275, #2013, .T. ) ;
#1497 = CARTESIAN_POINT ( 'NONE',  ( -4.939956880105524029, 27.73292483621466431, -3.686932421305511465 ) ) ;
#1498 = CARTESIAN_POINT ( 'NONE',  ( 0.09338476730217687427, 27.26320489190302965, 6.209307221932399479 ) ) ;
#1499 = VERTEX_POINT ( 'NONE', #1825 ) ;
#1500 = DIRECTION ( 'NONE',  ( 0.000000000000000000, 1.000000000000000000, 0.000000000000000000 ) ) ;
#1501 = ORIENTED_EDGE ( 'NONE', *, *, #967, .F. ) ;
#1502 = ORIENTED_EDGE ( 'NONE', *, *, #2326, .T. ) ;
#1503 = DIRECTION ( 'NONE',  ( -0.000000000000000000, -1.000000000000000000, -0.000000000000000000 ) ) ;
#1504 = CARTESIAN_POINT ( 'NONE',  ( -4.382417989080951592, 35.74785620332212233, 3.143881213173396638 ) ) ;
#1505 = CARTESIAN_POINT ( 'NONE',  ( 7.665799495360107840E-16, 20.71998401917443644, 6.169200639233021199 ) ) ;
#1506 = EDGE_CURVE ( 'NONE', #2177, #2285, #2254, .T. ) ;
#1507 = CARTESIAN_POINT ( 'NONE',  ( 3.074278371667713561, 35.99421414278277354, -4.339548976991086882 ) ) ;
#1508 = CARTESIAN_POINT ( 'NONE',  ( 0.000000000000000000, 25.80000000000000426, 0.000000000000000000 ) ) ;
#1509 = ORIENTED_EDGE ( 'NONE', *, *, #35, .T. ) ;
#1510 = CARTESIAN_POINT ( 'NONE',  ( 6.827405905246494173E-16, 25.30000000000000426, 5.575000000000000178 ) ) ;
#1511 = ORIENTED_EDGE ( 'NONE', *, *, #803, .F. ) ;
#1512 = LINE ( 'NONE', #1875, #216 ) ;
#1513 = VERTEX_POINT ( 'NONE', #54 ) ;
#1514 = B_SPLINE_CURVE_WITH_KNOTS ( 'NONE', 3,
 ( #2320, #1558, #2360, #1920, #152, #752, #2537 ),
 .UNSPECIFIED., .F., .F.,
 ( 4, 3, 4 ),
 ( 0.0004635204855060064176, 0.003000000009842789840, 0.008507106913800336137 ),
 .UNSPECIFIED. ) ;
#1515 = CARTESIAN_POINT ( 'NONE',  ( 0.000000000000000000, 0.000000000000000000, -4.775000000000000355 ) ) ;
#1516 = CARTESIAN_POINT ( 'NONE',  ( -3.575769943113728644, 29.37316118810634791, 4.826090579582427154 ) ) ;
#1517 = DIRECTION ( 'NONE',  ( -0.000000000000000000, -1.000000000000000000, -0.000000000000000000 ) ) ;
#1518 = CARTESIAN_POINT ( 'NONE',  ( 5.502478475823049386, 33.89034295923229223, -0.8783711095252704215 ) ) ;
#1519 = CARTESIAN_POINT ( 'NONE',  ( -0.8756726926746102313, 35.74185609686031739, 5.322499181287158265 ) ) ;
#1520 = EDGE_CURVE ( 'NONE', #1141, #1523, #1208, .T. ) ;
#1521 = VERTEX_POINT ( 'NONE', #822 ) ;
#1522 = FACE_OUTER_BOUND ( 'NONE', #1180, .T. ) ;
#1523 = VERTEX_POINT ( 'NONE', #1629 ) ;
#1524 = CARTESIAN_POINT ( 'NONE',  ( -3.396616719982362920, 36.20000000000000284, 2.892918286449336573 ) ) ;
#1525 = ORIENTED_EDGE ( 'NONE', *, *, #120, .F. ) ;
#1526 = DIRECTION ( 'NONE',  ( 0.000000000000000000, 0.000000000000000000, 1.000000000000000000 ) ) ;
#1527 = CARTESIAN_POINT ( 'NONE',  ( -4.158127373413770478, 36.20000000000000995, 2.803515821200190050 ) ) ;
#1528 =( BOUNDED_CURVE ( )  B_SPLINE_CURVE ( 3, ( #921, #2096, #2295, #486 ),
 .UNSPECIFIED., .F., .T. ) 
 B_SPLINE_CURVE_WITH_KNOTS ( ( 4, 4 ),
 ( 2.630874857590356886, 3.652310449589230235 ),
 .UNSPECIFIED. ) 
 CURVE ( )  GEOMETRIC_REPRESENTATION_ITEM ( )  RATIONAL_B_SPLINE_CURVE ( ( 1.000000000000000000, 0.9149292474456451885, 0.9149292474456451885, 1.000000000000000000 ) ) 
 REPRESENTATION_ITEM ( '' )  );
#1529 = CARTESIAN_POINT ( 'NONE',  ( 4.456550752847906693, 27.26320024775426631, -4.324739891591184993 ) ) ;
#1530 = AXIS2_PLACEMENT_3D ( 'NONE', #238, #2024, #1998 ) ;
#1531 = PLANE ( 'NONE',  #868 ) ;
#1532 = DIRECTION ( 'NONE',  ( 1.811583010849400763E-31, -0.09571240664425756384, -0.9954090291002810620 ) ) ;
#1533 = EDGE_LOOP ( 'NONE', ( #2306, #2008, #1398, #2133, #987, #790, #770, #2187, #840, #2107, #1707, #2391, #543, #2504, #183, #2425, #1748, #1677, #550, #2388, #1626, #1338, #1787, #765, #248, #2380, #1116, #923, #623 ) ) ;
#1534 = AXIS2_PLACEMENT_3D ( 'NONE', #2258, #727, #1276 ) ;
#1535 = CARTESIAN_POINT ( 'NONE',  ( -3.144146779602720265, 35.74485703477443366, -4.382582389122497091 ) ) ;
#1536 = VERTEX_POINT ( 'NONE', #76 ) ;
#1537 = EDGE_CURVE ( 'NONE', #1019, #1980, #380, .T. ) ;
#1538 = APPLICATION_CONTEXT ( 'configuration controlled 3d designs of mechanical parts and assemblies' ) ;
#1539 = CARTESIAN_POINT ( 'NONE',  ( -3.144584363418616579, 35.73885485821559627, 4.382978747425649857 ) ) ;
#1540 = ORIENTED_EDGE ( 'NONE', *, *, #979, .F. ) ;
#1541 = ADVANCED_FACE ( 'NONE', ( #1292 ), #906, .T. ) ;
#1542 = DIRECTION ( 'NONE',  ( 4.894673023214416073E-18, -0.9992009587217894895, 0.03996803834887150547 ) ) ;
#1543 = LINE ( 'NONE', #399, #1863 ) ;
#1544 = CARTESIAN_POINT ( 'NONE',  ( 4.929034413910885704, 27.54914389154633625, -3.731431837010431352 ) ) ;
#1545 =( BOUNDED_SURFACE ( )  B_SPLINE_SURFACE ( 3, 2, ( 
 ( #259, #2423, #2434 ),
 ( #1651, #657, #1062 ),
 ( #73, #1201, #1833 ),
 ( #672, #860, #441 ),
 ( #2387, #1599, #63 ),
 ( #1613, #869, #1229 ) ),
 .UNSPECIFIED., .F., .F., .T. ) 
 B_SPLINE_SURFACE_WITH_KNOTS ( ( 4, 2, 4 ),
 ( 3, 3 ),
 ( 2.510729643520384080, 3.141592653589793116, 3.772455663659202596 ),
 ( 0.000000000000000000, 1.000000000000000000 ),
 .UNSPECIFIED. ) 
 GEOMETRIC_REPRESENTATION_ITEM ( )  RATIONAL_B_SPLINE_SURFACE ( (
 ( 1.000000000000000000, 0.7339242347988189641, 1.000000000000000000),
 ( 1.000000000000000000, 0.7379907051408824969, 1.000000000000000000),
 ( 1.000000000000000000, 0.7401730901094678572, 1.000000000000000000),
 ( 1.000000000000000000, 0.7401730901093743764, 1.000000000000000000),
 ( 1.000000000000000000, 0.7379907051409504426, 1.000000000000000000),
 ( 1.000000000000000000, 0.7339242347988189641, 1.000000000000000000) ) ) 
 REPRESENTATION_ITEM ( '' )  SURFACE ( )  );
#1546 = DIRECTION ( 'NONE',  ( -0.000000000000000000, -1.000000000000000000, -0.000000000000000000 ) ) ;
#1547 = CARTESIAN_POINT ( 'NONE',  ( -6.443177087643454395E-14, 27.26320489190302965, 6.209307221932397702 ) ) ;
#1548 = ORIENTED_EDGE ( 'NONE', *, *, #2124, .F. ) ;
#1549 = FACE_BOUND ( 'NONE', #2283, .T. ) ;
#1550 = ORIENTED_EDGE ( 'NONE', *, *, #857, .T. ) ;
#1551 = CARTESIAN_POINT ( 'NONE',  ( 0.000000000000000000, 0.000000000000000000, 0.000000000000000000 ) ) ;
#1552 = EDGE_CURVE ( 'NONE', #1797, #2246, #343, .T. ) ;
#1553 = ORIENTED_EDGE ( 'NONE', *, *, #497, .T. ) ;
#1554 = FACE_OUTER_BOUND ( 'NONE', #647, .T. ) ;
#1555 = CARTESIAN_POINT ( 'NONE',  ( -5.038486898352755539, 35.74785620332212943, 0.000000000000000000 ) ) ;
#1556 = EDGE_CURVE ( 'NONE', #1499, #1042, #1528, .T. ) ;
#1557 = DIRECTION ( 'NONE',  ( -1.002534245082572603E-15, -0.9954090291002811730, 0.09571240664425757771 ) ) ;
#1558 = CARTESIAN_POINT ( 'NONE',  ( 5.404592781530322299, 34.89732906525181022, 0.8769035162245816251 ) ) ;
#1559 = LINE ( 'NONE', #580, #2034 ) ;
#1560 = VERTEX_POINT ( 'NONE', #1884 ) ;
#1561 = CARTESIAN_POINT ( 'NONE',  ( 5.322790921487674964, 35.73885485821556784, -0.8756770667147741882 ) ) ;
#1562 = ORIENTED_EDGE ( 'NONE', *, *, #1416, .T. ) ;
#1563 = CARTESIAN_POINT ( 'NONE',  ( 4.946509153555548544, 27.63850751064203948, 3.693331714621809425 ) ) ;
#1564 = AXIS2_PLACEMENT_3D ( 'NONE', #2197, #430, #36 ) ;
#1565 = ORIENTED_EDGE ( 'NONE', *, *, #2221, .T. ) ;
#1566 = CC_DESIGN_APPROVAL ( #1287, ( #2429 ) ) ;
#1567 = EDGE_CURVE ( 'NONE', #1077, #2553, #969, .T. ) ;
#1568 = DIRECTION ( 'NONE',  ( 1.029066600582068436E-16, 0.5421268698220952365, -0.8402966482242428814 ) ) ;
#1569 = CARTESIAN_POINT ( 'NONE',  ( 2.892918286449349452, 36.19999999999999574, 3.396616719982354482 ) ) ;
#1570 = CARTESIAN_POINT ( 'NONE',  ( 3.731832010393164367, 27.54858534291021499, -4.928794677134503921 ) ) ;
#1571 = EDGE_CURVE ( 'NONE', #11, #1733, #1704, .T. ) ;
#1572 = CARTESIAN_POINT ( 'NONE',  ( 0.9776071471663252410, 36.20000000000000284, 4.797171717435396943 ) ) ;
#1573 = CARTESIAN_POINT ( 'NONE',  ( 4.069127194217946553, 36.20000000000000284, 3.150992617228072223 ) ) ;
#1574 = CIRCLE ( 'NONE', #337, 2.000000000000005329 ) ;
#1575 = ORIENTED_EDGE ( 'NONE', *, *, #489, .F. ) ;
#1576 = ADVANCED_FACE ( 'NONE', ( #1130 ), #2475, .T. ) ;
#1577 = CARTESIAN_POINT ( 'NONE',  ( 4.318445430364537430, 36.20000000000000284, -2.650120673675037342 ) ) ;
#1578 = VERTEX_POINT ( 'NONE', #325 ) ;
#1579 = CIRCLE ( 'NONE', #1083, 5.575000000000000178 ) ;
#1580 = CARTESIAN_POINT ( 'NONE',  ( -5.486362089038667733, 34.05580003434261016, -0.8780805772071876847 ) ) ;
#1581 = CIRCLE ( 'NONE', #845, 0.7886920815068586554 ) ;
#1582 = EDGE_LOOP ( 'NONE', ( #1435, #633, #1255, #230 ) ) ;
#1583 = APPLICATION_PROTOCOL_DEFINITION ( 'international standard', 'config_control_design', 1994, #649 ) ;
#1584 = CARTESIAN_POINT ( 'NONE',  ( 6.188881669984226619, 27.30266842003838335, 0.4625354192641221718 ) ) ;
#1585 = DIRECTION ( 'NONE',  ( 0.000000000000000000, 1.000000000000000000, 0.000000000000000000 ) ) ;
#1586 = CARTESIAN_POINT ( 'NONE',  ( -7.304932534758198592, 27.84877104863627650, 0.000000000000000000 ) ) ;
#1587 = DIRECTION ( 'NONE',  ( 0.000000000000000000, 1.000000000000000000, 0.000000000000000000 ) ) ;
#1588 = ADVANCED_FACE ( 'NONE', ( #544 ), #687, .F. ) ;
#1589 = CARTESIAN_POINT ( 'NONE',  ( 4.382978747425660515, 35.73885485821559627, 3.144584363418601480 ) ) ;
#1590 = CARTESIAN_POINT ( 'NONE',  ( 2.913426352923949469, 36.20000000000000284, -3.508209678034449830 ) ) ;
#1591 = ORIENTED_EDGE ( 'NONE', *, *, #2495, .F. ) ;
#1592 = CARTESIAN_POINT ( 'NONE',  ( -3.909836722877435555, 27.36534015417103660, 4.811912932110697483 ) ) ;
#1593 = ORIENTED_EDGE ( 'NONE', *, *, #1209, .F. ) ;
#1594 = DIRECTION ( 'NONE',  ( -0.06767889178183972287, -0.9954090291002811730, 0.06767889178183807142 ) ) ;
#1595 = DIRECTION ( 'NONE',  ( -0.000000000000000000, -1.000000000000000000, -0.000000000000000000 ) ) ;
#1596 = CARTESIAN_POINT ( 'NONE',  ( 3.302468359869754178, 36.20000000000000284, 3.761544694715746928 ) ) ;
#1597 = CARTESIAN_POINT ( 'NONE',  ( 0.8396535887815227417, 36.20000000000000284, -4.678004094797886481 ) ) ;
#1598 = EDGE_CURVE ( 'NONE', #2262, #1924, #940, .T. ) ;
#1599 = CARTESIAN_POINT ( 'NONE',  ( -4.069127194217909249, 36.20000000000000284, 3.150992617227672543 ) ) ;
#1600 = ORIENTED_EDGE ( 'NONE', *, *, #470, .F. ) ;
#1601 = DIRECTION ( 'NONE',  ( 0.000000000000000000, 1.000000000000000000, 0.000000000000000000 ) ) ;
#1602 = CARTESIAN_POINT ( 'NONE',  ( 4.382978747425705812, 35.73885485821556784, -3.144584363418542861 ) ) ;
#1603 = VERTEX_POINT ( 'NONE', #1510 ) ;
#1604 = EDGE_CURVE ( 'NONE', #621, #1019, #1891, .T. ) ;
#1605 = TOROIDAL_SURFACE ( 'NONE', #372, 0.9999999999999997780, 0.5000000000000000000 ) ;
#1606 = CARTESIAN_POINT ( 'NONE',  ( 0.000000000000000000, 35.70000000000000284, 0.000000000000000000 ) ) ;
#1607 = DIRECTION ( 'NONE',  ( 0.000000000000000000, 0.000000000000000000, 1.000000000000000000 ) ) ;
#1608 = CARTESIAN_POINT ( 'NONE',  ( 5.038486898352753762, 35.74785620332212943, 0.3154314918917232591 ) ) ;
#1609 = AXIS2_PLACEMENT_3D ( 'NONE', #18, #1391, #1800 ) ;
#1610 = CARTESIAN_POINT ( 'NONE',  ( 2.804549441785440855, 36.19999999999999574, 4.158879789674332805 ) ) ;
#1611 = CARTESIAN_POINT ( 'NONE',  ( 4.318445430364502791, 36.20000000000000284, 2.650120673675097294 ) ) ;
#1612 = DIRECTION ( 'NONE',  ( -0.000000000000000000, -1.000000000000000000, -0.000000000000000000 ) ) ;
#1613 = CARTESIAN_POINT ( 'NONE',  ( -4.318445430364560522, 36.20000000000000284, 2.650120673675007144 ) ) ;
#1614 = TOROIDAL_SURFACE ( 'NONE', #421, 0.9999999999999997780, 0.5000000000000000000 ) ;
#1615 = VERTEX_POINT ( 'NONE', #2109 ) ;
#1616 = VECTOR ( 'NONE', #2502, 1000.000000000000227 ) ;
#1617 = CARTESIAN_POINT ( 'NONE',  ( -5.322201235360187077, 35.74485703477443366, 0.8757062175543205429 ) ) ;
#1618 = ORIENTED_EDGE ( 'NONE', *, *, #1134, .F. ) ;
#1619 = ADVANCED_FACE ( 'NONE', ( #1522 ), #1620, .T. ) ;
#1620 = CONICAL_SURFACE ( 'NONE', #632, 5.575000000000000178, 0.9978301839061879397 ) ;
#1621 = CARTESIAN_POINT ( 'NONE',  ( 4.927520347313112836, 36.20000000000000284, 1.179683748676520372 ) ) ;
#1622 = CARTESIAN_POINT ( 'NONE',  ( 0.000000000000000000, 30.20000000000000284, -3.000000000000000444 ) ) ;
#1623 = CYLINDRICAL_SURFACE ( 'NONE', #2362, 3.575000000000000178 ) ;
#1624 = ORIENTED_EDGE ( 'NONE', *, *, #1520, .T. ) ;
#1625 = CARTESIAN_POINT ( 'NONE',  ( -2.909811987513275522, 36.15561510594510963, -4.231290173657969333 ) ) ;
#1626 = ORIENTED_EDGE ( 'NONE', *, *, #1011, .T. ) ;
#1627 = CARTESIAN_POINT ( 'NONE',  ( 0.000000000000000000, 13.60000000000000320, 0.000000000000000000 ) ) ;
#1628 =( BOUNDED_CURVE ( )  B_SPLINE_CURVE ( 3, ( #1050, #1268, #1421, #278 ),
 .UNSPECIFIED., .F., .F. ) 
 B_SPLINE_CURVE_WITH_KNOTS ( ( 4, 4 ),
 ( 2.518210232572590357, 3.764975074606996319 ),
 .UNSPECIFIED. ) 
 CURVE ( )  GEOMETRIC_REPRESENTATION_ITEM ( )  RATIONAL_B_SPLINE_CURVE ( ( 1.000000000000000000, 0.8746056661178445157, 0.8746056661178445157, 1.000000000000000000 ) ) 
 REPRESENTATION_ITEM ( '' )  );
#1629 = CARTESIAN_POINT ( 'NONE',  ( -2.700840008817090521, 36.20000000000000284, -4.083385295012662120 ) ) ;
#1630 = ORIENTED_EDGE ( 'NONE', *, *, #2293, .F. ) ;
#1631 = EDGE_CURVE ( 'NONE', #2177, #89, #1214, .T. ) ;
#1632 = CARTESIAN_POINT ( 'NONE',  ( -6.100131925573418989, 27.73292483621466431, -0.8860220918101020526 ) ) ;
#1633 = CARTESIAN_POINT ( 'NONE',  ( -4.995011533287574856, 36.20000000000000284, -0.3246159894518151900 ) ) ;
#1634 = CARTESIAN_POINT ( 'NONE',  ( 2.265596578422605566E-16, 0.000000000000000000, -1.700000000000003508 ) ) ;
#1635 = DIRECTION ( 'NONE',  ( -0.000000000000000000, -1.000000000000000000, -0.000000000000000000 ) ) ;
#1636 = CARTESIAN_POINT ( 'NONE',  ( -1.179683748676500832, 36.20000000000000284, -4.927520347313115501 ) ) ;
#1637 = CARTESIAN_POINT ( 'NONE',  ( -3.143881213173443268, 35.74785620332212233, -4.382417989080918730 ) ) ;
#1638 = B_SPLINE_CURVE_WITH_KNOTS ( 'NONE', 3,
 ( #303, #706, #1081, #1284, #888, #2061, #1297 ),
 .UNSPECIFIED., .F., .F.,
 ( 4, 3, 4 ),
 ( 0.0005280937956277198357, 0.003000000005309308611, 0.008571680231918569343 ),
 .UNSPECIFIED. ) ;
#1639 = ORIENTED_EDGE ( 'NONE', *, *, #1085, .T. ) ;
#1640 = EDGE_LOOP ( 'NONE', ( #156, #350 ) ) ;
#1641 = PERSON_AND_ORGANIZATION_ROLE ( 'classification_officer' ) ;
#1642 = CARTESIAN_POINT ( 'NONE',  ( 0.000000000000000000, 0.000000000000000000, 0.000000000000000000 ) ) ;
#1643 = EDGE_CURVE ( 'NONE', #882, #1521, #698, .T. ) ;
#1644 = CARTESIAN_POINT ( 'NONE',  ( -2.700840008817146920, 36.20000000000000284, 4.083385295012624816 ) ) ;
#1645 = CARTESIAN_POINT ( 'NONE',  ( -4.939956880105524029, 27.73292483621466431, -3.686932421305511465 ) ) ;
#1646 = VECTOR ( 'NONE', #1136, 1000.000000000000000 ) ;
#1647 = DIRECTION ( 'NONE',  ( 0.000000000000000000, 0.000000000000000000, -1.000000000000000000 ) ) ;
#1648 = ADVANCED_FACE ( 'NONE', ( #1667 ), #922, .F. ) ;
#1649 = B_SPLINE_CURVE_WITH_KNOTS ( 'NONE', 3,
 ( #1493, #332, #1298, #1929, #319, #1124, #1905, #614, #1365, #972, #2535, #1750, #1584, #1983, #1997, #994, #1211, #211 ),
 .UNSPECIFIED., .F., .F.,
 ( 4, 2, 2, 2, 2, 2, 2, 2, 4 ),
 ( -0.001112577971934676198, -0.0008344746783522558574, -0.0005563713847698356250, -0.0002782680911874153926, -1.647976049950518329E-07, 0.0002779384959774252890, 0.0005560417895598458466, 0.0008341450831422664042, 0.001112248376724686962 ),
 .UNSPECIFIED. ) ;
#1650 = CIRCLE ( 'NONE', #162, 0.7886920815068590995 ) ;
#1651 = CARTESIAN_POINT ( 'NONE',  ( -2.714123671374818247, 36.20000000000000284, 3.901573164324930065 ) ) ;
#1652 = ORIENTED_EDGE ( 'NONE', *, *, #193, .T. ) ;
#1653 = ADVANCED_FACE ( 'NONE', ( #104 ), #2500, .T. ) ;
#1654 = B_SPLINE_CURVE_WITH_KNOTS ( 'NONE', 3,
 ( #406, #367, #1964, #571, #2338, #1758, #758 ),
 .UNSPECIFIED., .F., .F.,
 ( 4, 3, 4 ),
 ( 0.0005280937956277302441, 0.003000000005309309044, 0.008571680231918581486 ),
 .UNSPECIFIED. ) ;
#1655 = ORIENTED_EDGE ( 'NONE', *, *, #967, .T. ) ;
#1656 = TOROIDAL_SURFACE ( 'NONE', #209, 0.9999999999999997780, 0.5000000000000000000 ) ;
#1657 = CIRCLE ( 'NONE', #1989, 2.000000000000000000 ) ;
#1658 = PERSON_AND_ORGANIZATION_ROLE ( 'creator' ) ;
#1659 = CARTESIAN_POINT ( 'NONE',  ( -5.300591571925087564, 36.20000000000000284, -0.9059217567368915702 ) ) ;
#1660 = CIRCLE ( 'NONE', #387, 1.499999999999999778 ) ;
#1661 = CARTESIAN_POINT ( 'NONE',  ( 4.083385295012671889, 36.20000000000000284, -2.700840008817076754 ) ) ;
#1662 = CARTESIAN_POINT ( 'NONE',  ( -0.8860220918101670007, 27.73292483621466431, 6.100131925573409220 ) ) ;
#1663 = CARTESIAN_POINT ( 'NONE',  ( 3.144584363418586381, 35.73885485821559627, -4.382978747425672061 ) ) ;
#1664 = CARTESIAN_POINT ( 'NONE',  ( 0.8808280738885033712, 32.04181550095518816, 5.682009653325272858 ) ) ;
#1665 = EDGE_CURVE ( 'NONE', #2095, #782, #504, .T. ) ;
#1666 = ORIENTED_EDGE ( 'NONE', *, *, #243, .F. ) ;
#1667 = FACE_OUTER_BOUND ( 'NONE', #1954, .T. ) ;
#1668 = EDGE_LOOP ( 'NONE', ( #557, #2521, #2110, #1600 ) ) ;
#1669 = CALENDAR_DATE ( 2026, 3, 7 ) ;
#1670 = CARTESIAN_POINT ( 'NONE',  ( -2.892918286449418730, 36.20000000000000284, 3.396616719982293642 ) ) ;
#1671 = CARTESIAN_POINT ( 'NONE',  ( -3.074269562693358715, 35.99423123528535484, 4.339543549418012347 ) ) ;
#1672 = DIRECTION ( 'NONE',  ( 0.000000000000000000, 0.09571240664425774425, -0.9954090291002811730 ) ) ;
#1673 = CARTESIAN_POINT ( 'NONE',  ( -4.558940869423031117, 33.21426811240093002, 3.315544805779671034 ) ) ;
#1674 = ORIENTED_EDGE ( 'NONE', *, *, #1122, .T. ) ;
#1675 = ADVANCED_FACE ( 'NONE', ( #1187 ), #397, .T. ) ;
#1676 = DIRECTION ( 'NONE',  ( 1.172138924355798865E-17, -0.9954090291002810620, 0.09571240664425757771 ) ) ;
#1677 = ORIENTED_EDGE ( 'NONE', *, *, #1350, .T. ) ;
#1678 = CALENDAR_DATE ( 2026, 3, 7 ) ;
#1679 = DIRECTION ( 'NONE',  ( -1.000000000000000000, 0.000000000000000000, 0.000000000000000000 ) ) ;
#1680 = VERTEX_POINT ( 'NONE', #1561 ) ;
#1681 = EDGE_CURVE ( 'NONE', #1876, #2177, #2163, .T. ) ;
#1682 = CARTESIAN_POINT ( 'NONE',  ( -0.8757777529930719229, 35.74785620332212233, -5.321897203152966327 ) ) ;
#1683 = CARTESIAN_POINT ( 'NONE',  ( 7.249174752183624324E-16, 21.20000000000000284, -5.669600159872127065 ) ) ;
#1684 = CARTESIAN_POINT ( 'NONE',  ( 3.439296019809261473, 31.38716634262295102, 4.686171592415361076 ) ) ;
#1685 = CARTESIAN_POINT ( 'NONE',  ( -4.382417989080951592, 35.74785620332212233, 3.143881213173396638 ) ) ;
#1686 = CARTESIAN_POINT ( 'NONE',  ( 4.939956880105496495, 27.73292483621466076, 3.686932421305546548 ) ) ;
#1687 = VERTEX_POINT ( 'NONE', #2173 ) ;
#1688 = CIRCLE ( 'NONE', #1275, 5.575000000000000178 ) ;
#1689 = CARTESIAN_POINT ( 'NONE',  ( 0.000000000000000000, 20.46000000000000085, 0.000000000000000000 ) ) ;
#1690 = ORIENTED_EDGE ( 'NONE', *, *, #1335, .T. ) ;
#1691 = DIRECTION ( 'NONE',  ( 0.000000000000000000, -1.000000000000000000, 0.000000000000000000 ) ) ;
#1692 = EDGE_CURVE ( 'NONE', #1029, #920, #313, .T. ) ;
#1693 = AXIS2_PLACEMENT_3D ( 'NONE', #1366, #1148, #1736 ) ;
#1694 = ORIENTED_EDGE ( 'NONE', *, *, #720, .F. ) ;
#1695 = AXIS2_PLACEMENT_3D ( 'NONE', #548, #1167, #980 ) ;
#1696 = CARTESIAN_POINT ( 'NONE',  ( -3.144584363418616579, 35.73885485821559627, 4.382978747425649857 ) ) ;
#1697 = CARTESIAN_POINT ( 'NONE',  ( 4.797171717435386284, 36.20000000000000284, -0.9776071471663755341 ) ) ;
#1698 = CIRCLE ( 'NONE', #966, 5.393475365065178551 ) ;
#1699 = CARTESIAN_POINT ( 'NONE',  ( 3.144381164857903865, 35.74185609686031739, 4.382769363038091726 ) ) ;
#1700 = AXIS2_PLACEMENT_3D ( 'NONE', #2370, #1594, #2546 ) ;
#1701 = DIRECTION ( 'NONE',  ( 0.000000000000000000, 1.000000000000000000, 0.000000000000000000 ) ) ;
#1702 = CARTESIAN_POINT ( 'NONE',  ( -4.939956880105574655, 27.73292483621466431, 3.686932421305442187 ) ) ;
#1703 = ORIENTED_EDGE ( 'NONE', *, *, #2481, .F. ) ;
#1704 = LINE ( 'NONE', #116, #466 ) ;
#1705 = ORIENTED_EDGE ( 'NONE', *, *, #1146, .F. ) ;
#1706 = DIRECTION ( 'NONE',  ( 0.000000000000000000, 0.000000000000000000, 1.000000000000000000 ) ) ;
#1707 = ORIENTED_EDGE ( 'NONE', *, *, #1422, .T. ) ;
#1708 = EDGE_CURVE ( 'NONE', #1277, #936, #1263, .T. ) ;
#1709 = CARTESIAN_POINT ( 'NONE',  ( 0.000000000000000000, 34.25000000000000000, 0.000000000000000000 ) ) ;
#1710 = CARTESIAN_POINT ( 'NONE',  ( 0.000000000000000000, 16.20000000000000284, -6.349999999999998757 ) ) ;
#1711 = CARTESIAN_POINT ( 'NONE',  ( 0.000000000000000000, 34.25000000000000000, 0.000000000000000000 ) ) ;
#1712 = CARTESIAN_POINT ( 'NONE',  ( -4.441688628140722628, 34.89732906525181022, 3.201559782603171200 ) ) ;
#1713 = DIRECTION ( 'NONE',  ( 0.000000000000000000, 0.000000000000000000, -1.000000000000000000 ) ) ;
#1714 = ORIENTED_EDGE ( 'NONE', *, *, #2518, .F. ) ;
#1715 = CARTESIAN_POINT ( 'NONE',  ( 0.8860220918101228138, 27.73292483621466431, -6.100131925573414549 ) ) ;
#1716 = EDGE_LOOP ( 'NONE', ( #2287, #562 ) ) ;
#1717 = DIRECTION ( 'NONE',  ( 0.000000000000000000, 0.000000000000000000, -1.000000000000000000 ) ) ;
#1718 = DIRECTION ( 'NONE',  ( 0.9954090291002811730, -0.09571240664425774425, 0.000000000000000000 ) ) ;
#1719 = VERTEX_POINT ( 'NONE', #2132 ) ;
#1720 = CARTESIAN_POINT ( 'NONE',  ( 2.700840008817062543, 36.20000000000000284, 4.083385295012680771 ) ) ;
#1721 = CARTESIAN_POINT ( 'NONE',  ( -4.257344779072964158, 27.26660549139023004, -4.520503038172913435 ) ) ;
#1722 = CARTESIAN_POINT ( 'NONE',  ( 0.000000000000000000, 0.000000000000000000, -5.575000000000000178 ) ) ;
#1723 =( BOUNDED_SURFACE ( )  B_SPLINE_SURFACE ( 3, 2, ( 
 ( #1776, #2191, #603 ),
 ( #224, #841, #1791 ),
 ( #1802, #20, #641 ),
 ( #212, #32, #1608 ),
 ( #1419, #2204, #45 ),
 ( #1621, #1430, #2214 ) ),
 .UNSPECIFIED., .F., .F., .F. ) 
 B_SPLINE_SURFACE_WITH_KNOTS ( ( 4, 2, 4 ),
 ( 3, 3 ),
 ( 2.510729643520383636, 3.141592653589793116, 3.772455663659202152 ),
 ( 0.000000000000000000, 1.000000000000000000 ),
 .UNSPECIFIED. ) 
 GEOMETRIC_REPRESENTATION_ITEM ( )  RATIONAL_B_SPLINE_SURFACE ( (
 ( 1.000000000000000000, 0.7339242347988189641, 1.000000000000000000),
 ( 1.000000000000000000, 0.7379907051409162477, 1.000000000000000000),
 ( 1.000000000000000000, 0.7401730901094208948, 1.000000000000000000),
 ( 1.000000000000000000, 0.7401730901094208948, 1.000000000000000000),
 ( 1.000000000000000000, 0.7379907051409162477, 1.000000000000000000),
 ( 1.000000000000000000, 0.7339242347988189641, 1.000000000000000000) ) ) 
 REPRESENTATION_ITEM ( '' )  SURFACE ( )  );
#1724 = FACE_OUTER_BOUND ( 'NONE', #1274, .T. ) ;
#1725 = CARTESIAN_POINT ( 'NONE',  ( -4.812024772826246632, 27.36533943239885502, 3.909713502161063836 ) ) ;
#1726 = ADVANCED_FACE ( 'NONE', ( #351, #1549 ), #218, .F. ) ;
#1727 = ORIENTED_EDGE ( 'NONE', *, *, #231, .T. ) ;
#1728 = AXIS2_PLACEMENT_3D ( 'NONE', #2486, #903, #1868 ) ;
#1729 = CARTESIAN_POINT ( 'NONE',  ( 3.142851540447529679, 35.73864478242503395, -4.394095107964588465 ) ) ;
#1730 = EDGE_CURVE ( 'NONE', #2200, #1876, #2529, .T. ) ;
#1731 = ORIENTED_EDGE ( 'NONE', *, *, #1399, .F. ) ;
#1732 = CARTESIAN_POINT ( 'NONE',  ( 4.860716367141270311, 27.41215118439585652, 3.841274703852739947 ) ) ;
#1733 = VERTEX_POINT ( 'NONE', #25 ) ;
#1734 = LINE ( 'NONE', #1123, #1816 ) ;
#1735 = CARTESIAN_POINT ( 'NONE',  ( -0.9776071471663584367, 36.20000000000000284, -4.797171717435389837 ) ) ;
#1736 = DIRECTION ( 'NONE',  ( 0.000000000000000000, 0.000000000000000000, -1.000000000000000000 ) ) ;
#1737 = CIRCLE ( 'NONE', #626, 1.500000000000000000 ) ;
#1738 = CARTESIAN_POINT ( 'NONE',  ( 6.020583308932531352, 28.55304410414921179, -0.8850824867232325310 ) ) ;
#1739 = AXIS2_PLACEMENT_3D ( 'NONE', #199, #427, #789 ) ;
#1740 = B_SPLINE_CURVE_WITH_KNOTS ( 'NONE', 3,
 ( #680, #1467, #2015, #240, #1034, #866 ),
 .UNSPECIFIED., .F., .F.,
 ( 4, 2, 4 ),
 ( -5.527337459318833407E-06, 0.0003793000264230797112, 0.0007641273903054783372 ),
 .UNSPECIFIED. ) ;
#1741 = VERTEX_POINT ( 'NONE', #1990 ) ;
#1742 = AXIS2_PLACEMENT_3D ( 'NONE', #1689, #1500, #2284 ) ;
#1743 = EDGE_CURVE ( 'NONE', #1029, #2147, #1482, .T. ) ;
#1744 = CARTESIAN_POINT ( 'NONE',  ( 3.901573164325085052, 36.20000000000000284, -2.714123671375451519 ) ) ;
#1745 = VERTEX_POINT ( 'NONE', #2043 ) ;
#1746 = CC_DESIGN_PERSON_AND_ORGANIZATION_ASSIGNMENT ( #1861, #1641, ( #2429 ) ) ;
#1747 = CARTESIAN_POINT ( 'NONE',  ( 0.000000000000000000, 0.000000000000000000, 0.000000000000000000 ) ) ;
#1748 = ORIENTED_EDGE ( 'NONE', *, *, #773, .T. ) ;
#1749 = DIRECTION ( 'NONE',  ( 0.000000000000000000, 0.000000000000000000, -1.000000000000000000 ) ) ;
#1750 = CARTESIAN_POINT ( 'NONE',  ( 6.196732583910243619, 27.28621823196979435, 0.3701659544923574519 ) ) ;
#1751 = LINE ( 'NONE', #2536, #207 ) ;
#1752 = FACE_OUTER_BOUND ( 'NONE', #588, .T. ) ;
#1753 = CARTESIAN_POINT ( 'NONE',  ( 3.269737675643847652, 33.89034295923231355, -4.511942011531149710 ) ) ;
#1754 = ORIENTED_EDGE ( 'NONE', *, *, #2331, .F. ) ;
#1755 = CARTESIAN_POINT ( 'NONE',  ( 4.069127194217975863, 36.20000000000000284, -3.150992617228022041 ) ) ;
#1756 = ORIENTED_EDGE ( 'NONE', *, *, #852, .T. ) ;
#1757 = EDGE_CURVE ( 'NONE', #2474, #137, #807, .T. ) ;
#1758 = CARTESIAN_POINT ( 'NONE',  ( -0.8783711095252543233, 33.89034295923229223, -5.502478475823051163 ) ) ;
#1759 = VERTEX_POINT ( 'NONE', #1796 ) ;
#1760 = DIRECTION ( 'NONE',  ( 0.000000000000000000, 0.000000000000000000, 1.000000000000000000 ) ) ;
#1761 = FACE_OUTER_BOUND ( 'NONE', #572, .T. ) ;
#1762 = EDGE_CURVE ( 'NONE', #936, #1390, #347, .T. ) ;
#1763 = CARTESIAN_POINT ( 'NONE',  ( 4.382978747425660515, 35.73885485821559627, 3.144584363418601480 ) ) ;
#1764 = CARTESIAN_POINT ( 'NONE',  ( 5.941012550181992147, 29.37316118810634435, -0.8841102007045691380 ) ) ;
#1765 = CARTESIAN_POINT ( 'NONE',  ( 0.000000000000000000, 0.000000000000000000, 0.000000000000000000 ) ) ;
#1766 = ORIENTED_EDGE ( 'NONE', *, *, #2124, .T. ) ;
#1767 = CARTESIAN_POINT ( 'NONE',  ( 3.302468359869735082, 36.20000000000000284, -3.761544694715583059 ) ) ;
#1768 = ORIENTED_EDGE ( 'NONE', *, *, #1442, .T. ) ;
#1769 = CARTESIAN_POINT ( 'NONE',  ( -5.568102219292172528, 33.21426811240092292, -0.8792137883028123824 ) ) ;
#1770 = AXIS2_PLACEMENT_3D ( 'NONE', #449, #9, #1406 ) ;
#1771 = ORIENTED_EDGE ( 'NONE', *, *, #2389, .F. ) ;
#1772 = APPROVAL_PERSON_ORGANIZATION ( #2247, #59, #1092 ) ;
#1773 = ADVANCED_FACE ( 'NONE', ( #2004 ), #1545, .T. ) ;
#1774 = CARTESIAN_POINT ( 'NONE',  ( 4.231308394174805976, 36.15559694196618779, 2.909839104631990914 ) ) ;
#1775 = DIRECTION ( 'NONE',  ( 0.000000000000000000, 0.000000000000000000, -1.000000000000000000 ) ) ;
#1776 = CARTESIAN_POINT ( 'NONE',  ( 4.927520347313111948, 36.20000000000000284, -1.179683748676519484 ) ) ;
#1777 = CIRCLE ( 'NONE', #170, 3.575000000000000178 ) ;
#1778 = APPROVAL ( #897, 'UNSPECIFIED' ) ;
#1779 = CARTESIAN_POINT ( 'NONE',  ( 0.000000000000000000, 0.000000000000000000, 0.000000000000000000 ) ) ;
#1780 = CARTESIAN_POINT ( 'NONE',  ( 3.150992617227663661, 36.20000000000000284, 4.069127194217958987 ) ) ;
#1781 = ORIENTED_EDGE ( 'NONE', *, *, #66, .T. ) ;
#1782 = CARTESIAN_POINT ( 'NONE',  ( -5.049521763310099054, 36.15561510594510963, 0.9344261866130036953 ) ) ;
#1783 = EDGE_LOOP ( 'NONE', ( #17, #705 ) ) ;
#1784 = AXIS2_PLACEMENT_3D ( 'NONE', #2217, #2421, #1237 ) ;
#1785 = CARTESIAN_POINT ( 'NONE',  ( -3.731832010393199006, 27.54858534291021144, 4.928794677134479052 ) ) ;
#1786 = CIRCLE ( 'NONE', #759, 5.393475365065178551 ) ;
#1787 = ORIENTED_EDGE ( 'NONE', *, *, #1692, .T. ) ;
#1788 = CARTESIAN_POINT ( 'NONE',  ( -6.206870581942696141, 27.26661389279361103, -0.1862181349512351536 ) ) ;
#1789 = DIRECTION ( 'NONE',  ( -0.000000000000000000, -1.000000000000000000, -0.000000000000000000 ) ) ;
#1790 = AXIS2_PLACEMENT_3D ( 'NONE', #2208, #229, #2030 ) ;
#1791 = CARTESIAN_POINT ( 'NONE',  ( 5.141715083133799880, 35.74458789742278952, -0.6297369773370187218 ) ) ;
#1792 = ADVANCED_FACE ( 'NONE', ( #1053 ), #2508, .T. ) ;
#1793 = CARTESIAN_POINT ( 'NONE',  ( 5.322790921487674964, 35.73885485821556784, -0.8756770667147741882 ) ) ;
#1794 = CARTESIAN_POINT ( 'NONE',  ( 4.081032889251989815, 35.74458789742279663, 3.190450315174168328 ) ) ;
#1795 = EDGE_LOOP ( 'NONE', ( #105, #1186 ) ) ;
#1796 = CARTESIAN_POINT ( 'NONE',  ( 0.000000000000000000, 0.2999999999999973244, -2.000000000000000000 ) ) ;
#1797 = VERTEX_POINT ( 'NONE', #2183 ) ;
#1798 = CARTESIAN_POINT ( 'NONE',  ( 0.000000000000000000, 36.20000000000000284, 0.000000000000000000 ) ) ;
#1799 = ORIENTED_EDGE ( 'NONE', *, *, #1225, .F. ) ;
#1800 = DIRECTION ( 'NONE',  ( 0.000000000000000000, -0.000000000000000000, 1.000000000000000000 ) ) ;
#1801 = CARTESIAN_POINT ( 'NONE',  ( 0.000000000000000000, 22.80000000000000426, -4.775000000000000355 ) ) ;
#1802 = CARTESIAN_POINT ( 'NONE',  ( 4.540782383802614675, 36.20000000000000284, -0.4205753225223035630 ) ) ;
#1803 = CARTESIAN_POINT ( 'NONE',  ( 1.965691919696797927E-14, 45.26842905789119698, -5.629965418483690698 ) ) ;
#1804 = CARTESIAN_POINT ( 'NONE',  ( 3.901573164325090826, 36.20000000000000284, 2.714123671375322289 ) ) ;
#1805 = ORIENTED_EDGE ( 'NONE', *, *, #1305, .T. ) ;
#1806 = CARTESIAN_POINT ( 'NONE',  ( 0.000000000000000000, 16.20000000000000284, 0.000000000000000000 ) ) ;
#1807 = EDGE_CURVE ( 'NONE', #920, #1523, #684, .T. ) ;
#1808 = ORIENTED_EDGE ( 'NONE', *, *, #1886, .T. ) ;
#1809 = CARTESIAN_POINT ( 'NONE',  ( 3.686932421305459506, 27.73292483621466431, 4.939956880105562220 ) ) ;
#1810 =( BOUNDED_CURVE ( )  B_SPLINE_CURVE ( 3, ( #695, #1098, #2472, #2291 ),
 .UNSPECIFIED., .F., .T. ) 
 B_SPLINE_CURVE_WITH_KNOTS ( ( 4, 4 ),
 ( 2.630874857590355997, 3.652310449589230679 ),
 .UNSPECIFIED. ) 
 CURVE ( )  GEOMETRIC_REPRESENTATION_ITEM ( )  RATIONAL_B_SPLINE_CURVE ( ( 1.000000000000000000, 0.9149292474456449664, 0.9149292474456449664, 1.000000000000000000 ) ) 
 REPRESENTATION_ITEM ( '' )  );
#1811 = CARTESIAN_POINT ( 'NONE',  ( 2.131653006007723351E-14, 27.26320489190302965, -6.209307221932397702 ) ) ;
#1812 = ORIENTED_EDGE ( 'NONE', *, *, #12, .F. ) ;
#1813 = VECTOR ( 'NONE', #458, 1000.000000000000114 ) ;
#1814 = CARTESIAN_POINT ( 'NONE',  ( 4.558940869423008024, 33.21426811240092292, -3.315544805779703896 ) ) ;
#1815 = ORIENTED_EDGE ( 'NONE', *, *, #196, .T. ) ;
#1816 = VECTOR ( 'NONE', #1542, 1000.000000000000114 ) ;
#1817 = CARTESIAN_POINT ( 'NONE',  ( 5.322499181287167147, 35.74185609686031739, -0.8756726926745551642 ) ) ;
#1818 = CARTESIAN_POINT ( 'NONE',  ( -4.946509153555576077, 27.63850751064204658, -3.693331714621773010 ) ) ;
#1819 = CARTESIAN_POINT ( 'NONE',  ( -0.6492191854317321820, 36.20000000000000284, -5.105395679652316332 ) ) ;
#1820 = CARTESIAN_POINT ( 'NONE',  ( -2.803515821200172287, 36.20000000000000995, -4.158127373413825545 ) ) ;
#1821 = VERTEX_POINT ( 'NONE', #1218 ) ;
#1822 = EDGE_CURVE ( 'NONE', #1470, #1951, #1402, .T. ) ;
#1823 = AXIS2_PLACEMENT_3D ( 'NONE', #821, #1601, #1041 ) ;
#1824 = FACE_OUTER_BOUND ( 'NONE', #2131, .T. ) ;
#1825 = CARTESIAN_POINT ( 'NONE',  ( 4.797171717435385396, 36.20000000000000284, 0.9776071471663753121 ) ) ;
#1826 = AXIS2_PLACEMENT_3D ( 'NONE', #999, #34, #805 ) ;
#1827 = EDGE_LOOP ( 'NONE', ( #1427, #896, #1781, #2544 ) ) ;
#1828 = CIRCLE ( 'NONE', #1993, 5.393475365065178551 ) ;
#1829 = CARTESIAN_POINT ( 'NONE',  ( -5.308898677262546606, 35.87608199352013827, -0.8788361633550096919 ) ) ;
#1830 = DIRECTION ( 'NONE',  ( 0.000000000000000000, 0.000000000000000000, 1.000000000000000000 ) ) ;
#1831 = CARTESIAN_POINT ( 'NONE',  ( -4.928794677134516355, 27.54858534291021499, -3.731832010393149268 ) ) ;
#1832 = FACE_OUTER_BOUND ( 'NONE', #476, .T. ) ;
#1833 = CARTESIAN_POINT ( 'NONE',  ( -3.339704505828413605, 35.74785620332212943, 3.785791999661207718 ) ) ;
#1834 = ORIENTED_EDGE ( 'NONE', *, *, #1852, .T. ) ;
#1835 = CARTESIAN_POINT ( 'NONE',  ( 0.8756770667147191212, 35.73885485821556784, 5.322790921487684734 ) ) ;
#1836 = EDGE_CURVE ( 'NONE', #1523, #1745, #29, .T. ) ;
#1837 = VERTEX_POINT ( 'NONE', #2219 ) ;
#1838 = APPROVAL_DATE_TIME ( #1078, #1778 ) ;
#1839 = DIRECTION ( 'NONE',  ( 0.9976965925094418708, 0.06783442558943679479, 0.000000000000000000 ) ) ;
#1840 = EDGE_CURVE ( 'NONE', #1291, #1888, #488, .T. ) ;
#1841 = CARTESIAN_POINT ( 'NONE',  ( 4.382978747425660515, 35.73885485821559627, 3.144584363418601480 ) ) ;
#1842 = CARTESIAN_POINT ( 'NONE',  ( 0.000000000000000000, 36.20000000000000284, 0.000000000000000000 ) ) ;
#1843 = EDGE_CURVE ( 'NONE', #545, #492, #2347, .T. ) ;
#1844 = DIRECTION ( 'NONE',  ( 0.000000000000000000, 0.000000000000000000, 1.000000000000000000 ) ) ;
#1845 = CARTESIAN_POINT ( 'NONE',  ( -0.8757062175543022242, 35.74485703477443366, -5.322201235360190630 ) ) ;
#1846 = ORIENTED_EDGE ( 'NONE', *, *, #470, .T. ) ;
#1847 = CARTESIAN_POINT ( 'NONE',  ( 0.8756726926745728168, 35.74185609686031739, -5.322499181287164483 ) ) ;
#1848 = ORIENTED_EDGE ( 'NONE', *, *, #2331, .T. ) ;
#1849 = COORDINATED_UNIVERSAL_TIME_OFFSET ( 3, 0, .BEHIND. ) ;
#1850 = CARTESIAN_POINT ( 'NONE',  ( 4.441688628140701312, 34.89732906525181022, -3.201559782603202287 ) ) ;
#1851 = CONICAL_SURFACE ( 'NONE', #744, 2.000000000000005329, 0.7853981633974456145 ) ;
#1852 = EDGE_CURVE ( 'NONE', #2246, #1797, #1271, .T. ) ;
#1853 = CARTESIAN_POINT ( 'NONE',  ( 0.1862181349512570250, 27.26661389279361458, -6.206870581942697029 ) ) ;
#1854 = FACE_OUTER_BOUND ( 'NONE', #2352, .T. ) ;
#1855 = AXIS2_PLACEMENT_3D ( 'NONE', #761, #784, #971 ) ;
#1856 = DIRECTION ( 'NONE',  ( 0.09571240664425757771, -0.9954090291002811730, -0.000000000000000000 ) ) ;
#1857 = CARTESIAN_POINT ( 'NONE',  ( 3.132528071446152751, 35.87607265627848108, -4.375389777807744629 ) ) ;
#1858 = VERTEX_POINT ( 'NONE', #710 ) ;
#1859 = CARTESIAN_POINT ( 'NONE',  ( -5.322790921487675853, 35.73885485821556784, -0.8756770667147745213 ) ) ;
#1860 = VERTEX_POINT ( 'NONE', #2243 ) ;
#1861 = PERSON_AND_ORGANIZATION ( #2253, #2554 ) ;
#1862 = CARTESIAN_POINT ( 'NONE',  ( -6.209307221932398591, 27.26320489190304031, 0.09338476730224164191 ) ) ;
#1863 = VECTOR ( 'NONE', #1182, 1000.000000000000000 ) ;
#1864 = CARTESIAN_POINT ( 'NONE',  ( 4.939956880105496495, 27.73292483621466076, 3.686932421305546548 ) ) ;
#1865 = CARTESIAN_POINT ( 'NONE',  ( 0.000000000000000000, 35.74785620332212233, 0.000000000000000000 ) ) ;
#1866 = EDGE_CURVE ( 'NONE', #396, #1156, #2185, .T. ) ;
#1867 = CARTESIAN_POINT ( 'NONE',  ( 3.722120605919045477, 35.75128683324494716, 3.250138609924635880 ) ) ;
#1868 = DIRECTION ( 'NONE',  ( 0.9954090291002811730, 0.09571240664425774425, 0.000000000000000000 ) ) ;
#1869 = DIRECTION ( 'NONE',  ( 0.000000000000000000, 0.000000000000000000, -1.000000000000000000 ) ) ;
#1870 = EDGE_LOOP ( 'NONE', ( #221, #1188, #2074, #2462 ) ) ;
#1871 = CARTESIAN_POINT ( 'NONE',  ( 3.722120605919092551, 35.75128683324494716, -3.250138609924582589 ) ) ;
#1872 = ADVANCED_FACE ( 'NONE', ( #1468 ), #1894, .F. ) ;
#1873 = VERTEX_POINT ( 'NONE', #1685 ) ;
#1874 = COORDINATED_UNIVERSAL_TIME_OFFSET ( 3, 0, .BEHIND. ) ;
#1875 = CARTESIAN_POINT ( 'NONE',  ( 0.000000000000000000, 0.000000000000000000, -3.250000000000000444 ) ) ;
#1876 = VERTEX_POINT ( 'NONE', #2105 ) ;
#1877 = CARTESIAN_POINT ( 'NONE',  ( 4.826090579582439588, 29.37316118810634791, 3.575769943113711768 ) ) ;
#1878 = CARTESIAN_POINT ( 'NONE',  ( -4.375389265984972909, 35.87608199352013827, 3.132527244664290667 ) ) ;
#1879 = DIRECTION ( 'NONE',  ( -0.000000000000000000, -1.000000000000000000, -0.000000000000000000 ) ) ;
#1880 = DIRECTION ( 'NONE',  ( -0.000000000000000000, -1.000000000000000000, -0.000000000000000000 ) ) ;
#1881 = CARTESIAN_POINT ( 'NONE',  ( -0.8396535887816060084, 36.20000000000000284, 4.678004094797812762 ) ) ;
#1882 = VERTEX_POINT ( 'NONE', #307 ) ;
#1883 = EDGE_CURVE ( 'NONE', #2474, #1077, #952, .T. ) ;
#1884 = CARTESIAN_POINT ( 'NONE',  ( 3.686932421305459506, 27.73292483621466431, 4.939956880105562220 ) ) ;
#1885 = EDGE_LOOP ( 'NONE', ( #861, #2314, #1727, #200 ) ) ;
#1886 = EDGE_CURVE ( 'NONE', #2309, #51, #2346, .T. ) ;
#1887 = CARTESIAN_POINT ( 'NONE',  ( -4.939956880105524029, 27.73292483621466431, -3.686932421305511465 ) ) ;
#1888 = VERTEX_POINT ( 'NONE', #321 ) ;
#1889 = CARTESIAN_POINT ( 'NONE',  ( 0.8756770667147191212, 35.73885485821556784, 5.322790921487684734 ) ) ;
#1890 = DIRECTION ( 'NONE',  ( 0.000000000000000000, 1.000000000000000000, 0.000000000000000000 ) ) ;
#1891 =( BOUNDED_CURVE ( )  B_SPLINE_CURVE ( 3, ( #1333, #1090, #1871, #1317 ),
 .UNSPECIFIED., .F., .F. ) 
 B_SPLINE_CURVE_WITH_KNOTS ( ( 4, 4 ),
 ( 2.518210232572591245, 3.764975074606995875 ),
 .UNSPECIFIED. ) 
 CURVE ( )  GEOMETRIC_REPRESENTATION_ITEM ( )  RATIONAL_B_SPLINE_CURVE ( ( 1.000000000000000000, 0.8746056661178448488, 0.8746056661178448488, 1.000000000000000000 ) ) 
 REPRESENTATION_ITEM ( '' )  );
#1892 = CARTESIAN_POINT ( 'NONE',  ( -4.083385295012653238, 36.20000000000000284, -2.700840008817105176 ) ) ;
#1893 = MANIFOLD_SOLID_BREP ( 'Chanfro1', #2353 ) ;
#1894 = CYLINDRICAL_SURFACE ( 'NONE', #1728, 1.499999999999999778 ) ;
#1895 = DIRECTION ( 'NONE',  ( -0.000000000000000000, -1.000000000000000000, -0.000000000000000000 ) ) ;
#1896 = ORIENTED_EDGE ( 'NONE', *, *, #1598, .T. ) ;
#1897 = CC_DESIGN_SECURITY_CLASSIFICATION ( #2429, ( #997 ) ) ;
#1898 = DIRECTION ( 'NONE',  ( -0.09571240664425756384, -0.9954090291002810620, -0.000000000000000000 ) ) ;
#1899 = ORIENTED_EDGE ( 'NONE', *, *, #2047, .T. ) ;
#1900 = EDGE_CURVE ( 'NONE', #728, #2275, #2436, .T. ) ;
#1901 = DIRECTION ( 'NONE',  ( -0.000000000000000000, -1.000000000000000000, -0.000000000000000000 ) ) ;
#1902 = ORIENTED_EDGE ( 'NONE', *, *, #1269, .T. ) ;
#1903 = AXIS2_PLACEMENT_3D ( 'NONE', #737, #1895, #2106 ) ;
#1904 = LINE ( 'NONE', #2534, #2470 ) ;
#1905 = CARTESIAN_POINT ( 'NONE',  ( 6.196687902623160937, 27.28631093204087321, -0.3707954759254952770 ) ) ;
#1906 = LINE ( 'NONE', #785, #836 ) ;
#1907 = AXIS2_PLACEMENT_3D ( 'NONE', #602, #1789, #2179 ) ;
#1908 =( BOUNDED_CURVE ( )  B_SPLINE_CURVE ( 3, ( #2545, #552, #1339, #2126 ),
 .UNSPECIFIED., .F., .F. ) 
 B_SPLINE_CURVE_WITH_KNOTS ( ( 4, 4 ),
 ( 3.141592653589803330, 3.764975074606995875 ),
 .UNSPECIFIED. ) 
 CURVE ( )  GEOMETRIC_REPRESENTATION_ITEM ( )  RATIONAL_B_SPLINE_CURVE ( ( 1.000000000000000000, 0.9678775265542578499, 0.9678775265542578499, 1.000000000000000000 ) ) 
 REPRESENTATION_ITEM ( '' )  );
#1909 = CARTESIAN_POINT ( 'NONE',  ( 2.804549441785363584, 36.19999999999999574, -4.158879789674480243 ) ) ;
#1910 = ORIENTED_EDGE ( 'NONE', *, *, #1496, .F. ) ;
#1911 = DIRECTION ( 'NONE',  ( -0.000000000000000000, -1.000000000000000000, -0.000000000000000000 ) ) ;
#1912 = EDGE_LOOP ( 'NONE', ( #283, #832, #188, #648, #658, #234 ) ) ;
#1913 = CARTESIAN_POINT ( 'NONE',  ( -6.196696324845146542, 27.28629310299665889, 0.3706869574388312327 ) ) ;
#1914 = EDGE_LOOP ( 'NONE', ( #260, #2272, #1163, #719 ) ) ;
#1915 = EDGE_CURVE ( 'NONE', #2539, #926, #779, .T. ) ;
#1916 = CARTESIAN_POINT ( 'NONE',  ( 0.000000000000000000, 0.000000000000000000, -3.575000000000000178 ) ) ;
#1917 = CARTESIAN_POINT ( 'NONE',  ( 5.321897203152962774, 35.74785620332212233, 0.8757777529930896865 ) ) ;
#1918 = DIRECTION ( 'NONE',  ( -0.06767889178183879306, -0.9954090291002811730, -0.06767889178183901511 ) ) ;
#1919 = EDGE_CURVE ( 'NONE', #2209, #2539, #1810, .T. ) ;
#1920 = CARTESIAN_POINT ( 'NONE',  ( 5.568102219292172528, 33.21426811240092292, 0.8792137883028123824 ) ) ;
#1921 = CARTESIAN_POINT ( 'NONE',  ( 0.9059217567368339497, 36.20000000000000284, 5.300591571925095558 ) ) ;
#1922 = ORIENTED_EDGE ( 'NONE', *, *, #1350, .F. ) ;
#1923 = CARTESIAN_POINT ( 'NONE',  ( 0.000000000000000000, 30.20000000000000284, 0.000000000000000000 ) ) ;
#1924 = VERTEX_POINT ( 'NONE', #100 ) ;
#1925 = CARTESIAN_POINT ( 'NONE',  ( 4.928794677134491486, 27.54858534291021144, 3.731832010393183463 ) ) ;
#1926 = CARTESIAN_POINT ( 'NONE',  ( -0.3706869574388116373, 27.28629310299665889, -6.196696324845147430 ) ) ;
#1927 = ORIENTED_EDGE ( 'NONE', *, *, #1931, .T. ) ;
#1928 = DIRECTION ( 'NONE',  ( -0.000000000000000000, -1.000000000000000000, -0.000000000000000000 ) ) ;
#1929 = CARTESIAN_POINT ( 'NONE',  ( 6.153236896124647082, 27.41215118439585652, -0.7208541131354687659 ) ) ;
#1930 = CARTESIAN_POINT ( 'NONE',  ( 4.324500987357377646, 27.26320954431408339, -4.456781333201709216 ) ) ;
#1931 = EDGE_CURVE ( 'NONE', #1357, #296, #2103, .T. ) ;
#1932 = CARTESIAN_POINT ( 'NONE',  ( 5.682009653325264864, 32.04181550095518105, -0.8808280738885591044 ) ) ;
#1933 = FACE_OUTER_BOUND ( 'NONE', #1533, .T. ) ;
#1934 = ORIENTED_EDGE ( 'NONE', *, *, #803, .T. ) ;
#1935 = AXIS2_PLACEMENT_3D ( 'NONE', #2066, #1701, #1111 ) ;
#1936 = CARTESIAN_POINT ( 'NONE',  ( -4.922625111112703067, 36.20000000000000995, 0.9578550144436659419 ) ) ;
#1937 = EDGE_LOOP ( 'NONE', ( #717, #181 ) ) ;
#1938 = AXIS2_PLACEMENT_3D ( 'NONE', #2355, #590, #650 ) ;
#1939 = CARTESIAN_POINT ( 'NONE',  ( -5.745573248915702536, 31.38716634262295102, -0.8816741726855824579 ) ) ;
#1940 = ORIENTED_EDGE ( 'NONE', *, *, #168, .F. ) ;
#1941 = DIRECTION ( 'NONE',  ( -0.000000000000000000, -1.000000000000000000, -0.000000000000000000 ) ) ;
#1942 = CARTESIAN_POINT ( 'NONE',  ( -7.651510687984896386E-14, 27.84877104863626940, 7.304932534758199481 ) ) ;
#1943 = CARTESIAN_POINT ( 'NONE',  ( 5.322790921487675853, 35.73885485821556784, 0.8756770667147742992 ) ) ;
#1944 = CARTESIAN_POINT ( 'NONE',  ( -0.3561685780241750088, 36.19999999999999574, -4.447372853558037242 ) ) ;
#1945 = CARTESIAN_POINT ( 'NONE',  ( -5.322499181287168035, 35.74185609686031739, -0.8756726926745543871 ) ) ;
#1946 = EDGE_CURVE ( 'NONE', #1560, #746, #1117, .T. ) ;
#1947 = AXIS2_PLACEMENT_3D ( 'NONE', #1311, #553, #1109 ) ;
#1948 = ORIENTED_EDGE ( 'NONE', *, *, #115, .F. ) ;
#1949 = AXIS2_PLACEMENT_3D ( 'NONE', #1923, #949, #1177 ) ;
#1950 = CARTESIAN_POINT ( 'NONE',  ( -3.150992617228069559, 36.19999999999999574, -4.069127194217849741 ) ) ;
#1951 = VERTEX_POINT ( 'NONE', #579 ) ;
#1952 = ADVANCED_FACE ( 'NONE', ( #1161 ), #2526, .F. ) ;
#1953 = CARTESIAN_POINT ( 'NONE',  ( 4.158879789674424288, 36.19999999999999574, -2.804549441785380903 ) ) ;
#1954 = EDGE_LOOP ( 'NONE', ( #2541, #777, #992 ) ) ;
#1955 = CARTESIAN_POINT ( 'NONE',  ( 0.000000000000000000, 13.60000000000000320, -3.575000000000001066 ) ) ;
#1956 = CYLINDRICAL_SURFACE ( 'NONE', #1907, 3.250000000000000444 ) ;
#1957 = DIRECTION ( 'NONE',  ( 0.000000000000000000, 1.000000000000000000, 0.000000000000000000 ) ) ;
#1958 = CARTESIAN_POINT ( 'NONE',  ( 4.382417989080929388, 35.74785620332212233, -3.143881213173427280 ) ) ;
#1959 = CARTESIAN_POINT ( 'NONE',  ( 0.000000000000000000, 35.74785620332212233, 0.000000000000000000 ) ) ;
#1960 = VERTEX_POINT ( 'NONE', #1572 ) ;
#1961 = CARTESIAN_POINT ( 'NONE',  ( 3.107500827395428544, 36.20000000000000284, -4.388667662221556576 ) ) ;
#1962 = EDGE_LOOP ( 'NONE', ( #1322, #2056, #2437, #455 ) ) ;
#1963 = ADVANCED_FACE ( 'NONE', ( #1724 ), #1173, .T. ) ;
#1964 = CARTESIAN_POINT ( 'NONE',  ( -0.8841102007045482658, 29.37316118810634791, -5.941012550181994811 ) ) ;
#1965 = CARTESIAN_POINT ( 'NONE',  ( -0.4635404981431028304, 27.30297748243048872, -6.188767863323334062 ) ) ;
#1966 = ORIENTED_EDGE ( 'NONE', *, *, #1743, .T. ) ;
#1967 = DIRECTION ( 'NONE',  ( 0.000000000000000000, 0.000000000000000000, -1.000000000000000000 ) ) ;
#1968 = FACE_OUTER_BOUND ( 'NONE', #2211, .T. ) ;
#1969 = DIRECTION ( 'NONE',  ( -0.000000000000000000, -1.000000000000000000, -0.000000000000000000 ) ) ;
#1970 = DIRECTION ( 'NONE',  ( 0.000000000000000000, 0.000000000000000000, -1.000000000000000000 ) ) ;
#1971 = CARTESIAN_POINT ( 'NONE',  ( -1.179683748676566779, 36.20000000000000284, 4.927520347313096849 ) ) ;
#1972 = ORIENTED_EDGE ( 'NONE', *, *, #2376, .T. ) ;
#1973 = CARTESIAN_POINT ( 'NONE',  ( -3.144584363418557960, 35.73885485821556784, -4.382978747425694266 ) ) ;
#1974 = VERTEX_POINT ( 'NONE', #1184 ) ;
#1975 =( BOUNDED_CURVE ( )  B_SPLINE_CURVE ( 3, ( #423, #1569, #2356, #762 ),
 .UNSPECIFIED., .F., .T. ) 
 B_SPLINE_CURVE_WITH_KNOTS ( ( 4, 4 ),
 ( 2.630874857590355997, 3.652310449589230235 ),
 .UNSPECIFIED. ) 
 CURVE ( )  GEOMETRIC_REPRESENTATION_ITEM ( )  RATIONAL_B_SPLINE_CURVE ( ( 1.000000000000000000, 0.9149292474456451885, 0.9149292474456451885, 1.000000000000000000 ) ) 
 REPRESENTATION_ITEM ( '' )  );
#1976 = CIRCLE ( 'NONE', #2225, 5.575000000000000178 ) ;
#1977 = FACE_OUTER_BOUND ( 'NONE', #2414, .T. ) ;
#1978 = AXIS2_PLACEMENT_3D ( 'NONE', #2304, #1328, #974 ) ;
#1979 = EDGE_CURVE ( 'NONE', #1882, #2229, #1976, .T. ) ;
#1980 = VERTEX_POINT ( 'NONE', #1958 ) ;
#1981 = LOCAL_TIME ( 16, 34, 38.00000000000000000, #2038 ) ;
#1982 =( NAMED_UNIT ( * ) SI_UNIT ( $, .STERADIAN. ) SOLID_ANGLE_UNIT ( ) );
#1983 = CARTESIAN_POINT ( 'NONE',  ( 6.167200277977795686, 27.36533943239885502, 0.6380304182283234038 ) ) ;
#1984 = DIRECTION ( 'NONE',  ( -1.000000000000000000, 9.979316395374266846E-16, -9.595496534013695745E-17 ) ) ;
#1985 = CARTESIAN_POINT ( 'NONE',  ( -0.8816741726856420769, 31.38716634262295102, 5.745573248915692766 ) ) ;
#1986 = CARTESIAN_POINT ( 'NONE',  ( 3.394948052527656301, 32.04181550095519526, -4.640627060739785925 ) ) ;
#1987 = TOROIDAL_SURFACE ( 'NONE', #1530, 4.895770850515039463, 0.5000000000000000000 ) ;
#1988 = DIRECTION ( 'NONE',  ( 0.000000000000000000, 0.000000000000000000, -1.000000000000000000 ) ) ;
#1989 = AXIS2_PLACEMENT_3D ( 'NONE', #575, #2152, #1775 ) ;
#1990 = CARTESIAN_POINT ( 'NONE',  ( -4.382417989080908072, 35.74785620332212233, -3.143881213173458367 ) ) ;
#1991 = B_SPLINE_CURVE_WITH_KNOTS ( 'NONE', 3,
 ( #2527, #764, #142, #933, #362, #2292, #2473, #753, #1498, #1547 ),
 .UNSPECIFIED., .F., .F.,
 ( 4, 2, 2, 2, 4 ),
 ( -0.001112577971934676849, -0.0008344334789510076365, -0.0005562889859673385328, -0.0002781444929836692122, 2.168404344971008868E-19 ),
 .UNSPECIFIED. ) ;
#1992 = ORIENTED_EDGE ( 'NONE', *, *, #1571, .F. ) ;
#1993 = AXIS2_PLACEMENT_3D ( 'NONE', #518, #1307, #1706 ) ;
#1994 = CARTESIAN_POINT ( 'NONE',  ( -4.447372853558036354, 36.19999999999999574, -0.3561685780241910515 ) ) ;
#1995 = ORIENTED_EDGE ( 'NONE', *, *, #1461, .F. ) ;
#1996 = CARTESIAN_POINT ( 'NONE',  ( -3.980986725255624581, 45.26842905789119698, 3.980986725255528214 ) ) ;
#1997 = CARTESIAN_POINT ( 'NONE',  ( 6.153283370001866537, 27.41190509780382101, 0.7206889694820134418 ) ) ;
#1998 = DIRECTION ( 'NONE',  ( 0.000000000000000000, 0.000000000000000000, 1.000000000000000000 ) ) ;
#1999 = ADVANCED_FACE ( 'NONE', ( #2155 ), #540, .F. ) ;
#2000 = DIRECTION ( 'NONE',  ( -1.000000000000000000, 0.000000000000000000, 0.000000000000000000 ) ) ;
#2001 = DIRECTION ( 'NONE',  ( -0.000000000000000000, -1.000000000000000000, -0.000000000000000000 ) ) ;
#2002 = CARTESIAN_POINT ( 'NONE',  ( 0.3154314918917420774, 35.74785620332212943, -5.038486898352753762 ) ) ;
#2003 = ADVANCED_FACE ( 'NONE', ( #1369, #985 ), #2510, .T. ) ;
#2004 = FACE_OUTER_BOUND ( 'NONE', #1308, .T. ) ;
#2005 = ORIENTED_EDGE ( 'NONE', *, *, #1556, .T. ) ;
#2006 = CARTESIAN_POINT ( 'NONE',  ( 3.731431837010416253, 27.54914389154632559, 4.929034413910897250 ) ) ;
#2007 = CARTESIAN_POINT ( 'NONE',  ( 0.000000000000000000, 21.20000000000000284, 0.000000000000000000 ) ) ;
#2008 = ORIENTED_EDGE ( 'NONE', *, *, #944, .T. ) ;
#2009 = DIRECTION ( 'NONE',  ( -0.000000000000000000, -1.000000000000000000, -0.000000000000000000 ) ) ;
#2010 = CARTESIAN_POINT ( 'NONE',  ( -5.321897203152962774, 35.74785620332212233, -0.8757777529930896865 ) ) ;
#2011 = ORIENTED_EDGE ( 'NONE', *, *, #704, .T. ) ;
#2012 = CARTESIAN_POINT ( 'NONE',  ( 0.000000000000000000, 25.30000000000000426, 5.575000000000000178 ) ) ;
#2013 = B_SPLINE_CURVE_WITH_KNOTS ( 'NONE', 3,
 ( #1233, #1055, #233, #1835 ),
 .UNSPECIFIED., .F., .F.,
 ( 4, 4 ),
 ( 0.000000000000000000, 9.046164044265450285E-06 ),
 .UNSPECIFIED. ) ;
#2014 = FACE_OUTER_BOUND ( 'NONE', #685, .T. ) ;
#2015 = CARTESIAN_POINT ( 'NONE',  ( 5.049553821859630531, 36.15559694196618779, -0.9344198957655376336 ) ) ;
#2016 = EDGE_CURVE ( 'NONE', #1837, #1191, #2551, .T. ) ;
#2017 = ADVANCED_FACE ( 'NONE', ( #1752 ), #1479, .T. ) ;
#2018 = ORIENTED_EDGE ( 'NONE', *, *, #2111, .F. ) ;
#2019 = DIRECTION ( 'NONE',  ( -0.000000000000000000, -1.000000000000000000, -0.000000000000000000 ) ) ;
#2020 = ORIENTED_EDGE ( 'NONE', *, *, #1431, .T. ) ;
#2021 = AXIS2_PLACEMENT_3D ( 'NONE', #814, #1595, #2384 ) ;
#2022 = CARTESIAN_POINT ( 'NONE',  ( -6.188872055578800158, 27.30269219125776559, -0.4626302013409111513 ) ) ;
#2023 = FACE_OUTER_BOUND ( 'NONE', #2159, .T. ) ;
#2024 = DIRECTION ( 'NONE',  ( 0.000000000000000000, 1.000000000000000000, 0.000000000000000000 ) ) ;
#2025 = VECTOR ( 'NONE', #536, 1000.000000000000000 ) ;
#2026 = DIRECTION ( 'NONE',  ( -0.09571240664425757771, -0.9954090291002811730, 0.000000000000000000 ) ) ;
#2027 = DIRECTION ( 'NONE',  ( -0.09571240664425757771, -0.9954090291002810620, -0.000000000000000000 ) ) ;
#2028 = CARTESIAN_POINT ( 'NONE',  ( 0.000000000000000000, 35.70000000000000284, 0.000000000000000000 ) ) ;
#2029 = EDGE_CURVE ( 'NONE', #273, #206, #1514, .T. ) ;
#2030 = DIRECTION ( 'NONE',  ( 0.000000000000000000, 0.000000000000000000, 1.000000000000000000 ) ) ;
#2031 = ORIENTED_EDGE ( 'NONE', *, *, #656, .T. ) ;
#2032 = CIRCLE ( 'NONE', #1903, 4.775000000000000355 ) ;
#2033 = ADVANCED_FACE ( 'NONE', ( #2141 ), #1531, .T. ) ;
#2034 = VECTOR ( 'NONE', #1370, 1000.000000000000000 ) ;
#2035 = EDGE_LOOP ( 'NONE', ( #119, #1471, #1483, #569 ) ) ;
#2036 = EDGE_CURVE ( 'NONE', #1615, #1141, #642, .T. ) ;
#2037 = AXIS2_PLACEMENT_3D ( 'NONE', #715, #1911, #310 ) ;
#2038 = COORDINATED_UNIVERSAL_TIME_OFFSET ( 3, 0, .BEHIND. ) ;
#2039 = CARTESIAN_POINT ( 'NONE',  ( 5.165367331437783704, 27.84877104863627650, -5.165367331437730414 ) ) ;
#2040 = CARTESIAN_POINT ( 'NONE',  ( 0.9776071471663252410, 36.20000000000000284, 4.797171717435396943 ) ) ;
#2041 = CARTESIAN_POINT ( 'NONE',  ( -0.6380916242236701619, 27.36537137503548678, 6.167190619095597626 ) ) ;
#2042 = CARTESIAN_POINT ( 'NONE',  ( 0.4205753225223151648, 36.20000000000000284, -4.540782383802614675 ) ) ;
#2043 = CARTESIAN_POINT ( 'NONE',  ( -4.083385295012653238, 36.20000000000000284, -2.700840008817105176 ) ) ;
#2044 = EDGE_LOOP ( 'NONE', ( #598, #316, #468, #2244 ) ) ;
#2045 = CARTESIAN_POINT ( 'NONE',  ( 0.8757777529931097815, 35.74785620332212233, -5.321897203152960110 ) ) ;
#2046 = EDGE_LOOP ( 'NONE', ( #559, #2411, #1113 ) ) ;
#2047 = EDGE_CURVE ( 'NONE', #1061, #1680, #2166, .T. ) ;
#2048 = DIRECTION ( 'NONE',  ( 0.000000000000000000, 0.000000000000000000, 1.000000000000000000 ) ) ;
#2049 = CARTESIAN_POINT ( 'NONE',  ( 0.000000000000000000, 35.70000000000000284, 0.000000000000000000 ) ) ;
#2050 = CC_DESIGN_PERSON_AND_ORGANIZATION_ASSIGNMENT ( #106, #1294, ( #997 ) ) ;
#2051 = LINE ( 'NONE', #1916, #1646 ) ;
#2052 = DIRECTION ( 'NONE',  ( -0.000000000000000000, -1.000000000000000000, -0.000000000000000000 ) ) ;
#2053 = DIRECTION ( 'NONE',  ( 0.000000000000000000, 0.000000000000000000, -1.000000000000000000 ) ) ;
#2054 = CARTESIAN_POINT ( 'NONE',  ( 5.165367331437712650, 27.84877104863627295, 5.165367331437802356 ) ) ;
#2055 = ORIENTED_EDGE ( 'NONE', *, *, #102, .T. ) ;
#2056 = ORIENTED_EDGE ( 'NONE', *, *, #551, .T. ) ;
#2057 = EDGE_CURVE ( 'NONE', #1191, #1306, #2169, .T. ) ;
#2058 = DIRECTION ( 'NONE',  ( 1.000000000000000000, 0.000000000000000000, 0.000000000000000000 ) ) ;
#2059 = DIRECTION ( 'NONE',  ( 0.000000000000000000, 0.000000000000000000, 1.000000000000000000 ) ) ;
#2060 = AXIS2_PLACEMENT_3D ( 'NONE', #1779, #1546, #2119 ) ;
#2061 = CARTESIAN_POINT ( 'NONE',  ( -5.502478475823049386, 33.89034295923229934, 0.8783711095252704215 ) ) ;
#2062 = CARTESIAN_POINT ( 'NONE',  ( -0.4626302013409755443, 27.30269219125776914, 6.188872055578796605 ) ) ;
#2063 = TOROIDAL_SURFACE ( 'NONE', #747, 4.895770850515039463, 0.5000000000000000000 ) ;
#2064 = CARTESIAN_POINT ( 'NONE',  ( 3.144584363418527317, 35.73885485821556784, 4.382978747425716470 ) ) ;
#2065 = ADVANCED_FACE ( 'NONE', ( #2014 ), #1023, .F. ) ;
#2066 = CARTESIAN_POINT ( 'NONE',  ( 0.000000000000000000, 36.20000000000000284, 0.000000000000000000 ) ) ;
#2067 = CARTESIAN_POINT ( 'NONE',  ( 4.120004774696592875, 27.28621823196979435, 4.643498487868544800 ) ) ;
#2068 = VERTEX_POINT ( 'NONE', #1394 ) ;
#2069 = CARTESIAN_POINT ( 'NONE',  ( 4.382582389122507749, 35.74485703477443366, -3.144146779602703834 ) ) ;
#2070 = ORIENTED_EDGE ( 'NONE', *, *, #1057, .T. ) ;
#2071 = VECTOR ( 'NONE', #2027, 1000.000000000000227 ) ;
#2072 = PERSON_AND_ORGANIZATION_ROLE ( 'design_supplier' ) ;
#2073 = CARTESIAN_POINT ( 'NONE',  ( 0.000000000000000000, 35.74785620332212233, 0.000000000000000000 ) ) ;
#2074 = ORIENTED_EDGE ( 'NONE', *, *, #2115, .F. ) ;
#2075 = VECTOR ( 'NONE', #1676, 1000.000000000000227 ) ;
#2076 = CARTESIAN_POINT ( 'NONE',  ( -3.250138609924648758, 35.75128683324495427, 3.722120605919034375 ) ) ;
#2077 = CARTESIAN_POINT ( 'NONE',  ( -4.456781333201723427, 27.26320954431408339, -4.324500987357363435 ) ) ;
#2078 = DIRECTION ( 'NONE',  ( 0.000000000000000000, -0.9954090291002810620, -0.09571240664425757771 ) ) ;
#2079 = EDGE_CURVE ( 'NONE', #1960, #1446, #1118, .T. ) ;
#2080 = CARTESIAN_POINT ( 'NONE',  ( 0.8841102007045062994, 29.37316118810635146, 5.941012550182001029 ) ) ;
#2081 = CARTESIAN_POINT ( 'NONE',  ( 0.3154314918916740762, 35.74785620332212943, 5.038486898352758203 ) ) ;
#2082 = ORIENTED_EDGE ( 'NONE', *, *, #948, .T. ) ;
#2083 = B_SPLINE_CURVE_WITH_KNOTS ( 'NONE', 3,
 ( #2447, #683, #232, #1469, #39, #1028 ),
 .UNSPECIFIED., .F., .F.,
 ( 4, 2, 4 ),
 ( -5.527337459318145617E-06, 0.0003793000264230799823, 0.0007641273903054781203 ),
 .UNSPECIFIED. ) ;
#2084 = CARTESIAN_POINT ( 'NONE',  ( -5.421010862427522170E-17, 18.43075807640653707, 3.636307918493141056 ) ) ;
#2085 = VERTEX_POINT ( 'NONE', #630 ) ;
#2086 = SHAPE_DEFINITION_REPRESENTATION ( #477, #69 ) ;
#2087 = CARTESIAN_POINT ( 'NONE',  ( -6.123992392604016288, 27.54855853993737114, 0.8463675961348386956 ) ) ;
#2088 = VERTEX_POINT ( 'NONE', #827 ) ;
#2089 = CARTESIAN_POINT ( 'NONE',  ( 0.4626302013409335223, 27.30269219125776914, -6.188872055578797493 ) ) ;
#2090 = CARTESIAN_POINT ( 'NONE',  ( -3.269737675643876962, 33.89034295923231355, 4.511942011531129282 ) ) ;
#2091 = CYLINDRICAL_SURFACE ( 'NONE', #1043, 3.575000000000000178 ) ;
#2092 = CARTESIAN_POINT ( 'NONE',  ( -4.939956880105574655, 27.73292483621466431, 3.686932421305442187 ) ) ;
#2093 = CARTESIAN_POINT ( 'NONE',  ( 0.6297369773369690948, 35.74458789742284637, 5.141715083133804320 ) ) ;
#2094 = ADVANCED_FACE ( 'NONE', ( #265 ), #1605, .F. ) ;
#2095 = VERTEX_POINT ( 'NONE', #1622 ) ;
#2096 = CARTESIAN_POINT ( 'NONE',  ( 4.447372853558035466, 36.19999999999999574, 0.3561685780241899413 ) ) ;
#2097 = VERTEX_POINT ( 'NONE', #2420 ) ;
#2098 = CARTESIAN_POINT ( 'NONE',  ( 0.000000000000000000, 35.74785620332212233, 0.000000000000000000 ) ) ;
#2099 = ORIENTED_EDGE ( 'NONE', *, *, #2111, .T. ) ;
#2100 = DIRECTION ( 'NONE',  ( 0.000000000000000000, 1.000000000000000000, 0.000000000000000000 ) ) ;
#2101 = CARTESIAN_POINT ( 'NONE',  ( 5.322201235360187077, 35.74485703477443366, 0.8757062175543196547 ) ) ;
#2102 = CARTESIAN_POINT ( 'NONE',  ( 0.8847628115074056554, 35.73864478242503395, -5.329426084533421815 ) ) ;
#2103 = B_SPLINE_CURVE_WITH_KNOTS ( 'NONE', 3,
 ( #1497, #2281, #523, #1313, #141, #1459, #1260 ),
 .UNSPECIFIED., .F., .F.,
 ( 4, 3, 4 ),
 ( 0.0005280937956277197273, 0.003000000005309308611, 0.008571680231918600568 ),
 .UNSPECIFIED. ) ;
#2104 = AXIS2_PLACEMENT_3D ( 'NONE', #2372, #2000, #1830 ) ;
#2105 = CARTESIAN_POINT ( 'NONE',  ( -0.8756770667147555365, 35.73885485821556784, -5.322790921487677629 ) ) ;
#2106 = DIRECTION ( 'NONE',  ( 0.000000000000000000, 0.000000000000000000, -1.000000000000000000 ) ) ;
#2107 = ORIENTED_EDGE ( 'NONE', *, *, #12, .T. ) ;
#2108 = EDGE_CURVE ( 'NONE', #2088, #978, #526, .T. ) ;
#2109 = CARTESIAN_POINT ( 'NONE',  ( 0.9776071471663927426, 36.20000000000000284, -4.797171717435381844 ) ) ;
#2110 = ORIENTED_EDGE ( 'NONE', *, *, #2340, .T. ) ;
#2111 = EDGE_CURVE ( 'NONE', #1513, #2363, #1059, .T. ) ;
#2112 = CIRCLE ( 'NONE', #2354, 4.895770850515039463 ) ;
#2113 = FACE_OUTER_BOUND ( 'NONE', #1962, .T. ) ;
#2114 = ORIENTED_EDGE ( 'NONE', *, *, #741, .F. ) ;
#2115 = EDGE_CURVE ( 'NONE', #2328, #1262, #1428, .T. ) ;
#2116 = CARTESIAN_POINT ( 'NONE',  ( 0.000000000000000000, 33.25000000000000000, 0.000000000000000000 ) ) ;
#2117 = DIRECTION ( 'NONE',  ( 0.000000000000000000, 1.000000000000000000, 0.000000000000000000 ) ) ;
#2118 = AXIS2_PLACEMENT_3D ( 'NONE', #851, #270, #1064 ) ;
#2119 = DIRECTION ( 'NONE',  ( 0.000000000000000000, 0.000000000000000000, -1.000000000000000000 ) ) ;
#2120 = ORIENTED_EDGE ( 'NONE', *, *, #2531, .F. ) ;
#2121 = CARTESIAN_POINT ( 'NONE',  ( 0.8756770667147926179, 35.73885485821556784, -5.322790921487672300 ) ) ;
#2122 = ORIENTED_EDGE ( 'NONE', *, *, #659, .T. ) ;
#2123 = DIRECTION ( 'NONE',  ( -0.000000000000000000, -1.000000000000000000, -0.000000000000000000 ) ) ;
#2124 = EDGE_CURVE ( 'NONE', #1980, #431, #330, .T. ) ;
#2125 = ORIENTED_EDGE ( 'NONE', *, *, #3, .T. ) ;
#2126 = CARTESIAN_POINT ( 'NONE',  ( -0.8756770667148300324, 35.73885485821556784, 5.322790921487666971 ) ) ;
#2127 = CARTESIAN_POINT ( 'NONE',  ( -3.631347456173343868, 28.55304410414921179, 4.883043112716142886 ) ) ;
#2128 = CARTESIAN_POINT ( 'NONE',  ( 4.257069950853208162, 27.26662025165797232, -4.520762485004760300 ) ) ;
#2129 = CARTESIAN_POINT ( 'NONE',  ( 0.000000000000000000, 0.000000000000000000, 0.000000000000000000 ) ) ;
#2130 = CARTESIAN_POINT ( 'NONE',  ( -0.3246159894518673705, 36.20000000000000284, 4.995011533287574856 ) ) ;
#2131 = EDGE_LOOP ( 'NONE', ( #870, #404, #947, #1511 ) ) ;
#2132 = CARTESIAN_POINT ( 'NONE',  ( -5.322790921487674964, 35.73885485821556784, 0.8756770667147741882 ) ) ;
#2133 = ORIENTED_EDGE ( 'NONE', *, *, #734, .T. ) ;
#2134 = B_SPLINE_CURVE_WITH_KNOTS ( 'NONE', 3,
 ( #1864, #481, #1877, #1454, #2278, #2240, #1841 ),
 .UNSPECIFIED., .F., .F.,
 ( 4, 3, 4 ),
 ( 0.0005280937956277162578, 0.003000000005309308611, 0.008571680231918600568 ),
 .UNSPECIFIED. ) ;
#2135 = FACE_OUTER_BOUND ( 'NONE', #1885, .T. ) ;
#2136 = ORIENTED_EDGE ( 'NONE', *, *, #1463, .T. ) ;
#2137 = EDGE_CURVE ( 'NONE', #137, #2553, #618, .T. ) ;
#2138 = FACE_OUTER_BOUND ( 'NONE', #1870, .T. ) ;
#2139 = CARTESIAN_POINT ( 'NONE',  ( 0.9776071471663252410, 36.20000000000000284, 4.797171717435396943 ) ) ;
#2140 = DIRECTION ( 'NONE',  ( -0.000000000000000000, -1.000000000000000000, -0.000000000000000000 ) ) ;
#2141 = FACE_OUTER_BOUND ( 'NONE', #2162, .T. ) ;
#2142 = DIRECTION ( 'NONE',  ( 0.000000000000000000, 0.000000000000000000, -1.000000000000000000 ) ) ;
#2143 = ORIENTED_EDGE ( 'NONE', *, *, #1852, .F. ) ;
#2144 = ADVANCED_FACE ( 'NONE', ( #1215 ), #2205, .T. ) ;
#2145 = CONICAL_SURFACE ( 'NONE', #1319, 6.349999999999998757, 0.03997868712328998125 ) ;
#2146 = CARTESIAN_POINT ( 'NONE',  ( -3.190450315174131912, 35.74458789742279663, -4.081032889251985374 ) ) ;
#2147 = VERTEX_POINT ( 'NONE', #1012 ) ;
#2148 = CIRCLE ( 'NONE', #124, 1.700000000000003508 ) ;
#2149 = CARTESIAN_POINT ( 'NONE',  ( 7.776507174585689205E-16, 25.80000000000000426, -6.349999999999996092 ) ) ;
#2150 = ORIENTED_EDGE ( 'NONE', *, *, #1146, .T. ) ;
#2151 = DIRECTION ( 'NONE',  ( -0.000000000000000000, -1.000000000000000000, -0.000000000000000000 ) ) ;
#2152 = DIRECTION ( 'NONE',  ( -0.000000000000000000, -1.000000000000000000, -0.000000000000000000 ) ) ;
#2153 = CARTESIAN_POINT ( 'NONE',  ( 3.686932421305528784, 27.73292483621466431, -4.939956880105509818 ) ) ;
#2154 = VECTOR ( 'NONE', #637, 1000.000000000000000 ) ;
#2155 = FACE_OUTER_BOUND ( 'NONE', #1396, .T. ) ;
#2156 = CARTESIAN_POINT ( 'NONE',  ( -6.443177087643454395E-14, 27.26320489190302965, 6.209307221932397702 ) ) ;
#2157 = AXIS2_PLACEMENT_3D ( 'NONE', #61, #856, #2228 ) ;
#2158 = EDGE_CURVE ( 'NONE', #431, #1680, #317, .T. ) ;
#2159 = EDGE_LOOP ( 'NONE', ( #1486, #299 ) ) ;
#2160 = AXIS2_PLACEMENT_3D ( 'NONE', #19, #2524, #812 ) ;
#2161 = CARTESIAN_POINT ( 'NONE',  ( -3.302468359869710657, 36.20000000000000284, -3.761544694715606596 ) ) ;
#2162 = EDGE_LOOP ( 'NONE', ( #2405, #2550 ) ) ;
#2163 =( BOUNDED_CURVE ( )  B_SPLINE_CURVE ( 3, ( #2365, #597, #1385, #403 ),
 .UNSPECIFIED., .F., .T. ) 
 B_SPLINE_CURVE_WITH_KNOTS ( ( 4, 4 ),
 ( 2.518210232572591245, 3.764975074606995875 ),
 .UNSPECIFIED. ) 
 CURVE ( )  GEOMETRIC_REPRESENTATION_ITEM ( )  RATIONAL_B_SPLINE_CURVE ( ( 1.000000000000000000, 0.8746056661178448488, 0.8746056661178448488, 1.000000000000000000 ) ) 
 REPRESENTATION_ITEM ( '' )  );
#2164 = DIRECTION ( 'NONE',  ( 0.06767889178183925103, -0.9954090291002811730, -0.06767889178183854326 ) ) ;
#2165 = VERTEX_POINT ( 'NONE', #46 ) ;
#2166 = B_SPLINE_CURVE_WITH_KNOTS ( 'NONE', 3,
 ( #1381, #1738, #1764, #163, #1932, #1518, #176 ),
 .UNSPECIFIED., .F., .F.,
 ( 4, 3, 4 ),
 ( 0.0005280937956277266662, 0.003000000005309308611, 0.008571680231918579751 ),
 .UNSPECIFIED. ) ;
#2167 = DIRECTION ( 'NONE',  ( -0.000000000000000000, -1.000000000000000000, -0.000000000000000000 ) ) ;
#2168 = CARTESIAN_POINT ( 'NONE',  ( 4.939956880105548898, 27.73292483621466431, -3.686932421305476826 ) ) ;
#2169 = LINE ( 'NONE', #400, #1361 ) ;
#2170 = CARTESIAN_POINT ( 'NONE',  ( 2.913426352923997431, 36.20000000000000284, 3.508209678034492907 ) ) ;
#2171 = ORIENTED_EDGE ( 'NONE', *, *, #35, .F. ) ;
#2172 = ADVANCED_FACE ( 'NONE', ( #843 ), #2145, .T. ) ;
#2173 = CARTESIAN_POINT ( 'NONE',  ( 3.686932421305528784, 27.73292483621466431, -4.939956880105509818 ) ) ;
#2174 = EDGE_LOOP ( 'NONE', ( #2232, #676, #1107, #809, #1768, #77, #1437, #1063, #2498, #699, #2005, #1756, #1175, #534, #1230, #1624 ) ) ;
#2175 = CARTESIAN_POINT ( 'NONE',  ( -5.322790921487675853, 35.73885485821556784, -0.8756770667147745213 ) ) ;
#2176 =( BOUNDED_CURVE ( )  B_SPLINE_CURVE ( 3, ( #1696, #2076, #109, #2430 ),
 .UNSPECIFIED., .F., .F. ) 
 B_SPLINE_CURVE_WITH_KNOTS ( ( 4, 4 ),
 ( 2.518210232572591689, 3.764975074606996763 ),
 .UNSPECIFIED. ) 
 CURVE ( )  GEOMETRIC_REPRESENTATION_ITEM ( )  RATIONAL_B_SPLINE_CURVE ( ( 1.000000000000000000, 0.8746056661178447378, 0.8746056661178447378, 1.000000000000000000 ) ) 
 REPRESENTATION_ITEM ( '' )  );
#2177 = VERTEX_POINT ( 'NONE', #1198 ) ;
#2178 = CARTESIAN_POINT ( 'NONE',  ( -6.209307221932395926, 27.26320489190302609, -0.09335710256973184240 ) ) ;
#2179 = DIRECTION ( 'NONE',  ( 0.000000000000000000, 0.000000000000000000, -1.000000000000000000 ) ) ;
#2180 = CARTESIAN_POINT ( 'NONE',  ( -0.8860220918100815135, 27.73292483621466431, -6.100131925573422542 ) ) ;
#2181 = CARTESIAN_POINT ( 'NONE',  ( 3.575769943113694893, 29.37316118810635146, -4.826090579582452023 ) ) ;
#2182 = CARTESIAN_POINT ( 'NONE',  ( -4.382769363038102384, 35.74185609686031739, 3.144381164857888322 ) ) ;
#2183 = CARTESIAN_POINT ( 'NONE',  ( 2.449293598294709866E-16, 20.46000000000000085, 2.000000000000001776 ) ) ;
#2184 = VERTEX_POINT ( 'NONE', #1634 ) ;
#2185 = CIRCLE ( 'NONE', #2263, 3.575000000000000178 ) ;
#2186 = CARTESIAN_POINT ( 'NONE',  ( 4.456781333201693229, 27.26320954431408339, 4.324500987357394521 ) ) ;
#2187 = ORIENTED_EDGE ( 'NONE', *, *, #686, .T. ) ;
#2188 = DIRECTION ( 'NONE',  ( 0.9976965925094418708, -0.06783442558943680867, 0.000000000000000000 ) ) ;
#2189 = CARTESIAN_POINT ( 'NONE',  ( 2.449293598294706414E-16, 13.60000000000000320, 2.000000000000000000 ) ) ;
#2190 = ADVANCED_FACE ( 'NONE', ( #21 ), #1072, .T. ) ;
#2191 = CARTESIAN_POINT ( 'NONE',  ( 5.300591571925086676, 36.20000000000000284, -0.9059217567368902380 ) ) ;
#2192 = CIRCLE ( 'NONE', #130, 4.895770850515039463 ) ;
#2193 = CARTESIAN_POINT ( 'NONE',  ( -0.8860220918101670007, 27.73292483621466431, 6.100131925573409220 ) ) ;
#2194 = CARTESIAN_POINT ( 'NONE',  ( -0.9059217567369425295, 36.20000000000000284, 5.300591571925074241 ) ) ;
#2195 = ORIENTED_EDGE ( 'NONE', *, *, #773, .F. ) ;
#2196 = AXIS2_PLACEMENT_3D ( 'NONE', #177, #215, #2538 ) ;
#2197 = CARTESIAN_POINT ( 'NONE',  ( 0.000000000000000000, 20.70000000000000284, 0.000000000000000000 ) ) ;
#2198 = ORIENTED_EDGE ( 'NONE', *, *, #288, .T. ) ;
#2199 = AXIS2_PLACEMENT_3D ( 'NONE', #146, #2453, #1679 ) ;
#2200 = VERTEX_POINT ( 'NONE', #1682 ) ;
#2201 = ADVANCED_FACE ( 'NONE', ( #2443, #70 ), #1492, .T. ) ;
#2202 = FACE_OUTER_BOUND ( 'NONE', #2174, .T. ) ;
#2203 = DIRECTION ( 'NONE',  ( 0.000000000000000000, 1.000000000000000000, 0.000000000000000000 ) ) ;
#2204 = CARTESIAN_POINT ( 'NONE',  ( 5.105395679651937080, 36.20000000000000284, 0.6492191854320407129 ) ) ;
#2205 = CYLINDRICAL_SURFACE ( 'NONE', #121, 4.775000000000000355 ) ;
#2206 = DIRECTION ( 'NONE',  ( 0.000000000000000000, 0.000000000000000000, -1.000000000000000000 ) ) ;
#2207 = CARTESIAN_POINT ( 'NONE',  ( -0.8847628115073699062, 35.73864478242503395, -5.329426084533428920 ) ) ;
#2208 = CARTESIAN_POINT ( 'NONE',  ( 0.000000000000000000, 36.20000000000000284, 0.000000000000000000 ) ) ;
#2209 = VERTEX_POINT ( 'NONE', #1661 ) ;
#2210 = CARTESIAN_POINT ( 'NONE',  ( 3.693336831678648569, 27.63843201186334753, 4.946514392939808324 ) ) ;
#2211 = EDGE_LOOP ( 'NONE', ( #338, #28, #342, #2195, #965, #635, #2236 ) ) ;
#2212 = LINE ( 'NONE', #1403, #1037 ) ;
#2213 = CARTESIAN_POINT ( 'NONE',  ( -0.8946814250602469487, 35.99421414278277354, 5.242367592782904318 ) ) ;
#2214 = CARTESIAN_POINT ( 'NONE',  ( 5.329426084533427144, 35.73864478242503395, 0.8847628115073904453 ) ) ;
#2215 = EDGE_CURVE ( 'NONE', #11, #2424, #2467, .T. ) ;
#2216 = DIRECTION ( 'NONE',  ( 3.341780816941908018E-16, -0.9954090291002810620, -0.09571240664425756384 ) ) ;
#2217 = CARTESIAN_POINT ( 'NONE',  ( 0.000000000000000000, 0.000000000000000000, 0.000000000000000000 ) ) ;
#2218 = DIRECTION ( 'NONE',  ( -1.002534245082572603E-15, -0.9954090291002811730, 0.09571240664425757771 ) ) ;
#2219 = CARTESIAN_POINT ( 'NONE',  ( 0.000000000000000000, 13.60000000000000320, -2.000000000000000000 ) ) ;
#2220 = ORIENTED_EDGE ( 'NONE', *, *, #262, .F. ) ;
#2221 = EDGE_CURVE ( 'NONE', #2068, #89, #2499, .T. ) ;
#2222 = ORIENTED_EDGE ( 'NONE', *, *, #2389, .T. ) ;
#2223 = B_SPLINE_CURVE_WITH_KNOTS ( 'NONE', 3,
 ( #2392, #2178, #1788, #1046, #2022, #222, #1020, #1222, #824, #1632 ),
 .UNSPECIFIED., .F., .F.,
 ( 4, 2, 2, 2, 4 ),
 ( 9.757819552369539906E-19, 0.0002780620941811722284, 0.0005561241883623435894, 0.0008341862825435149504, 0.001112248376724686311 ),
 .UNSPECIFIED. ) ;
#2224 = B_SPLINE_CURVE_WITH_KNOTS ( 'NONE', 3,
 ( #1093, #301, #1079, #1280, #354, #1965, #1926, #953, #795, #1811 ),
 .UNSPECIFIED., .F., .F.,
 ( 4, 2, 2, 2, 4 ),
 ( -0.001112577971934680969, -0.0008344334789510106723, -0.0005562889859673403759, -0.0002781444929836700795, 2.168404344971008868E-19 ),
 .UNSPECIFIED. ) ;
#2225 = AXIS2_PLACEMENT_3D ( 'NONE', #775, #2548, #1970 ) ;
#2226 = APPLICATION_PROTOCOL_DEFINITION ( 'international standard', 'config_control_design', 1994, #1538 ) ;
#2227 = CARTESIAN_POINT ( 'NONE',  ( -0.8839287657737563420, 29.56005097731180342, 5.922907267361525285 ) ) ;
#2228 = DIRECTION ( 'NONE',  ( -1.222960025021340602E-18, -0.06783442558943676703, -0.9976965925094416487 ) ) ;
#2229 = VERTEX_POINT ( 'NONE', #1108 ) ;
#2230 = CARTESIAN_POINT ( 'NONE',  ( -3.074269562693300095, 35.99423123528535484, -4.339543549418054980 ) ) ;
#2231 = EDGE_CURVE ( 'NONE', #1040, #645, #577, .T. ) ;
#2232 = ORIENTED_EDGE ( 'NONE', *, *, #1836, .T. ) ;
#2233 = CIRCLE ( 'NONE', #2397, 1.700000000000003508 ) ;
#2234 = B_SPLINE_CURVE_WITH_KNOTS ( 'NONE', 3,
 ( #2403, #1617, #443, #27 ),
 .UNSPECIFIED., .F., .F.,
 ( 4, 4 ),
 ( 6.993734334224841359E-18, 9.046164044272343439E-06 ),
 .UNSPECIFIED. ) ;
#2235 = CARTESIAN_POINT ( 'NONE',  ( 0.8756770667147926179, 35.73885485821556784, -5.322790921487672300 ) ) ;
#2236 = ORIENTED_EDGE ( 'NONE', *, *, #624, .F. ) ;
#2237 = CALENDAR_DATE ( 2026, 3, 7 ) ;
#2238 = CARTESIAN_POINT ( 'NONE',  ( -4.995011533287574856, 36.20000000000000284, 0.3246159894518180766 ) ) ;
#2239 = AXIS2_PLACEMENT_3D ( 'NONE', #1410, #415, #1016 ) ;
#2240 = CARTESIAN_POINT ( 'NONE',  ( 4.511942011531137275, 33.89034295923231355, 3.269737675643863195 ) ) ;
#2241 = CARTESIAN_POINT ( 'NONE',  ( -0.1862181349512996853, 27.26661389279361813, 6.206870581942694365 ) ) ;
#2242 = CARTESIAN_POINT ( 'NONE',  ( -4.231290173657958675, 36.15561510594510963, -2.909811987513291065 ) ) ;
#2243 = CARTESIAN_POINT ( 'NONE',  ( 4.382417989080885867, 35.74785620332212233, 3.143881213173488121 ) ) ;
#2244 = ORIENTED_EDGE ( 'NONE', *, *, #1946, .T. ) ;
#2245 = EDGE_CURVE ( 'NONE', #746, #26, #2134, .T. ) ;
#2246 = VERTEX_POINT ( 'NONE', #691 ) ;
#2247 = PERSON_AND_ORGANIZATION ( #2253, #2554 ) ;
#2248 = CARTESIAN_POINT ( 'NONE',  ( -5.321897203152962774, 35.74785620332212233, -0.8757777529930896865 ) ) ;
#2249 = DIRECTION ( 'NONE',  ( 0.000000000000000000, -0.000000000000000000, 1.000000000000000000 ) ) ;
#2250 = CARTESIAN_POINT ( 'NONE',  ( -4.811912932110736563, 27.36534015417104371, -3.909836722877385373 ) ) ;
#2251 =( BOUNDED_SURFACE ( )  B_SPLINE_SURFACE ( 3, 2, ( 
 ( #1611, #594, #1024 ),
 ( #1804, #1573, #1794 ),
 ( #1356, #1382, #412 ),
 ( #2170, #1596, #401 ),
 ( #22, #1780, #986 ),
 ( #1185, #776, #2344 ) ),
 .UNSPECIFIED., .F., .F., .F. ) 
 B_SPLINE_SURFACE_WITH_KNOTS ( ( 4, 2, 4 ),
 ( 3, 3 ),
 ( 2.510729643520384524, 3.141592653589793560, 3.772455663659202596 ),
 ( 0.000000000000000000, 1.000000000000000000 ),
 .UNSPECIFIED. ) 
 GEOMETRIC_REPRESENTATION_ITEM ( )  RATIONAL_B_SPLINE_SURFACE ( (
 ( 1.000000000000000000, 0.7339242347988189641, 1.000000000000000000),
 ( 1.000000000000000000, 0.7379907051407752494, 1.000000000000000000),
 ( 1.000000000000000000, 0.7401730901096075232, 1.000000000000000000),
 ( 1.000000000000000000, 0.7401730901092340442, 1.000000000000000000),
 ( 1.000000000000000000, 0.7379907051410584673, 1.000000000000000000),
 ( 1.000000000000000000, 0.7339242347988189641, 1.000000000000000000) ) ) 
 REPRESENTATION_ITEM ( '' )  SURFACE ( )  );
#2252 = CARTESIAN_POINT ( 'NONE',  ( 0.8860220918101228138, 27.73292483621466431, -6.100131925573414549 ) ) ;
#2253 = PERSON ( 'UNSPECIFIED', 'UNSPECIFIED', 'UNSPECIFIED', ('UNSPECIFIED'), ('UNSPECIFIED'), ('UNSPECIFIED') ) ;
#2254 = B_SPLINE_CURVE_WITH_KNOTS ( 'NONE', 3,
 ( #2235, #1847, #1254, #2045 ),
 .UNSPECIFIED., .F., .F.,
 ( 4, 4 ),
 ( 0.000000000000000000, 9.046164044265355417E-06 ),
 .UNSPECIFIED. ) ;
#2255 = CARTESIAN_POINT ( 'NONE',  ( 3.143881213173473910, 35.74785620332212233, -4.382417989080896525 ) ) ;
#2256 = LINE ( 'NONE', #834, #2154 ) ;
#2257 = EDGE_LOOP ( 'NONE', ( #674, #1846, #1088 ) ) ;
#2258 = CARTESIAN_POINT ( 'NONE',  ( 0.000000000000000000, 21.20000000000000284, 0.000000000000000000 ) ) ;
#2259 = EDGE_LOOP ( 'NONE', ( #1575, #37 ) ) ;
#2260 = DIRECTION ( 'NONE',  ( 0.000000000000000000, -0.9992009587217894895, -0.03996803834887150547 ) ) ;
#2261 = EDGE_CURVE ( 'NONE', #169, #1719, #1638, .T. ) ;
#2262 = VERTEX_POINT ( 'NONE', #508 ) ;
#2263 = AXIS2_PLACEMENT_3D ( 'NONE', #1086, #126, #682 ) ;
#2264 = CARTESIAN_POINT ( 'NONE',  ( 5.321897203152962774, 35.74785620332212233, 0.8757777529930896865 ) ) ;
#2265 = EDGE_CURVE ( 'NONE', #1065, #1974, #2426, .T. ) ;
#2266 = DIRECTION ( 'NONE',  ( 0.000000000000000000, 0.000000000000000000, -1.000000000000000000 ) ) ;
#2267 = CARTESIAN_POINT ( 'NONE',  ( -3.396616719982324284, 36.19999999999999574, -2.892918286449384535 ) ) ;
#2268 = DIRECTION ( 'NONE',  ( -0.000000000000000000, -1.000000000000000000, -0.000000000000000000 ) ) ;
#2269 = EDGE_LOOP ( 'NONE', ( #1848, #1056 ) ) ;
#2270 = AXIS2_PLACEMENT_3D ( 'NONE', #1326, #1557, #958 ) ;
#2271 = CARTESIAN_POINT ( 'NONE',  ( 0.8839287657737132653, 29.56005097731180697, -5.922907267361530614 ) ) ;
#2272 = ORIENTED_EDGE ( 'NONE', *, *, #2432, .T. ) ;
#2273 = APPROVAL_ROLE ( '' ) ;
#2274 = CARTESIAN_POINT ( 'NONE',  ( 0.8788361633550295648, 35.87608199352013827, -5.308898677262544830 ) ) ;
#2275 = VERTEX_POINT ( 'NONE', #1889 ) ;
#2276 = VECTOR ( 'NONE', #1489, 999.9999999999998863 ) ;
#2277 = EDGE_CURVE ( 'NONE', #645, #545, #1458, .T. ) ;
#2278 = CARTESIAN_POINT ( 'NONE',  ( 4.640627060739773491, 32.04181550095519526, 3.394948052527672289 ) ) ;
#2279 = CARTESIAN_POINT ( 'NONE',  ( 0.000000000000000000, 0.000000000000000000, 0.000000000000000000 ) ) ;
#2280 = CARTESIAN_POINT ( 'NONE',  ( 0.000000000000000000, 25.80000000000000426, 0.000000000000000000 ) ) ;
#2281 = CARTESIAN_POINT ( 'NONE',  ( -4.883043112716177525, 28.55304410414921534, -3.631347456173295463 ) ) ;
#2282 = CARTESIAN_POINT ( 'NONE',  ( 0.4205753225222548797, 36.20000000000000284, 4.540782383802614675 ) ) ;
#2283 = EDGE_LOOP ( 'NONE', ( #862, #326, #269 ) ) ;
#2284 = DIRECTION ( 'NONE',  ( 0.000000000000000000, -0.000000000000000000, 1.000000000000000000 ) ) ;
#2285 = VERTEX_POINT ( 'NONE', #2454 ) ;
#2286 = CARTESIAN_POINT ( 'NONE',  ( 0.8757777529930350635, 35.74785620332212233, 5.321897203152972544 ) ) ;
#2287 = ORIENTED_EDGE ( 'NONE', *, *, #1305, .F. ) ;
#2288 = CARTESIAN_POINT ( 'NONE',  ( -0.8788361633549920393, 35.87608199352013827, -5.308898677262550159 ) ) ;
#2289 = CARTESIAN_POINT ( 'NONE',  ( -4.231290173657998643, 36.15561510594510963, 2.909811987513231113 ) ) ;
#2290 = EDGE_CURVE ( 'NONE', #1858, #2309, #2176, .T. ) ;
#2291 = CARTESIAN_POINT ( 'NONE',  ( 2.700840008817119831, 36.20000000000000284, -4.083385295012643468 ) ) ;
#2292 = CARTESIAN_POINT ( 'NONE',  ( 0.4635404981430585325, 27.30297748243048872, 6.188767863323340279 ) ) ;
#2293 = EDGE_CURVE ( 'NONE', #2200, #1141, #531, .T. ) ;
#2294 = ORIENTED_EDGE ( 'NONE', *, *, #1757, .F. ) ;
#2295 = CARTESIAN_POINT ( 'NONE',  ( 4.447372853558036354, 36.19999999999999574, -0.3561685780241912735 ) ) ;
#2296 = EDGE_CURVE ( 'NONE', #396, #2424, #2051, .T. ) ;
#2297 = ORIENTED_EDGE ( 'NONE', *, *, #2293, .T. ) ;
#2298 = CARTESIAN_POINT ( 'NONE',  ( -6.153245362736692314, 27.41211735449381592, 0.7208111449168067564 ) ) ;
#2299 = EDGE_LOOP ( 'NONE', ( #1221, #760, #2114 ) ) ;
#2300 = FACE_OUTER_BOUND ( 'NONE', #1827, .T. ) ;
#2301 = CARTESIAN_POINT ( 'NONE',  ( -4.120004774696623961, 27.28621823196979435, -4.643498487868518154 ) ) ;
#2302 = DIRECTION ( 'NONE',  ( 6.038610036164668844E-32, 0.09571240664425756384, -0.9954090291002810620 ) ) ;
#2303 = AXIS2_PLACEMENT_3D ( 'NONE', #736, #1342, #1355 ) ;
#2304 = CARTESIAN_POINT ( 'NONE',  ( -5.629965418483690698, 45.26842905789119698, 0.000000000000000000 ) ) ;
#2305 = CARTESIAN_POINT ( 'NONE',  ( -3.250138609924596800, 35.75128683324494716, -3.722120605919081004 ) ) ;
#2306 = ORIENTED_EDGE ( 'NONE', *, *, #1643, .F. ) ;
#2307 = EDGE_CURVE ( 'NONE', #920, #2200, #1193, .T. ) ;
#2308 = DIRECTION ( 'NONE',  ( 0.000000000000000000, 1.000000000000000000, 0.000000000000000000 ) ) ;
#2309 = VERTEX_POINT ( 'NONE', #2492 ) ;
#2310 = AXIS2_PLACEMENT_3D ( 'NONE', #334, #1856, #85 ) ;
#2311 = ADVANCED_FACE ( 'NONE', ( #1554 ), #1851, .T. ) ;
#2312 = CARTESIAN_POINT ( 'NONE',  ( 4.939956880105496495, 27.73292483621466076, 3.686932421305546548 ) ) ;
#2313 = CARTESIAN_POINT ( 'NONE',  ( 0.9344261866130187943, 36.15561510594510963, -5.049521763310096389 ) ) ;
#2314 = ORIENTED_EDGE ( 'NONE', *, *, #2378, .T. ) ;
#2315 = AXIS2_PLACEMENT_3D ( 'NONE', #370, #1392, #386 ) ;
#2316 = CARTESIAN_POINT ( 'NONE',  ( 0.000000000000000000, 25.30000000000000426, 0.000000000000000000 ) ) ;
#2317 = CARTESIAN_POINT ( 'NONE',  ( -4.049138265306337914, 27.30266842003839045, -4.703262128307605039 ) ) ;
#2318 = AXIS2_PLACEMENT_3D ( 'NONE', #2007, #1415, #444 ) ;
#2319 = CARTESIAN_POINT ( 'NONE',  ( 4.860632454937828584, 27.41190509780381745, -3.841424340043627428 ) ) ;
#2320 = CARTESIAN_POINT ( 'NONE',  ( 5.322790921487675853, 35.73885485821556784, 0.8756770667147742992 ) ) ;
#2321 = CARTESIAN_POINT ( 'NONE',  ( 0.6492191854317638233, 36.20000000000000284, 5.105395679652236396 ) ) ;
#2322 = EDGE_LOOP ( 'NONE', ( #2335, #154, #1714 ) ) ;
#2323 =( BOUNDED_SURFACE ( )  B_SPLINE_SURFACE ( 3, 2, ( 
 ( #1636, #1228, #2207 ),
 ( #429, #1819, #2374 ),
 ( #2422, #655, #607 ),
 ( #2042, #816, #2002 ),
 ( #1597, #228, #2398 ),
 ( #1423, #1478, #2102 ) ),
 .UNSPECIFIED., .F., .F., .T. ) 
 B_SPLINE_SURFACE_WITH_KNOTS ( ( 4, 2, 4 ),
 ( 3, 3 ),
 ( 2.510729643520384524, 3.141592653589793116, 3.772455663659202152 ),
 ( 0.000000000000000000, 1.000000000000000000 ),
 .UNSPECIFIED. ) 
 GEOMETRIC_REPRESENTATION_ITEM ( )  RATIONAL_B_SPLINE_SURFACE ( (
 ( 1.000000000000000000, 0.7339242347988189641, 1.000000000000000000),
 ( 1.000000000000000000, 0.7379907051409162477, 1.000000000000000000),
 ( 1.000000000000000000, 0.7401730901094208948, 1.000000000000000000),
 ( 1.000000000000000000, 0.7401730901094208948, 1.000000000000000000),
 ( 1.000000000000000000, 0.7379907051409162477, 1.000000000000000000),
 ( 1.000000000000000000, 0.7339242347988189641, 1.000000000000000000) ) ) 
 REPRESENTATION_ITEM ( '' )  SURFACE ( )  );
#2324 = CARTESIAN_POINT ( 'NONE',  ( -3.508209678034552415, 36.20000000000000284, -2.913426352924028961 ) ) ;
#2325 = EDGE_LOOP ( 'NONE', ( #2440, #1548, #2528, #1490 ) ) ;
#2326 = EDGE_CURVE ( 'NONE', #1521, #567, #413, .T. ) ;
#2327 = CARTESIAN_POINT ( 'NONE',  ( 3.673940397442060361E-16, 33.25000000000000000, 3.000000000000000444 ) ) ;
#2328 = VERTEX_POINT ( 'NONE', #1720 ) ;
#2329 = DIRECTION ( 'NONE',  ( 0.000000000000000000, 0.000000000000000000, -1.000000000000000000 ) ) ;
#2330 = CARTESIAN_POINT ( 'NONE',  ( -0.3561685780242373478, 36.19999999999999574, 4.447372853558031913 ) ) ;
#2331 = EDGE_CURVE ( 'NONE', #44, #1006, #1239, .T. ) ;
#2332 = CARTESIAN_POINT ( 'NONE',  ( 4.946514392939795890, 27.63843201186336529, -3.693336831678663668 ) ) ;
#2333 = CARTESIAN_POINT ( 'NONE',  ( 3.980986725255597491, 45.26842905789119698, -3.980986725255555747 ) ) ;
#2334 = DIRECTION ( 'NONE',  ( 0.000000000000000000, 0.000000000000000000, -1.000000000000000000 ) ) ;
#2335 = ORIENTED_EDGE ( 'NONE', *, *, #1386, .F. ) ;
#2336 = CARTESIAN_POINT ( 'NONE',  ( -3.144381164857934507, 35.74185609686031739, -4.382769363038069521 ) ) ;
#2337 = VERTEX_POINT ( 'NONE', #941 ) ;
#2338 = CARTESIAN_POINT ( 'NONE',  ( -0.8808280738885390093, 32.04181550095518105, -5.682009653325267529 ) ) ;
#2339 = ORIENTED_EDGE ( 'NONE', *, *, #2378, .F. ) ;
#2340 = EDGE_CURVE ( 'NONE', #1156, #2337, #928, .T. ) ;
#2341 = DIRECTION ( 'NONE',  ( 0.000000000000000000, 0.000000000000000000, -1.000000000000000000 ) ) ;
#2342 = CARTESIAN_POINT ( 'NONE',  ( -5.322790921487674964, 35.73885485821556784, 0.8756770667147741882 ) ) ;
#2343 = CARTESIAN_POINT ( 'NONE',  ( 0.000000000000000000, 22.80000000000000426, 0.000000000000000000 ) ) ;
#2344 = CARTESIAN_POINT ( 'NONE',  ( 3.142851540447468395, 35.73864478242503395, 4.394095107964631097 ) ) ;
#2345 = ORIENTED_EDGE ( 'NONE', *, *, #961, .F. ) ;
#2346 = B_SPLINE_CURVE_WITH_KNOTS ( 'NONE', 3,
 ( #881, #1712, #512, #1673, #335, #891, #2092 ),
 .UNSPECIFIED., .F., .F.,
 ( 4, 3, 4 ),
 ( 0.0004635204855060064718, 0.003000000009842782034, 0.008507106913800337872 ),
 .UNSPECIFIED. ) ;
#2347 = CIRCLE ( 'NONE', #1935, 4.895770850515039463 ) ;
#2348 = CARTESIAN_POINT ( 'NONE',  ( -2.714123671375190394, 36.20000000000000284, -3.901573164325089049 ) ) ;
#2349 = ORIENTED_EDGE ( 'NONE', *, *, #428, .F. ) ;
#2350 = VECTOR ( 'NONE', #982, 999.9999999999998863 ) ;
#2351 = CARTESIAN_POINT ( 'NONE',  ( 5.165367331437783704, 27.84877104863627650, -5.165367331437730414 ) ) ;
#2352 = EDGE_LOOP ( 'NONE', ( #2366, #41 ) ) ;
#2353 = CLOSED_SHELL ( 'NONE', ( #864, #1792, #271, #1388, #1648, #1588, #305, #2190, #909, #525, #360, #373, #818, #2144, #1066, #924, #1299, #1726, #2033, #673, #652, #179, #2172, #1241, #1963, #2003, #561, #1619, #690, #2512, #1189, #2201, #2449, #2311, #2404, #1576, #1999, #2094, #783, #2477, #1025, #894, #1872, #1952, #2065, #340, #225, #573, #1192, #927, #738, #1152, #1541, #2543, #1773, #768, #394, #2463, #1231, #820, #8, #2017, #1653, #451, #419, #1282, #56, #1675, #639, #1253, #1038 ) ) ;
#2354 = AXIS2_PLACEMENT_3D ( 'NONE', #973, #1957, #2357 ) ;
#2355 = CARTESIAN_POINT ( 'NONE',  ( 0.000000000000000000, 35.70000000000000284, 0.000000000000000000 ) ) ;
#2356 = CARTESIAN_POINT ( 'NONE',  ( 3.396616719982305188, 36.19999999999999574, 2.892918286449408072 ) ) ;
#2357 = DIRECTION ( 'NONE',  ( 0.000000000000000000, 0.000000000000000000, 1.000000000000000000 ) ) ;
#2358 = EDGE_CURVE ( 'NONE', #137, #1974, #1734, .T. ) ;
#2359 = CONICAL_SURFACE ( 'NONE', #460, 6.349999999999996092, 0.09585914711001297661 ) ;
#2360 = CARTESIAN_POINT ( 'NONE',  ( 5.486362089038667733, 34.05580003434261016, 0.8780805772071876847 ) ) ;
#2361 = CYLINDRICAL_SURFACE ( 'NONE', #1739, 1.499999999999999112 ) ;
#2362 = AXIS2_PLACEMENT_3D ( 'NONE', #266, #1635, #2206 ) ;
#2363 = VERTEX_POINT ( 'NONE', #1364 ) ;
#2364 = AXIS2_PLACEMENT_3D ( 'NONE', #895, #568, #1358 ) ;
#2365 = CARTESIAN_POINT ( 'NONE',  ( -0.8756770667147555365, 35.73885485821556784, -5.322790921487677629 ) ) ;
#2366 = ORIENTED_EDGE ( 'NONE', *, *, #1946, .F. ) ;
#2367 = CARTESIAN_POINT ( 'NONE',  ( -3.143881213173502776, 35.74785620332212233, 4.382417989080876097 ) ) ;
#2368 = ORIENTED_EDGE ( 'NONE', *, *, #1442, .F. ) ;
#2369 = CARTESIAN_POINT ( 'NONE',  ( 0.000000000000000000, 0.000000000000000000, 0.000000000000000000 ) ) ;
#2370 = CARTESIAN_POINT ( 'NONE',  ( -5.165367331437819232, 27.84877104863627295, 5.165367331437694887 ) ) ;
#2371 = DIRECTION ( 'NONE',  ( -9.979316395374377286E-16, -1.000000000000000000, 0.000000000000000000 ) ) ;
#2372 = CARTESIAN_POINT ( 'NONE',  ( 0.000000000000000000, 20.70000000000000284, 5.669600159872127065 ) ) ;
#2373 = CARTESIAN_POINT ( 'NONE',  ( -5.322201235360187077, 35.74485703477443366, -0.8757062175543196547 ) ) ;
#2374 = CARTESIAN_POINT ( 'NONE',  ( -0.6297369773370046220, 35.74458789742283926, -5.141715083133801656 ) ) ;
#2375 = CARTESIAN_POINT ( 'NONE',  ( -4.797171717435385396, 36.20000000000000284, 0.9776071471663753121 ) ) ;
#2376 = EDGE_CURVE ( 'NONE', #1156, #1733, #1650, .T. ) ;
#2377 = EDGE_LOOP ( 'NONE', ( #1509, #989, #329, #2018 ) ) ;
#2378 = EDGE_CURVE ( 'NONE', #1603, #1821, #1688, .T. ) ;
#2379 = CARTESIAN_POINT ( 'NONE',  ( 4.520762485004746978, 27.26662025165797232, 4.257069950853228590 ) ) ;
#2380 = ORIENTED_EDGE ( 'NONE', *, *, #479, .F. ) ;
#2381 = DIRECTION ( 'NONE',  ( -0.000000000000000000, -1.000000000000000000, -0.000000000000000000 ) ) ;
#2382 = CARTESIAN_POINT ( 'NONE',  ( 0.8756770667147191212, 35.73885485821556784, 5.322790921487684734 ) ) ;
#2383 = CARTESIAN_POINT ( 'NONE',  ( 0.000000000000000000, 25.30000000000000426, 0.000000000000000000 ) ) ;
#2384 = DIRECTION ( 'NONE',  ( 0.000000000000000000, 0.000000000000000000, -1.000000000000000000 ) ) ;
#2385 = CARTESIAN_POINT ( 'NONE',  ( 3.144584363418586381, 35.73885485821559627, -4.382978747425672061 ) ) ;
#2386 = EDGE_LOOP ( 'NONE', ( #263, #1384, #158, #811 ) ) ;
#2387 = CARTESIAN_POINT ( 'NONE',  ( -3.901573164325136123, 36.20000000000000284, 2.714123671375261893 ) ) ;
#2388 = ORIENTED_EDGE ( 'NONE', *, *, #1931, .F. ) ;
#2389 = EDGE_CURVE ( 'NONE', #128, #2088, #1908, .T. ) ;
#2390 = CARTESIAN_POINT ( 'NONE',  ( -4.797171717435386284, 36.20000000000000284, -0.9776071471663759782 ) ) ;
#2391 = ORIENTED_EDGE ( 'NONE', *, *, #624, .T. ) ;
#2392 = CARTESIAN_POINT ( 'NONE',  ( -6.209307221932397702, 27.26320489190302965, 0.000000000000000000 ) ) ;
#2393 = DIRECTION ( 'NONE',  ( 0.000000000000000000, 0.000000000000000000, -1.000000000000000000 ) ) ;
#2394 = FACE_OUTER_BOUND ( 'NONE', #64, .T. ) ;
#2395 = CARTESIAN_POINT ( 'NONE',  ( 3.074278371667653609, 35.99421414278277354, 4.339548976991129514 ) ) ;
#2396 = CARTESIAN_POINT ( 'NONE',  ( -5.321897203152962774, 35.74785620332212233, -0.8757777529930896865 ) ) ;
#2397 = AXIS2_PLACEMENT_3D ( 'NONE', #1747, #1155, #1179 ) ;
#2398 = CARTESIAN_POINT ( 'NONE',  ( 0.6297369773370401491, 35.74458789742287479, -5.141715083133793662 ) ) ;
#2399 = AXIS2_PLACEMENT_3D ( 'NONE', #1865, #256, #2409 ) ;
#2400 = CARTESIAN_POINT ( 'NONE',  ( -0.8757777529930719229, 35.74785620332212233, -5.321897203152966327 ) ) ;
#2401 = ORIENTED_EDGE ( 'NONE', *, *, #961, .T. ) ;
#2402 = AXIS2_PLACEMENT_3D ( 'NONE', #1465, #1429, #2442 ) ;
#2403 = CARTESIAN_POINT ( 'NONE',  ( -5.321897203152962774, 35.74785620332212233, 0.8757777529930903526 ) ) ;
#2404 = ADVANCED_FACE ( 'NONE', ( #159 ), #357, .F. ) ;
#2405 = ORIENTED_EDGE ( 'NONE', *, *, #511, .T. ) ;
#2406 = CARTESIAN_POINT ( 'NONE',  ( -4.927520347313113724, 36.20000000000000284, -1.179683748676521038 ) ) ;
#2407 = CARTESIAN_POINT ( 'NONE',  ( 0.000000000000000000, 25.80000000000000426, 0.000000000000000000 ) ) ;
#2408 = CARTESIAN_POINT ( 'NONE',  ( -0.8769035162246394677, 34.89732906525181022, 5.404592781530311640 ) ) ;
#2409 = DIRECTION ( 'NONE',  ( -3.552713678800500929E-15, 0.000000000000000000, 1.000000000000000000 ) ) ;
#2410 = EDGE_CURVE ( 'NONE', #2184, #1578, #2148, .T. ) ;
#2411 = ORIENTED_EDGE ( 'NONE', *, *, #2221, .F. ) ;
#2412 = CARTESIAN_POINT ( 'NONE',  ( -2.700840008817090521, 36.20000000000000284, -4.083385295012662120 ) ) ;
#2413 = ORIENTED_EDGE ( 'NONE', *, *, #2057, .F. ) ;
#2414 = EDGE_LOOP ( 'NONE', ( #1261, #697, #1014, #871 ) ) ;
#2415 = B_SPLINE_CURVE_WITH_KNOTS ( 'NONE', 3,
 ( #2312, #1563, #1925, #1732, #2519, #194, #16, #2379, #2186, #1005, #246, #2067, #696, #1232, #53, #2006, #2210, #1809 ),
 .UNSPECIFIED., .F., .F.,
 ( 4, 2, 2, 2, 2, 2, 2, 2, 4 ),
 ( -0.001112577971934673162, -0.0008344746783522527132, -0.0005563713847698322640, -0.0002782680911874118148, -1.647976049913655455E-07, 0.0002779384959774291921, 0.0005560417895598495329, 0.0008341450831422698737, 0.001112248376724690431 ),
 .UNSPECIFIED. ) ;
#2416 = CARTESIAN_POINT ( 'NONE',  ( 0.000000000000000000, 21.20000000000000284, 5.669600159872127065 ) ) ;
#2417 = CARTESIAN_POINT ( 'NONE',  ( -5.321897203152962774, 35.74785620332212233, 0.8757777529930903526 ) ) ;
#2418 =( BOUNDED_CURVE ( )  B_SPLINE_CURVE ( 3, ( #2342, #223, #772, #1555 ),
 .UNSPECIFIED., .F., .T. ) 
 B_SPLINE_CURVE_WITH_KNOTS ( ( 4, 4 ),
 ( 2.518210232572590357, 3.141592653589793116 ),
 .UNSPECIFIED. ) 
 CURVE ( )  GEOMETRIC_REPRESENTATION_ITEM ( )  RATIONAL_B_SPLINE_CURVE ( ( 1.000000000000000000, 0.9678775265542567396, 0.9678775265542567396, 1.000000000000000000 ) ) 
 REPRESENTATION_ITEM ( '' )  );
#2419 = EDGE_CURVE ( 'NONE', #1291, #44, #956, .T. ) ;
#2420 = CARTESIAN_POINT ( 'NONE',  ( -3.686932421305562535, 27.73292483621466076, 4.939956880105484949 ) ) ;
#2421 = DIRECTION ( 'NONE',  ( -0.000000000000000000, -1.000000000000000000, -0.000000000000000000 ) ) ;
#2422 = CARTESIAN_POINT ( 'NONE',  ( -0.4205753225222854108, 36.20000000000000284, -4.540782383802614675 ) ) ;
#2423 = CARTESIAN_POINT ( 'NONE',  ( -3.107500827395457854, 36.20000000000000284, 4.388667662221537036 ) ) ;
#2424 = VERTEX_POINT ( 'NONE', #1955 ) ;
#2425 = ORIENTED_EDGE ( 'NONE', *, *, #497, .F. ) ;
#2426 = CIRCLE ( 'NONE', #201, 6.349999999999998757 ) ;
#2427 = CALENDAR_DATE ( 2026, 3, 7 ) ;
#2428 = CARTESIAN_POINT ( 'NONE',  ( -4.678004094798304813, 36.20000000000000284, -0.8396535887812113241 ) ) ;
#2429 = SECURITY_CLASSIFICATION ( '', '', #1245 ) ;
#2430 = CARTESIAN_POINT ( 'NONE',  ( -4.382978747425727128, 35.73885485821556784, 3.144584363418512218 ) ) ;
#2431 = LINE ( 'NONE', #1082, #2071 ) ;
#2432 = EDGE_CURVE ( 'NONE', #2184, #1759, #563, .T. ) ;
#2433 = CARTESIAN_POINT ( 'NONE',  ( 0.000000000000000000, 0.2999999999999973244, 0.000000000000000000 ) ) ;
#2434 = CARTESIAN_POINT ( 'NONE',  ( -3.142851540447558545, 35.73864478242503395, 4.394095107964568037 ) ) ;
#2435 = TOROIDAL_SURFACE ( 'NONE', #667, 4.895770850515039463, 0.5000000000000000000 ) ;
#2436 = B_SPLINE_CURVE_WITH_KNOTS ( 'NONE', 3,
 ( #1480, #498, #2080, #2458, #1664, #1126, #293 ),
 .UNSPECIFIED., .F., .F.,
 ( 4, 3, 4 ),
 ( 0.0005280937956277198357, 0.003000000005309308611, 0.008571680231918569343 ),
 .UNSPECIFIED. ) ;
#2437 = ORIENTED_EDGE ( 'NONE', *, *, #42, .T. ) ;
#2438 = CIRCLE ( 'NONE', #10, 3.000000000000000444 ) ;
#2439 = CIRCLE ( 'NONE', #49, 2.000000000000000000 ) ;
#2440 = ORIENTED_EDGE ( 'NONE', *, *, #991, .T. ) ;
#2441 = DATE_AND_TIME ( #1678, #578 ) ;
#2442 = DIRECTION ( 'NONE',  ( 0.000000000000000000, -0.000000000000000000, 1.000000000000000000 ) ) ;
#2443 = FACE_BOUND ( 'NONE', #507, .T. ) ;
#2444 = CARTESIAN_POINT ( 'NONE',  ( 3.980986725255541980, 45.26842905789119698, 3.980986725255611258 ) ) ;
#2445 = CARTESIAN_POINT ( 'NONE',  ( 3.144584363418527317, 35.73885485821556784, 4.382978747425716470 ) ) ;
#2446 = CARTESIAN_POINT ( 'NONE',  ( 2.909839104631977147, 36.15559694196618779, -4.231308394174815746 ) ) ;
#2447 = CARTESIAN_POINT ( 'NONE',  ( 4.797171717435385396, 36.20000000000000284, 0.9776071471663753121 ) ) ;
#2448 = EDGE_LOOP ( 'NONE', ( #1003, #219, #1630, #1000 ) ) ;
#2449 = ADVANCED_FACE ( 'NONE', ( #2300 ), #2523, .T. ) ;
#2450 = EDGE_LOOP ( 'NONE', ( #2413, #1674, #2198, #1462 ) ) ;
#2451 = EDGE_CURVE ( 'NONE', #1821, #567, #1904, .T. ) ;
#2452 = DATE_AND_TIME ( #1669, #1075 ) ;
#2453 = DIRECTION ( 'NONE',  ( 0.000000000000000000, -0.000000000000000000, -1.000000000000000000 ) ) ;
#2454 = CARTESIAN_POINT ( 'NONE',  ( 0.8757777529931097815, 35.74785620332212233, -5.321897203152960110 ) ) ;
#2455 = DIRECTION ( 'NONE',  ( -0.000000000000000000, -1.000000000000000000, -0.000000000000000000 ) ) ;
#2456 = CARTESIAN_POINT ( 'NONE',  ( 3.201559782603186743, 34.89732906525181022, 4.441688628140711970 ) ) ;
#2457 = B_SPLINE_CURVE_WITH_KNOTS ( 'NONE', 3,
 ( #140, #539, #151, #1763 ),
 .UNSPECIFIED., .F., .F.,
 ( 4, 4 ),
 ( 0.000000000000000000, 9.046164044237481257E-06 ),
 .UNSPECIFIED. ) ;
#2458 = CARTESIAN_POINT ( 'NONE',  ( 0.8831015573875216074, 30.19327585426520244, 5.861417349984236580 ) ) ;
#2459 = DIRECTION ( 'NONE',  ( 0.000000000000000000, 0.000000000000000000, -1.000000000000000000 ) ) ;
#2460 = ORIENTED_EDGE ( 'NONE', *, *, #2290, .T. ) ;
#2461 = CARTESIAN_POINT ( 'NONE',  ( -5.136400120957503646, 35.74475617435510344, -0.6184265416887070321 ) ) ;
#2462 = ORIENTED_EDGE ( 'NONE', *, *, #23, .F. ) ;
#2463 = ADVANCED_FACE ( 'NONE', ( #2138 ), #333, .T. ) ;
#2464 = CALENDAR_DATE ( 2026, 3, 7 ) ;
#2465 = CARTESIAN_POINT ( 'NONE',  ( -5.421010862427522170E-17, 13.60000000000000320, 3.636307918493141056 ) ) ;
#2466 = ORIENTED_EDGE ( 'NONE', *, *, #243, .T. ) ;
#2467 = CIRCLE ( 'NONE', #245, 3.575000000000000622 ) ;
#2468 = CARTESIAN_POINT ( 'NONE',  ( 0.3702742481682727571, 27.28623598837159747, -6.196724190771529805 ) ) ;
#2469 = CARTESIAN_POINT ( 'NONE',  ( 0.000000000000000000, 33.25000000000000000, 0.000000000000000000 ) ) ;
#2470 = VECTOR ( 'NONE', #1568, 1000.000000000000000 ) ;
#2471 = CARTESIAN_POINT ( 'NONE',  ( 0.000000000000000000, 0.000000000000000000, 0.000000000000000000 ) ) ;
#2472 = CARTESIAN_POINT ( 'NONE',  ( 2.892918286449396081, 36.20000000000000284, -3.396616719982313626 ) ) ;
#2473 = CARTESIAN_POINT ( 'NONE',  ( 0.3706869574387672839, 27.28629310299666244, 6.196696324845150983 ) ) ;
#2474 = VERTEX_POINT ( 'NONE', #369 ) ;
#2475 = PLANE ( 'NONE',  #1742 ) ;
#2476 = ORIENTED_EDGE ( 'NONE', *, *, #991, .F. ) ;
#2477 = ADVANCED_FACE ( 'NONE', ( #1194 ), #1438, .F. ) ;
#2478 = CARTESIAN_POINT ( 'NONE',  ( 0.000000000000000000, 0.000000000000000000, 1.700000000000003508 ) ) ;
#2479 = EDGE_LOOP ( 'NONE', ( #282, #1362, #1652, #767 ) ) ;
#2480 = AXIS2_PLACEMENT_3D ( 'NONE', #533, #506, #938 ) ;
#2481 = EDGE_CURVE ( 'NONE', #1974, #1065, #79, .T. ) ;
#2482 = DIRECTION ( 'NONE',  ( 0.000000000000000000, 0.000000000000000000, -1.000000000000000000 ) ) ;
#2483 = CARTESIAN_POINT ( 'NONE',  ( -3.520200855833227394, 30.19327585426520244, 4.769095055243448122 ) ) ;
#2484 = CARTESIAN_POINT ( 'NONE',  ( 4.382978747425660515, 35.73885485821559627, 3.144584363418601480 ) ) ;
#2485 = EDGE_CURVE ( 'NONE', #1741, #296, #191, .T. ) ;
#2486 = CARTESIAN_POINT ( 'NONE',  ( 5.629965418483690698, 45.26842905789119698, 0.000000000000000000 ) ) ;
#2487 = CARTESIAN_POINT ( 'NONE',  ( 0.8396535887815700372, 36.20000000000000284, 4.678004094797752366 ) ) ;
#2488 = ORIENTED_EDGE ( 'NONE', *, *, #2485, .F. ) ;
#2489 = EDGE_LOOP ( 'NONE', ( #2491, #912, #1425, #195, #1565, #731, #517, #1934, #529, #203, #849, #1166, #1128, #1766, #1217, #1372, #1373, #1318, #48, #1655, #2466, #62, #1094, #1940, #414, #2136, #981, #1347 ) ) ;
#2490 = CARTESIAN_POINT ( 'NONE',  ( 4.813159917454873593, 29.56005097731180697, -3.563095868725969506 ) ) ;
#2491 = ORIENTED_EDGE ( 'NONE', *, *, #741, .T. ) ;
#2492 = CARTESIAN_POINT ( 'NONE',  ( -4.382978747425727128, 35.73885485821556784, 3.144584363418512218 ) ) ;
#2493 = CARTESIAN_POINT ( 'NONE',  ( -4.703952109873640097, 27.30300118143553689, -4.048273807988007178 ) ) ;
#2494 = CYLINDRICAL_SURFACE ( 'NONE', #1080, 2.000000000000003553 ) ;
#2495 = EDGE_CURVE ( 'NONE', #1888, #1006, #2212, .T. ) ;
#2496 = CARTESIAN_POINT ( 'NONE',  ( -2.892918286449372545, 36.19999999999999574, -3.396616719982334054 ) ) ;
#2497 = CARTESIAN_POINT ( 'NONE',  ( -4.324500987357407844, 27.26320954431407984, 4.456781333201679018 ) ) ;
#2498 = ORIENTED_EDGE ( 'NONE', *, *, #1196, .T. ) ;
#2499 = B_SPLINE_CURVE_WITH_KNOTS ( 'NONE', 3,
 ( #1069, #83, #1853, #2468, #2089, #331, #1095, #1310, #318, #721 ),
 .UNSPECIFIED., .F., .F.,
 ( 4, 2, 2, 2, 4 ),
 ( 2.168404344971008868E-19, 0.0002780620941811721742, 0.0005561241883623441315, 0.0008341862825435162514, 0.001112248376724688480 ),
 .UNSPECIFIED. ) ;
#2500 =( BOUNDED_SURFACE ( )  B_SPLINE_SURFACE ( 3, 2, ( 
 ( #14, #964, #609 ),
 ( #365, #583, #155 ),
 ( #2324, #1142, #392 ),
 ( #808, #2161, #190 ),
 ( #2348, #1950, #2146 ),
 ( #167, #180, #377 ) ),
 .UNSPECIFIED., .F., .F., .T. ) 
 B_SPLINE_SURFACE_WITH_KNOTS ( ( 4, 2, 4 ),
 ( 3, 3 ),
 ( 2.510729643520384524, 3.141592653589793116, 3.772455663659201708 ),
 ( 0.000000000000000000, 1.000000000000000000 ),
 .UNSPECIFIED. ) 
 GEOMETRIC_REPRESENTATION_ITEM ( )  RATIONAL_B_SPLINE_SURFACE ( (
 ( 1.000000000000000000, 0.7339242347988189641, 1.000000000000000000),
 ( 1.000000000000000000, 0.7379907051410560248, 1.000000000000000000),
 ( 1.000000000000000000, 0.7401730901092343773, 1.000000000000000000),
 ( 1.000000000000000000, 0.7401730901096078563, 1.000000000000000000),
 ( 1.000000000000000000, 0.7379907051407774699, 1.000000000000000000),
 ( 1.000000000000000000, 0.7339242347988186310, 1.000000000000000000) ) ) 
 REPRESENTATION_ITEM ( '' )  SURFACE ( )  );
#2501 = ORIENTED_EDGE ( 'NONE', *, *, #1487, .F. ) ;
#2502 = DIRECTION ( 'NONE',  ( -1.002534245082572405E-15, -0.9954090291002810620, 0.09571240664425757771 ) ) ;
#2503 = DIRECTION ( 'NONE',  ( -0.000000000000000000, -1.000000000000000000, -0.000000000000000000 ) ) ;
#2504 = ORIENTED_EDGE ( 'NONE', *, *, #1383, .T. ) ;
#2505 = CARTESIAN_POINT ( 'NONE',  ( -5.421010862427522170E-17, 16.20000000000000284, 3.636307918493141056 ) ) ;
#2506 = DIRECTION ( 'NONE',  ( 0.000000000000000000, 0.000000000000000000, 1.000000000000000000 ) ) ;
#2507 = CARTESIAN_POINT ( 'NONE',  ( 0.000000000000000000, 36.20000000000000284, 0.000000000000000000 ) ) ;
#2508 = TOROIDAL_SURFACE ( 'NONE', #1564, 5.669600159872127065, 0.5000000000000000000 ) ;
#2509 = AXIS2_PLACEMENT_3D ( 'NONE', #1996, #57, #2188 ) ;
#2510 = PLANE ( 'NONE',  #700 ) ;
#2511 = CARTESIAN_POINT ( 'NONE',  ( -0.8756770667148300324, 35.73885485821556784, 5.322790921487666971 ) ) ;
#2512 = ADVANCED_FACE ( 'NONE', ( #2202, #446 ), #993, .T. ) ;
#2513 = VERTEX_POINT ( 'NONE', #422 ) ;
#2514 = CARTESIAN_POINT ( 'NONE',  ( 3.150992617227191595, 36.20000000000000284, -4.069127194217703192 ) ) ;
#2515 = CIRCLE ( 'NONE', #1409, 4.895770850515039463 ) ;
#2516 = EDGE_LOOP ( 'NONE', ( #835, #2460, #1808, #2125 ) ) ;
#2517 = CIRCLE ( 'NONE', #1411, 2.000000000000005329 ) ;
#2518 = EDGE_CURVE ( 'NONE', #2513, #661, #2223, .T. ) ;
#2519 = CARTESIAN_POINT ( 'NONE',  ( 4.811912932110709917, 27.36534015417103660, 3.909836722877420012 ) ) ;
#2520 = CIRCLE ( 'NONE', #500, 0.5000000000000004441 ) ;
#2521 = ORIENTED_EDGE ( 'NONE', *, *, #1866, .T. ) ;
#2522 = CIRCLE ( 'NONE', #425, 6.169200639233021199 ) ;
#2523 = CYLINDRICAL_SURFACE ( 'NONE', #1855, 3.000000000000000444 ) ;
#2524 = DIRECTION ( 'NONE',  ( 0.09571240664425757771, -0.9954090291002811730, -0.000000000000000000 ) ) ;
#2525 = CARTESIAN_POINT ( 'NONE',  ( 3.909836722877398252, 27.36534015417104371, -4.811912932110725016 ) ) ;
#2526 = CYLINDRICAL_SURFACE ( 'NONE', #786, 1.499999999999999112 ) ;
#2527 = CARTESIAN_POINT ( 'NONE',  ( 0.8860220918100389920, 27.73292483621466431, 6.100131925573428759 ) ) ;
#2528 = ORIENTED_EDGE ( 'NONE', *, *, #462, .F. ) ;
#2529 = B_SPLINE_CURVE_WITH_KNOTS ( 'NONE', 3,
 ( #2400, #1845, #1240, #634 ),
 .UNSPECIFIED., .F., .F.,
 ( 4, 4 ),
 ( 0.000000000000000000, 9.046164044265455367E-06 ),
 .UNSPECIFIED. ) ;
#2530 = EDGE_LOOP ( 'NONE', ( #1550, #501, #454, #1805 ) ) ;
#2531 = EDGE_CURVE ( 'NONE', #1169, #1860, #252, .T. ) ;
#2532 = CARTESIAN_POINT ( 'NONE',  ( 4.382417989080929388, 35.74785620332212233, -3.143881213173427280 ) ) ;
#2533 = EDGE_LOOP ( 'NONE', ( #1902, #1540, #302, #1922 ) ) ;
#2534 = CARTESIAN_POINT ( 'NONE',  ( 6.827405905246494173E-16, 25.30000000000000426, -5.575000000000000178 ) ) ;
#2535 = CARTESIAN_POINT ( 'NONE',  ( 6.206875715798094717, 27.26660549139023360, 0.1860809895348079779 ) ) ;
#2536 = CARTESIAN_POINT ( 'NONE',  ( 0.000000000000000000, 0.000000000000000000, -2.000000000000000000 ) ) ;
#2537 = CARTESIAN_POINT ( 'NONE',  ( 6.100131925573418989, 27.73292483621466431, 0.8860220918101022747 ) ) ;
#2538 = DIRECTION ( 'NONE',  ( 0.000000000000000000, 0.000000000000000000, 1.000000000000000000 ) ) ;
#2539 = VERTEX_POINT ( 'NONE', #210 ) ;
#2540 = CARTESIAN_POINT ( 'NONE',  ( 4.081032889251957840, 35.74458789742281084, -3.190450315174122586 ) ) ;
#2541 = ORIENTED_EDGE ( 'NONE', *, *, #148, .F. ) ;
#2542 = FACE_OUTER_BOUND ( 'NONE', #1716, .T. ) ;
#2543 = ADVANCED_FACE ( 'NONE', ( #30 ), #2063, .T. ) ;
#2544 = ORIENTED_EDGE ( 'NONE', *, *, #437, .F. ) ;
#2545 = CARTESIAN_POINT ( 'NONE',  ( -6.841488316810096423E-14, 35.74785620332212943, 5.038486898352755539 ) ) ;
#2546 = DIRECTION ( 'NONE',  ( 0.9976965925094416487, -0.06783442558943698908, 1.467552030025603561E-17 ) ) ;
#2547 = DIRECTION ( 'NONE',  ( -0.000000000000000000, -1.000000000000000000, -0.000000000000000000 ) ) ;
#2548 = DIRECTION ( 'NONE',  ( -0.000000000000000000, -1.000000000000000000, -0.000000000000000000 ) ) ;
#2549 = CARTESIAN_POINT ( 'NONE',  ( -0.8847628115074422928, 35.73864478242503395, 5.329426084533414709 ) ) ;
#2550 = ORIENTED_EDGE ( 'NONE', *, *, #2410, .T. ) ;
#2551 = CIRCLE ( 'NONE', #38, 2.000000000000000000 ) ;
#2552 = CARTESIAN_POINT ( 'NONE',  ( 3.339704505828343439, 35.74785620332213654, -3.785791999661274776 ) ) ;
#2553 = VERTEX_POINT ( 'NONE', #2416 ) ;
#2554 = ORGANIZATION ( 'UNSPECIFIED', 'UNSPECIFIED', '' ) ;
ENDSEC;
END-ISO-10303-21;
