:020000040800F2
:1000000058180020250200089F5000081F500008C3
:100010009D50000869230008C57E0008000000000C
:10002000000000000000000000000000715C0008FB
:10003000F323000800000000A7550008ED62000847
:100040003F0200083F0200083F0200083F0200088C
:100050003F0200083F0200083F0200083F0200087C
:100060003F0200083F0200083F020008B5230008D5
:100070003F020008C12300083F0200083F020008B9
:100080003F0200083F0200085D1100083F0200081F
:100090005D7E00083F0200083F0200083F020008A2
:1000A0003F020008BD6300083F0200083F0200084D
:1000B0003F0200083F0200083F0200083F0200081C
:1000C0003F0200083F0200083F0200083F0200080C
:1000D0003F0200083F0200083F0200083F020008FC
:1000E0003F0200083F0200083F02000800F002F84B
:1000F00000F089F814A696E8000CB244B344DA453F
:1001000001D100F080F8BAE80F000FA696E83000A1
:10011000A5EB040504EB0607AAEB0704A7F101070A
:100120004FEA15154FEA3414A4F10104AC4201D38F
:1001300000F069F813F0010F18BFFB1A43F0010338
:1001400000F001F8DBE71847C8B80000E8B8000085
:100150000A444FF0000C10F8013B13F0070408BFED
:1001600010F8014B1D1108BF10F8015B641E05D08B
:1001700010F8016B641E01F8016BF9D113F0080F40
:100180001EBF10F8014BAD1C0C1B09D16D1E58BFD2
:1001900001F801CBFAD505E014F8016B01F8016B09
:1001A0006D1EF9D59142D6D370470000704700000C
:1001B0000023002400250026103A28BF78C1FBD870
:1001C000520728BF30C148BF0B60704766290BF04B
:1001D000B48165290BF0B18167290BF0AE816129EB
:1001E0000BF0AD81752900F09980002070471FB594
:1001F00000F03AFE0400002000210AF0B1FDE060AA
:100200001FBD10B510BD00F033FF1146FFF7EFFF23
:1002100009F0C8FA00F051FF03B4FFF7F2FF03BC86
:1002200000F094FF0948804709480047FEE7FEE7D1
:10023000FEE7FEE7FEE7FEE7FEE7FEE7FEE7FEE796
:1002400004480549054A064B7047000071630008E1
:10025000ED00000858120020581800205814002003
:1002600058140020B2F120030AD5C2F1200320FA6D
:1002700002F001FA03F340EA030021FA02F17047A9
:1002800021FA03F04FF00001704700000FB41CB5D5
:100290000C0007AA009007D04142A14202D320449B
:1002A000401E01E04FF0FF30074B7B446946019050
:1002B000069800F09CFD0020002C01D000990870E9
:1002C0001CBC5DF814FB0000670B000070B5044611
:1002D00085690068C10601D5302600E02026C007E8
:1002E00007D070BDD4E9012130469047206A401CF8
:1002F00020626D1EF6D570BD70B504468569007824
:10030000C00707D170BDD4E9012120209047206AA1
:10031000401C20626D1EF6D570BD00002DE9F04135
:100320000646002410687529314616A510D0AFF393
:100330000080002802DA404213A507E031688A07EE
:1003400001D512A502E0490704D511A5012401E059
:10035000AFF3008000210A2206F1240709E0B0FB78
:10036000F2FCB0FBF2F302FB1C003030785418466C
:10037000491C0028F3D123462A463046BDE8F04107
:1003800000F04BB9000000002D0000002B00000021
:10039000200000002DE9F05F894604464FF0000A76
:1003A000DFF874B1FB44C0F820A02046E16888471C
:1003B000002874D0252806D0D4E901219047206A6E
:1003C000401C2062F1E700265F462046E16888472E
:1003D0002028054607DB312D05D2781910F8200CAE
:1003E00008B10643F1E7B00701D526F00406C4F8CA
:1003F0001CA00027C4F818A02A2D09D028460AF00E
:10040000DFFB38B304EB8708303DC8F8185019E01B
:1004100059F8041B204604EB87029161E168884784
:10042000012F054618D1E069002820DA26F02006C1
:100430001DE0D8F8180000EB800005EB40003038D4
:10044000C8F818002046E168884705460AF0B8FB5E
:100450000028EED1012F0AD02E2D08D12046E168C8
:1004600088477F1C0546022F46F02006C4DBA069A2
:10047000002803DA404246F00106A061F00701D0EF
:1004800026F010066C2D0BD0682D09D04C2D39D0DC
:100490006A2D35D0742D35D07A2D33D016E038E062
:1004A000E1682F4620468847B842054609D16C2F9F
:1004B00026D04FF48060E168064320468847054611
:1004C00004E06C2F1AD04FF4807006430DB3A5F1F1
:1004D0004100192802D8203546F400664A462946CC
:1004E000204626604E46FFF771FE80B101280BD0F2
:1004F000F61D26F0070000F1080956E74020E4E762
:100500008020D8E70020D6E706F104094DE7284609
:1005100052E7206ABDE8F09F7AB2000010B5431C94
:1005200002E010F8011B71B18107FAD14FF00132DE
:1005300002C88C1A8C4314EAC211F9D0C01A0A06F8
:1005400003D0C01E10BDC01A10BD0A0401D0801E09
:1005500010BD0902FCD0401E10BD4FF0000200B5D6
:10056000134694469646203922BFA0E80C50A0E8D6
:100570000C50B1F12001BFF4F7AF090728BFA0E884
:100580000C5048BF0CC05DF804EB890028BF40F850
:10059000042B08BF704748BF20F8022B11F0804F92
:1005A00018BF00F8012B704710B5044610F0030F78
:1005B00008BF11F0030F40F015804FF0013E121FED
:1005C000C0F20E8051F8043BA3EB0E0C2CEA030C96
:1005D0001CEACE1C08BF40F8043BF0D0A1F1040196
:1005E00002F10402521E08DB11F8013B00F8013B46
:1005F000002BF7D1114600F015FC204610BD7047C6
:100600007047704710B500F033FC006810BD10B59E
:10061000044600F02DFC046010BD2DE9F0470D46A6
:1006200099469246044600F124080168880604D5DC
:10063000E06921F01001216000E00120A84201DD05
:10064000471B00E00027A1697A1902EB0900081A8C
:10065000A0612078C00602D42046FFF737FE0026AE
:1006600008E0D4E901211AF806009047206A401CEE
:10067000761C20624E45F4DB2078C0060AD5204661
:10068000FFF724FE06E0D4E9012130209047206ADC
:10069000401C2062381EA7F10107F4DC07E0D4E912
:1006A000012118F805009047206A401C2062281E8E
:1006B000A5F10105F3DC2046FFF71EFE20780006B9
:1006C00002D50220BDE8F0870120FBE72DE9FF4FAE
:1006D0000C461E464FF0FF378BB0D2E90001DDF823
:1006E00060800A908A46C1F30A5505B93D4600214B
:1006F00008464FF00000BAF1000F00F4400005DAA0
:1007000000EB80004FF4400101EA50004FEA90599D
:10071000B9F1010F00DDB9460A9850EA4A000ED03F
:1007200044F61050A5F2FF3545432F14B8F1000FE1
:100730001ED07542291E1EDDC9F100021CE0B8F171
:10074000010F4FF0000001D0302103E0F24305E03B
:100750002154401CB042FBDB3046002200212154D2
:100760000B99C1F80880C1E900200FB0BDE8F08FF7
:10077000BD1B6D1CDEE74A4600DA694206A800F0A0
:1007800001FC06AB93E8070003AB83E80700504683
:100790000A9909F02DFE8DE80700A0F500501F38DA
:1007A00000900398002D0ADD42F21F014A460844DA
:1007B000002303A9039068460AF096F809E0A0F523
:1007C00000504A461F38002303A9039068460AF0E8
:1007D000A0F88DE807000004000C03D04FF0FF30B4
:1007E000410800E01046B8F1000F03D0002200924B
:1007F00015461EE0751E05D400F03EFB30326255F2
:100800006D1EF9D5B3460122084302D000227F1C99
:1008100004E02078302801D100227F1E002A0997A9
:1008200084D01DE0112D07DA00F026FB303262552E
:100830006D1C50EA0102F5D1084302D00098C8B1FE
:100840000EE00021681E05E0235C625C63542254C4
:10085000401E491C8142F7DBAB46A81B401E099095
:10086000002004F80B000B98099AC0F80880C0E932
:10087000002B7AE711264FF0000857E72DE9F04FDB
:1008800088460446D21D22F0070191B0D1E900014B
:10089000CDE90A010AF074F902460B98C00F01D0A5
:1008A0002D2007E02068810701D52B2002E02021C0
:1008B00001EAC000032A099001D0072A05DB03469C
:1008C0004146204600F01EFB0BE12078800601D552
:1008D000E06900E00620B8F1650F814606D0B8F166
:1008E000660F18D0B8F1670F70D131E00020B9F170
:1008F000110F009001DB112301E009F101030AAAA5
:1009000001A90CA8FFF7E2FEDDE90C70002609F151
:100910000105834647E001204B4600904FF0004719
:100920000AAA01A90CA8FFF7D1FEDDE90DB00C99C8
:100930005D46002610B909F101000D18B9EB05005C
:1009400003D4C0F1FF3609F10105A5EB09002BE046
:10095000B9F1010F01DA4FF001090020B9F1110FCF
:100960000090484601DD112300E003460AAA01A9D0
:100970000CA8FFF7ABFEDDE90C704D460026834660
:10098000207800070AD4AB4500DA5D4601A8012DA6
:1009900004DD411911F8011C302907D04F4502DA56
:1009A00017F1040F04DA012082460FE06D1EEEE716
:1009B000002F02DCED1B3E4403E0781CA84200DD62
:1009C0007D1CB81B00F1010A4FF00047207800079A
:1009D00003D4AA4501DB4FF0FF3A0021B7F1004FE5
:1009E0000DF143088DF8431024D002202B23002F53
:1009F00001DA7F422D230A21021EA0F1010000DC52
:100A00005FB197FBF1FC97FBF1F201FB1C7C1746F1
:100A10000CF1300C08F801CDEEE7A8F101000370ED
:100A20002188090501D5452100E06521A0F10108D3
:100A300000F8011C09980FA9A1EB0807FF1D00B1E0
:100A40000120411901EBEA70A1693844081A401EDF
:100A5000A0612078C00602D42046FFF737FC099831
:100A600028B1D4E901219047206A401C20622078F7
:100A7000C00622D52046FFF729FC1EE0002E04DB2D
:100A8000B34502DD01A8805D00E03020D4E90121FA
:100A90009047206A401C2062761CAAF101005FEAA0
:100AA000000A0AD100F0E0F9C0680168405CD4E9AE
:100AB00001219047206A401C2062281EA5F10105F3
:100AC000DCDC07E0D4E9012118F8010B9047206A2B
:100AD000401C2062381EA7F10107F3DC2046FFF717
:100AE0000BFC032011B041E62DE9F04F04460D4602
:100AF000D21D22F0070089B0D0E900974846394658
:100B00000AF03EF80246F80F01D02D2307E02068D6
:100B1000810701D52B2302E0202101EAC0038DF8D3
:100B200020300BB1012000E00020032A824601D0D2
:100B3000072A04DB2946204600F0E4F93FE120784B
:100B4000800601D40D2500E0E569C7F30A560D2D96
:100B500049DA00214FEA175B08464FF00000002FEA
:100B600000F4400007DA00EB80004FF4400100EB96
:100B7000D07001EA60008115012901DD4FF0FF31DD
:100B800000224FEA850CBCF1180F06D31346ACF1D6
:100B900018004FF08052C24003E04FF4801323FA54
:100BA0000CF30CF10C0CBCF1200F04D3ACF1200CB5
:100BB00009FA0CF001E007FA0CF000294FF00048A8
:100BC00001DD18B90FE00ED140450CD319EB020935
:100BD0005F4121B9404502D19F4329EA0209BBEB9D
:100BE000175F00D0761C2088000502D57B4878442A
:100BF00002E07A487844193808AA302302F80A300B
:100C0000037C0AF10101002E0AF1020A53546A46DC
:100C100002DC4FF0300101E04FF031014FF00108EC
:100C20008DF8001002D0A6F2FF3603E059EA470122
:100C300000D06B4E002D02DC2178090704D54FF05F
:100C400002082E218DF80110C44600210BE0C7F3E5
:100C500003433F01C35C491C6D1E02F8083005299F
:100C600008F1010801DA002DF1DC00210CE000EBB5
:100C70001973491C1B786D1E082902F808304FEAC9
:100C8000091908F1010801DA002DF0DC21688B0652
:100C900002D516E0A8F10108E04505DD02EB0803E6
:100CA00013F8013C302BF5D0B8F1000F09DD02EB51
:100CB000080313F8013C2E2B03D1090701D4A8F136
:100CC0000108002D05DD3E2102F808106D1E08F117
:100CD0000108407C002E02F8080008F1010804DA3F
:100CE0002D20764202F8080002E02B2002F80800CE
:100CF0000A214FF47A70864208F101080BDB96FB5B
:100D0000F0F3303302F8083096FBF0F308F10108F5
:100D100000FB136601E0642E0CDB642096FBF0F30D
:100D2000303302F8083096FBF0F308F1010800FBBD
:100D3000136601E00A2E06DB96FBF1F0303002F874
:100D4000080008F1010896FBF1F001FB106030305B
:100D500002F80800A16908F1010808EB050202EB9E
:100D60000A00081AA0612078C00602D42046FFF7C6
:100D7000ADFA216A08AE01EB0A00206204E0D4E972
:100D8000012116F8010B9047BAF1010AF7D2207839
:100D9000C00602D52046FFF799FA6E4609E016F81C
:100DA000010B3E280FD0D4E901219047206A401C56
:100DB0002062B8F10108F2D22046FFF79DFA09B08F
:100DC0000320BDE8F08F206A2844206203E0D4E9C4
:100DD0000121302090476D1EEBD3F8E795AA000063
:100DE00002FCFFFF01694A1C02610878704700B5E8
:100DF0008FB0CDE901310021059105497944CDE954
:100E0000031011466846FFF7C5FA0FB000BD000099
:100E1000E5FFFFFFD1E900239A4202D2531C0B6089
:100E2000107070474FF000020429C0F0128010F0DB
:100E3000030C3FF494ABCCF1040CBCF1020F18BFCF
:100E400000F8012BA8BF20F8022BA1EB0C01FFF743
:100E500086BB5FEAC17C24BF00F8012B00F8012BA0
:100E600048BF00F8012B7047004870477802002007
:100E7000004870475802002030B5B0F10A0271F105
:100E800000034FEA900E4EEA817EB0EB0E0061EB5C
:100E900091014FEA101E4EEA017E10EB0E0041EB6D
:100EA00011114FEA102E4EEA016E10EB0E0041EBCD
:100EB00011214FEA104E4EEA014E10EB0E0041EBAD
:100EC0001141401841F100014FEAD00040EA417061
:100ED0004FEAD1014FEA810444EA907410EB800597
:100EE00044EB01046D1944EB0404521BA3414FF081
:100EF000000348BF0A3200D530BD401C41F100015B
:100F000030BD00002DE9F0411F460446032601686C
:100F1000072A01F4006004DB08B116A505E016A558
:100F200003E008B115A500E015A521F01000206030
:100F3000A069C01EA0610FB1401EA0612046FFF74E
:100F4000C5F94FB1D4E9012138469047206A401CC9
:100F50002062C01C206206E0206AFAE7D4E9012181
:100F600015F8010B9047761EF8D22046FFF7C4F91A
:100F7000BDE8F0814E414E006E616E00494E460064
:100F8000696E66002DE9F047814616468AB03548FD
:100F900078440DC88DE80D0032487844801C03ACBD
:100FA0000DC884E80D0041F69B300844372190FBC2
:100FB000F1F290FBF1F5A5F1800501FB12041B3C59
:100FC00002D56442012000E00020DFF898A08046AE
:100FD0000027FA44AAF1BE0A0EE0E0070AD0324622
:100FE000684607EB470101230AEB810109F091FCF8
:100FF0008DE8070064107F1C002CEED1194F7F4450
:10100000AE3F19E0E80715D007EB04100DF1180A00
:1010100090E80E008AE80E00C068F04201D19819ED
:1010200008903246012306A903A809F072FC03AB1D
:1010300083E807006D10641C002DE3D14FF001031D
:1010400032466946B8F1000F03A802D009F04CFC03
:1010500001E009F05EFCC9E90001C9F808200AB006
:10106000BDE8F08784A700000048704758020020C0
:101070007546FFF7F9FFAE4605006946534620F076
:101080000700854618B020B5FFF7DAF8BDE8204024
:101090004FF000064FF000074FF000084FF0000B34
:1010A000AC46ACE8C009ACE8C009ACE8C009ACE8A3
:1010B000C00921F007018D46704710B50446AFF313
:1010C00000802046BDE81040FFF7A6B84FF0013C75
:1010D00050F8042B51F8043B9A4221D1A2EB0C03A7
:1010E000934313EACC1317D150F8042B51F8043B67
:1010F0009A4215D1A2EB0C03934313EACC130BD104
:1011000050F8042B51F8043B9A4209D1A2EB0C038E
:10111000934313EACC13DBD04FF00000704700BFBD
:10112000D01A01BAB1FA81F101F0180122FA01F0E6
:10113000CB40DBB2C0B2C01AC1F120012CFA01F3DE
:10114000D11A914311EAC311E6D170470149182021
:10115000ABBEFEE7260002007047000080B50448E1
:1011600001F0B3FA0348BDE8804001F0AEBA00BF19
:101170005404002084040020B0B50446006881684F
:10118000C90701D10020B0BD816821F00101816053
:1011900002F000F8054620688068C007F2D001F030
:1011A000F9FF401B0328F6D3A06A40F01000A062AC
:1011B00004F0B8F90120B0BD0146406A826A12F01D
:1011C000500F03D0006A026B084610470168826A1C
:1011D00042F400728262896801F46021B1F5602FE7
:1011E00001D1017B09B101F03BBA816A21F4807120
:1011F0008162816AC904F6D4816A41F00101816289
:1012000001F02EBA406A816A41F040018162C16AF0
:1012100041F00401C16201F054BA406A01F050BAD1
:10122000BCB504460020019021688A68D20725D108
:10123000886840F001008860114812490068B0FBDE
:10124000F1F00190019810B101980138F9E701F02F
:10125000A1FF054620688068C0071CBF0020BCBDF8
:1012600001F098FF401B0328F4D3A06A40F010005F
:10127000A06204F09CF804F055F90120BCBD00BF49
:10128000F800002040420F0080B509F099FF0349A3
:101290000AF012F8024909F049FE80BD3333534089
:1012A00000F07F452DE9FE4FDFF8C0B39246884637
:1012B00000280BF12C0307C300F09980EC4D064683
:1012C000EC49286888422BD16868EB49884227D1CD
:1012D000EC6B284608F0BAFD844221D1D5E90270B2
:1012E000A94609F06DFFE54C214609F01FFE0546B1
:1012F000384609F065FF214609F018FE4FF07E518F
:10130000074609F000FE58B9DD49384609F0E6FD08
:1013100030B9DC49284609F0F6FD002800F0F280DB
:10132000002201214FF07C544FF0000900270025D6
:1013300000208BF800009BF8000038B1B46286F8FA
:10134000262086F8251086F8249003E096F824904D
:10135000D6E90475CC49284609F0C0FDC94C0028DF
:101360001CBF0025C4F2401503F0F0FFC44900285B
:10137000384608BF2546756109F0B0FD00281CBF3E
:101380000027C4F2482738464FF07E514FF07E5474
:1013900009F0A4FD00285FFA89F008BF27463761ED
:1013A000C249022824BF002086F8240096F82500B0
:1013B000032824BF012086F8250096F8260002287D
:1013C00024BF002086F82600B46A0020308320461F
:1013D00009F084FDB64D00281CBF45F2EC14C3F69D
:1013E000787403F0F6FE002808BF2C46B462B8F10A
:1013F000000F09D040463C2103F01EF9DBE90C0A3E
:101400000068406AABF82400BAF1000F09D05046DA
:101410003C2103F011F9DBF834000068406AABF8B6
:1014200026009A4CA34EB4F84010E06BB047A24D92
:1014300084F8430084F84200A8476064A06CB4F8C4
:101440004C10B04784F84F0084F84E00A847206540
:10145000606DB4F85810B04784F85B0084F85A0007
:10146000A847E06504F066FA0120012704F06AFB52
:1014700006F0E8FD05F01EF9904C4FF4006120469F
:10148000B047A84704F053F8400905F09FF9002041
:10149000002608F0C5FC204604F07BF803F044FF6A
:1014A0000DD04168CBF838108168CBF83C1001684A
:1014B0008BF80370CBF84010C068CBF84400A84705
:1014C000CBF84800A847CBF84C00A847CBF8500011
:1014D0007B48ABF80460242106707A481830FFF787
:1014E0003CF8A847CBF85400ABF80660A847CBE916
:1014F0001606CBF860608BF808600020BDE8FE4F50
:1015000007F06CBD6049284609F0E8FC0022012183
:101510004FF07C5400287FF407AFD9E904015B4BFE
:101520000091D9F818100191D9F81C100291D9F83E
:101530002010002918BF01211970D9F824100229A0
:1015400028BF11468BF80210D9F82810022928BFAD
:1015500011468BF80E1009F033FE484909F0E6FCFD
:101560004B4903F069FF4B4900281CBF40F20009BA
:10157000C4F27029484609F0B1FC0028454808BF6C
:1015800081464248C0F81090009809F019FE3B4986
:1015900009F0CCFC404903F04FFF00281CBF40F28B
:1015A0000009C4F2601948464FF07C5109F096FCDE
:1015B0000028364808BFA146C0F81490019809F0E9
:1015C000FFFD364909F0B2FC354903F035FF3349D8
:1015D00000281CBF40F20009C4F21649484609F031
:1015E0007DFC00282D4808BF81462848C0F8189087
:1015F000029809F0E5FD294909F098FC294903F012
:101600001BFF294900281CBF40F20009C4F296398B
:10161000484609F063FC0028234808BF81461B4860
:10162000C0F81C901248C16A0291D0E90C91806BFD
:101630000191009009F0C4FD104909F077FC009970
:1016400003395F2938BF0446019A01210020022A8C
:1016500028BF0246B9F1030F38BF4946029B022B4F
:1016600038BF18468146012063E600BFF40400201D
:1016700000FC000850425542010002000000C84230
:1016800000004842CDCCCC3D000040410400002089
:10169000000070420000A0400000604100002041B6
:1016A000000016440000964300001643EC51783FBA
:1016B0008FC2F53C8131000895310008000C0140D3
:1016C000B9020020E40500202DE9FE4F01F062FD83
:1016D000DFF8F0BB804603F027FE00F0208401F025
:1016E00059FDDBF82C701FB3DBF8481097F8252064
:1016F0005023411A022A08BF9623002A08BF282334
:1017000099425FD3CBF848009BF8030000284AD0E9
:1017100097F82500CE4D022804BF49F69A15C3F666
:101720001965002804BF4CF6CD45C3F60C750BE0D7
:10173000DBF84810411A5029C0F0F183CBF848007B
:101740009BF8030078B3C24DDBE90E647868DBE9EF
:1017500010A9314609F07CFE03F02DFD314609F059
:1017600047FBCBF838002146B86809F071FE03F05A
:1017700022FD214609F03CFBCBF83C00514638687D
:1017800009F066FE03F017FD514609F031FBCBF876
:1017900040004946F86809F05BFE03F00CFD49463D
:1017A00009F026FB0CE07868CBF83800B868CBF875
:1017B0003C003868CBF8400001208BF80300F86843
:1017C000CBF84400DBF83010002956D00968BBF88C
:1017D0002400496A8AB2ABF8241082424DD0081A1C
:1017E00001B203F02CFE0CD9022835D0032844D1D5
:1017F0000BF1680008F048FA00283ED004F0F2FE31
:101800003BE097F82600012807D19248924B07F158
:10181000280201909148009014E0DFF8AC0A904A49
:101820004FF07E53C078CDE900328E4B07F11002A5
:10183000022804BF4DF20A73C3F62343002808BFF1
:101840004FF07E530BF1680006F080FBA8B106F064
:101850006BFB08F009FB10E00BF1680008F014FACC
:1018600058B19BF81510401848BF0A200A28C8BF75
:1018700000208BF8150006F0C5FEDBF834100029B7
:1018800000F00A810968BBF82600496A8AB2ABF801
:101890002610824200F00081081A01B203F0CFFD49
:1018A0001DD9022840F0F8800BF16C0008F0ECF92B
:1018B000002800F0F1809BF815100A2900F2EA8058
:1018C000DFE801F0067D50572D84A362E249BE0097
:1018D0009BF8160003F0ABFC8BF81600DAE0DFF89B
:1018E000E809614BDBF82C20007901935D4B02285D
:1018F000009304BF4DF20A73C3F62343002808BFC8
:101900004FF07E530BF16C00143206F01FFB0028E1
:1019100000F0C28006F0F8FA08F0A6FABCE009F080
:1019200037FC4FF07C5109F0C7FCDFF89C69316A45
:1019300009F05EFA4D49044609F0D0FA4C4D0028F2
:101940001CBF0024C4F2702403F043FC002808BF2D
:101950002C4634629EE09BF8190003F068FC8BF87B
:10196000190097E09BF8180003F061FC8BF8180051
:1019700090E0DFF854194A79801848BF0220022805
:10198000C8BF0020487185E009F002FC384909F021
:1019900093FCDFF83469F16A09F02AFA3549044604
:1019A00009F09CFA344D00281CBF0024C4F2963480
:1019B00003F00FFC002808BF2C46F4626AE09BF895
:1019C000170003F034FC8BF8170063E009F0E0FB2C
:1019D000244909F071FCDFF8F058696A09F008FA47
:1019E0002649044609F07AFA00281CBF0024C4F2F4
:1019F000601420464FF07C514FF07C5609F06EFA8F
:101A0000002808BF34466C6244E009F0C1FB1C4C5E
:101A1000214609F051FCDFF8B068B16A09F0E8F935
:101A20001849054609F05AFA00281CBF0025C4F2DF
:101A3000164503F08BFC002808BF2546B56229E057
:101A40009BF81A0003F0F3FB8BF81A0022E000BFAA
:101A50009A99993EEC51783F0AD7233C8FC2F53CC6
:101A600000004842CDCCCC3D000040410000704217
:101A70000000A040000096430000164300006041B3
:101A80000000204100001644DFF83C08817981F015
:101A90000101817106F0B6FD03F046FC00F03F82C3
:101AA000DFF82468DFF82C4806F13C00A04706F177
:101AB0004800A047054606F15400A04701F06AFB24
:101AC00096F843209BF81C1072B1002961D09BF856
:101AD0001D0000285AD103F0B2FC4AD9032855D181
:101AE000002004F01BFE51E019B19BF81D1031B12C
:101AF0004FE00121ABF81C10DFF8DC1708609BF801
:101B00000910012945D8DFF8D0170968401AB0F547
:101B10007A7F3ED301209BF80D1006F1100706F1E5
:101B2000200C9BF80E208BF81D009BF802008BF810
:101B300016109ACF8BF819208BF81A00DBF82C00BE
:101B4000ACE89A003178B17150B190F8241090F857
:101B5000252090F826008BF817008BF8181072716A
:101B600002208BF8090000208BF8150006F04AFDD2
:101B70000FE0DBF82C0090F8260038B9F07803F07D
:101B800051FC08BF0121F17006F0CEF90020ABF83E
:101B90001C0001F0FFFA9BF809109BF81E2096F834
:101BA0005B3004293BD1002B48D0002A00F07F8114
:101BB000DBF82C000024ABF81E40002800F07781F1
:101BC00006F09EFABF4803F0E4FCCBE9174401F0AD
:101BD000E1FADBF82C10ABF80740CBF8580040F2E4
:101BE00001104A68CBF838208A68CBF83C200A6894
:101BF0008BF80640CBF84020088301208BF80300C7
:101C0000C868CBF8440008F053F8DFF8D00680F835
:101C10003840002007F0E2F98BF80C4047E1BBB1F7
:101C2000002A00F044819BF81F00002840F03C810E
:101C300003294DD1022004F071FD35E1002A40F066
:101C400036810121ABF81E10DFF88C1648602EE1BA
:101C500042B19BF81F20002A40F02981DFF8782646
:101C6000526806E00122ABF81E20DFF86C265060B7
:101C70000246801AB0F57A7FC0F0198101208BF8F6
:101C80001F00DBF82C00032954D1002800F00F813D
:101C900004F0FEFC306BDBF82C100861706B4861BF
:101CA0009BF82000B26B08768A6200289BF82120FE
:101CB00081F8262018BF012048764FF40041002209
:101CC000804801F062FA9BF8220007F087F9EEE005
:101CD000012940F28680022940F0E68006F12003C7
:101CE00006F110040FCB0FC4B0799BF819209BF8B4
:101CF0001A309BF8181030708BF80E20DBF82C206F
:101D00009BF817008BF8023082F82600707982F871
:101D1000241082F82500581E03F089FA04F056FDBD
:101D200003F0FCFA03F0E5FA00F0998000208BF84C
:101D30001B0096E0002800F0BA8004F0A9FC9BF894
:101D40000D0000248BF82200DBF82C000169027ED4
:101D5000316341698BF8202090F8262071638BF85D
:101D600021200483806AB0634FF4967001F070F80C
:101D7000544F4FF400410122384601F006FA9BF817
:101D80000E10DBF82C00504A8BF8044001294F4913
:101D900080F8264004BF0022C4F2A00204BF002144
:101DA000C4F24011C0E9041207F082FFDBF82C00F6
:101DB00040F20111018301F0EDF9044601F0EAF966
:101DC000001BC0087C281DD807F07CFF06F042F9F4
:101DD00003F023FB0ED0007E60B1012001F038F843
:101DE000ECE79BF8040010B903F017FB30D106F0C4
:101DF00087F959E038464FF400410022002401F0F1
:101E0000C4F909E703F009FB1ED0007EE0B103F03E
:101E10008EFB400904F0DAFC9BF80E00013803F059
:101E200006FA04F0E3FC04F00FFC03208BF8090031
:101E300004F070FCF16904F087FC0020CBE91A0083
:101E4000012004F0DDFC32E0384603F0A2FB2EE076
:101E5000017E59B10021018308F006F81CE008F06A
:101E600003F89BF8160007F0B9F81DE04169006916
:101E700008F002F803F03DFA02D000208BF81B00B6
:101E800000208BF8040007F013FFDBF82C00012181
:101E9000427E017602B9417600208BF80C00307842
:101EA00010B1012006F0BAF80020ABF81E00BDB159
:101EB00003F0C5FA0CD9032812D1012004F02EFC3E
:101EC0000EE000BF000C01400000C0400000904147
:101ED000307903F0A7FA08BF0121317106F014F838
:101EE00003F022FA1BD09BF81B10012917D19BF895
:101EF0000910012913D8017E89B9407E78B901F013
:101F000049F9DBF87410401AB0F5FA7F07D303F0F3
:101F100005FA03F0EEF902D000208BF81B0007F061
:101F2000D1FE06F097F803F0FFF915D001F032F971
:101F3000DBF82C109BF807300A7E002A114618BFE8
:101F4000012183BB7AB30022CBE91602CBF86020D3
:101F50008BF808208BF8071004F0A4FB80B1DBF8A5
:101F60002C1029B1497E03290AD09BF8041039B9F5
:101F7000D549097821B1400702D0012006F04EF87A
:101F80009BF80900032804D104F0C4FB03F04FF9C7
:101F90002DE003F0C9F929D0017E39B3407E033822
:101FA00018BF012023E0002B00F02481002A00F05C
:101FB0002181DBF85820DBF86030CBF85800801A1C
:101FC0001844B0F57A7FC0F02E8100228BF80820EB
:101FD0004FF47A72B0FBF2F303FB1200CBF860000F
:101FE000DBF85C001844CBF85C00B3E7002007F096
:101FF00017FF03F024FA2CD801F0CCF8DBF870209E
:10200000DBF87810091A121A002A0ADC002908DC09
:10201000AD48C179D9B900218BF80A100121C171ED
:1020200012E0DBF85030C31ADC2B10D3CBF8500091
:10203000A548012AC37983F00103C371A4BF00201E
:102040008BF80A00012902DB00208BF80B009BF8BB
:102050000900032800F0C98001283BD0002840F087
:102060002E81DBF84C00DBF82C206421A8EB00006B
:102070003AB192F82520022A08BFC821002A08BFD9
:102080003221884206D3CBF84C8006F059FC01205F
:102090008BF80C009BF80A0028B90120012406F0F7
:1020A000E7FC8BF80A409BF80B0028B9002006F0EB
:1020B000DFFC01208BF80B009BF80C0010B901200D
:1020C0008BF80C009BF80800002840F0F88006F020
:1020D00045FDF1E001F05EF8DBF82C20FA2142B179
:1020E00092F82520022A08BF4FF4C871002A08BFC1
:1020F0006421DBF86420821A8A42C0F0C180BBF8F8
:102100002870CBF86400DBE90E4507F1140A50464D
:1021100007F00AFA6D4E2046314608F0DFFE00282F
:102120001CBF0024C4F248242046002108F0D6FE3B
:102130003146002818BF204608F0F8FE6849884656
:1021400009F0BAF808F0E8FF614C064603F0FEF823
:1021500000281CBF0025C4F240152846002108F0C5
:10216000BDFE2146002818BF284608F0DFFE414684
:1021700009F0A2F808F0D0FFC0F1AC08C6F1AC0637
:10218000B7F5937F03D807F1150007F0CDF99BF859
:1021900002009BF8121040F2FF724B4F4FF6E074B2
:1021A000012808BF1F22012940D1B7F908001428CF
:1021B0003CDB82453ADDB7F90A10009252463346BD
:1021C00006F08EF99BF80200B7F90850B7F90C90A9
:1021D000012802D102F069FF0446284649465246CA
:1021E0004346009406F07CF932E00020BDE8FE4F43
:1021F00004F006BBA3B19AB900220BF158048BF886
:1022000008201CCC821A22444FF47A74B2FBF4F5F5
:1022100005FB14222B44CBE91603CBF8602099E68A
:10222000CBF8580096E6CBF8600093E61FFA8AF5E3
:10223000B1B2284603F00EFB02F0B9FF02D102F062
:1022400034FF04461FFA88F12846224603F002FBB9
:102250000120A7F80C807E81A7F808A08BF8120057
:10226000BBF828000130ABF8280080B2B0F5947FAD
:1022700022BF00208BF81200ABF8280006F0AAF865
:102280009BF80A0028B90120012406F017F98BF801
:102290000A409BF80B0028B9002006F00FF9012036
:1022A0008BF80B009BF80C0008B906F093F89BF82C
:1022B000080020B906F03CFC01208BF80800BDE8BE
:1022C000FE8F00BFF40400200400002000004842FC
:1022D00000004041C17F000870050020E405002097
:1022E0000000104370B5F44E06F13C04204600F0A7
:1022F000E5F8174D284600F0E1F806F10801204600
:10230000042200F01BFC642000F0A2FD1148124AD8
:1023100005F130010430FEF7C5FF104803F096F9CF
:102320000F4C00210025204602F0E2FA2046002151
:1023300002F023F80B488561016821F0500101602B
:1023400003F0CCF92046BDE8704002F05DB800BF54
:10235000840400208C000020481100208FC2F53C2E
:1023600008110020202C0140FEE7002070470020CB
:102370007047000010B50E4C05490022204604F0BD
:10238000ADFD0449204604F0A3FD002010BD00BFB0
:10239000B40A0020740A002010B5054C01462046FE
:1023A00004F096FD204604F079FD002010BD00BF2A
:1023B000F80A0020014800F04FBC00BFBC0D00200F
:1023C000014800F049BC00BF000E0020F0B5066CCB
:1023D000D0E900450127C06B07FA06F6102D4660CC
:1023E0000846636008BF1046A06008BF0A46E26066
:1023F000F0BD7047EFF3108072B6FEE71949002276
:10240000CA6105490A6842F002020A604860086829
:1024100040F04000086070471020024026480168E4
:10242000C90601D4002105E00E49CA6942F0020242
:10243000CA6110210268520706D50A4A41F0040118
:10244000D36943F00103D3610269D20708D0054A7A
:10245000D36943F00403D361026922F001020261EF
:102460000160704708120020F8B5134E044600F0D2
:1024700091FE0546671C3068C00709D0002FFAD0CE
:1024800024B100F087FE401BA042F4D90320F8BD20
:102490003068800644BF202030603068C00607D412
:1024A0003069C00704D1306840075CBF0020F8BD28
:1024B000FFF7B4FF0120F8BD0C2002407CB50446B4
:1024C0000020019094F82400012801D102254EE05B
:1024D00002F065FEFEF750FE0546002844D1A06AD2
:1024E00041F2021188430230A0625B480668022074
:1024F00001F09EFAB6FBF0F040000190019810B197
:1025000001980138F9E72046FEF78AFE20688168C5
:1025100041F00801816000F03DFE064620688168B8
:10252000090705D500F036FE801B0A28F6D90FE012
:10253000816841F00401816000F02CFE06462068AD
:102540008068400709D500F025FE801B0B28F6D3D4
:10255000012510206FF0120102E001206FF003014D
:10256000A26A11400843A062002084F82400284693
:102570007CBD00BF7047000078B50022009290F843
:102580002420012A01D102214BE04C68012280F86D
:10259000242004EB8403062C05D802686FF00405A0
:1025A00002F134040AE002680C2C87BF02F12C040B
:1025B0006FF0400502F130046FF022051D441F2327
:1025C0002668AB409E430B6803FA05F5354325604A
:1025D00003EB4304092B17D989681E3C0725A1404A
:1025E00005FA04F4D56825EA04042143D16023F0F8
:1025F0000101102911D1DA498A4214D0816A41F0CF
:1026000020018162012109E0072315698968A3403F
:1026100025EA0303A140194311610021002280F83B
:102620002420084678BD89680902F6D49168102BE9
:1026300041F400019160F0D10749084A0968B1FBF3
:10264000F2F101EB81014900009100990029E4D0E9
:1026500000990139F8E700BFF800002040420F0060
:102660000068BF49884200D07047B0B51348124B8C
:1026700000F14005198934CD11445A89DB8922447F
:102680002B4400F140040EC4038A013303829BB241
:102690001E2BBDE8B040E7D30023C0E910338364AC
:1026A00003820123836103701E23B2FBF3F2B1FBAB
:1026B000F3F182824182704718040020B8020020A2
:1026C000704770470068C06C704710B504460068DA
:1026D0004168890621D5016889071ED5A16AC90606
:1026E00003D4A16A41F40071A162816801F4602100
:1026F000B1F5602F0AD1217B41B9416821F0200159
:10270000416002F020FF01D402F031FF2046FFF7C4
:10271000A7FF20686FF0120101604168090630D5FB
:10272000016849072DD5A16AC90603D4A16A41F4FD
:102730000051A162816801F4E041B1F5E04F0DD193
:10274000416821F080014160A06A20F48050A062BD
:10275000A06AC0050ED402F00AFF0BE041684905EB
:1027600008D4816801F46021B1F5602F02D1217B8A
:102770000029E5D02046FFF7FDFE20686FF00C0130
:102780000160416849060DD50068C0070AD0A06AFB
:1027900040F48030A062204600F080F820686FF09E
:1027A0000101016010BD0000A0B3B0B50446806A0D
:1027B00028B902F0FCFDE062204600F071F82046E6
:1027C000FEF7DAFCA26AA16AD20625D420BB41F248
:1027D000021021EA00000230A062D4E90101E2699E
:1027E0004B1E1043227BB3FA83F35D090B4640EA8C
:1027F0004200B1F5807F18BF2B02257D012D14D139
:1028000072B1A26A42F02002A262E26A42F00102C0
:10281000E2620AE00120704741F01000A06234E05B
:10282000A26903EB4232A2F5C0532268556825F431
:1028300069452B43164D536093682B400343B1F514
:10284000807F936001D0012904D12169114B03EBF2
:10285000015100E00021D36A23F470031943D162CF
:1028600091680D4A1140814207D100200122E062A7
:10287000A16A62F30101A162B0BDA06A40F010003C
:1028800020F00200A06202F04DFE0120B0BD00BFAA
:10289000FDF7E1FF0000F0FFFE0E1FFF7047000094
:1028A000F0B585B004460020DB49CDE90300CDE951
:1028B00001002068884232D0D84988424DD1294849
:1028C000016841F400710160016801F40071009138
:1028D000009902F0FBFB0090032002901B20019066
:1028E000009801A9204800F075FB204D204F0020E2
:1028F000202180264FF480624FF48073C5E9007078
:10290000C5E90206C5E906102846C5E9043200F00B
:1029100039FA08B1FFF76EFD6C62256215E01148C7
:10292000016841F480610160016801F480610091F7
:10293000009902F0CBFB009003200290442001900C
:10294000009801A9084800F045FB12200021002250
:1029500000F08CFC122000F07DFC05B0F0BD00BF43
:10296000002401401810024000080140BC0D002066
:10297000080002402DE9FC4100260D460446019660
:1029800000F008FC804620688168C90528D44168A9
:10299000C90503D4C16A11F4700F2AD039480668FA
:1029A000022001F045F82168B6FBF0F0374E364BB7
:1029B0000A69324203D1CA68354E324228D00A69C8
:1029C0001A4203D1CA68334B1A422BD00E69324BDC
:1029D000FC221E4227D1C968194208BF542222E0B6
:1029E00084F82460A06A40F02000A0620120BDE8C5
:1029F000FC816F1C016889072CD4002FFAD025B305
:102A000000F0C8FBA0EB0800A8421ED82068F1E740
:102A10000E6929221E4206D1C9681E4B194208BF01
:102A2000142200E0542202FB00F76E1C0198B84209
:102A30000FD236B14DB100F0ADFBA0EB0800A842BB
:102A400003D8019801300190F0E702F02BFCBDE8BB
:102A5000FC8120686FF012010160A16A41F40071ED
:102A6000A162806800F46020B0F5602F06D1207B61
:102A700020B902F068FD01D402F079FD0020BDE824
:102A8000FC8100BFF80000209224491224499224BE
:102A9000244992009224490049922400B0B502F0E2
:102AA00079FB04BF0220B0BD02F02BFB18B102F08D
:102AB0007EFC0120B0BD2068A16A40F20132914342
:102AC00001F58071A162564901F57F72904205D0EF
:102AD000A36A23F48013A362436808E00B6813F42D
:102AE000702FF5D0A36A43F48013A3620B685B05D3
:102AF00004D5A36A012565F30D33A362A36A0025FB
:102B0000DB0444BFE56A25F00605E5626FF00205C7
:102B10000023056002F0DBFC09D1904203D08168FC
:102B200041F4A00106E0096811F4702FF7D0816824
:102B300041F4801181600020B0BD00BFF8B50E46A1
:102B40000446006834491546884202D03349884219
:102B500004D13348006810F4702F0AD194F824008F
:102B6000012804BF0220F8BD02F0CBFA18B102F030
:102B70001EFC0120F8BD2168A06A40F60172904356
:102B800000F58070A062264800F57F72914205D062
:102B9000A06A20F48010A062486808E0026812F47D
:102BA000702FF5D0A26A42F48012A262006840053C
:102BB00004D5A06A012262F30D30A062A06A00224F
:102BC000194B1A4FC00444BFE26A22F00602E262C7
:102BD0006FF0020200200A6084F82400114A206A83
:102BE000C0E90A7302632B468A6842F480728A60E5
:102BF0004C31324600F0F8F820688268816802F4AF
:102C00006022B2F5602F0CBF41F4A00141F48011A5
:102C100081600020F8BD00BF002801400024014071
:102C200004240140051200081B120008B911000815
:102C300010B502F0AFFA04BF022010BD02F01EFC76
:102C400028B9A16A41F2011291430131A162002128
:102C500084F8241010BD000070B5D0E90F2301687E
:102C6000146824FA03F56C070C6801D5660715D4BF
:102C7000AE0701D5A6072BD42D0776D5240774D52A
:102C80000C6824F00E040C60012101FA03F3536078
:102C90004FF4807202848163016B62E00A689206DD
:102CA00003D40A6822F004020A60314B2F4A994289
:102CB0003CD0304B994228D02F4B99422AD02F4BF1
:102CC000994224D02E4B994227D14FF480232EE0F5
:102CD0000A68920606D4012280F821200A6822F0B0
:102CE0000A020A60224B214A994234D0214B994270
:102CF00020D0214B994222D0204B99421CD0204B0E
:102D000099421FD14FF4003326E040230FE04FF4E7
:102D100080430CE04FF4806309E002F168044FF057
:102D20008063A14208BF4FF4800300E004231360D6
:102D3000C16A16E020230FE04FF400530CE04FF47B
:102D4000007309E002F168044FF00073A14208BF6C
:102D50004FF4001300E00223002180F820101360DC
:102D6000816A11B1BDE87040084770BD040002409F
:102D7000080002401C0002403000024044000240B3
:102D80005800024048B32DE9F041D0E9001E00F19F
:102D9000100CD0E9028443F6F0739CE8E0100A6856
:102DA0009A434FF4807342EA0E0242EA0802224339
:102DB0002A4332433A4342EA0C020A600384094B35
:102DC000074A19441423B1FBF3F18900C0E90F212C
:102DD00000218163BDE8F04100E001210846704711
:102DE00000000240F8FFFDBFB0B5044690F8200097
:102DF00001281DD0012084F8200094F8210001282A
:102E000013D10020A063022084F821002068056807
:102E100025F0010505602046FFF7D8FA2068E26A30
:102E200001683AB141F00E010AE0002084F8200068
:102E30000220B0BD21F004010160016841F00A01E7
:102E40000160016841F0010101600020B0BD000097
:102E5000B0B5044600F09EF90546EC48611C0078C8
:102E600018BF044400F096F9401BA042FAD3B0BD4D
:102E70002DE9F041DFF82C81054698F8180001286B
:102E800001D1022021E001202E680C4688F81800AC
:102E900002F033F9022E13D198B90020424CC8F841
:102EA0001C00206840F004002060206840F04000D2
:102EB000206002F022F9216821F00401216001E084
:102EC00030B10120002188F81810C0B2BDE8F081AF
:102ED0004FF0FF30344F20600120A9680E46EA68A9
:102EE00001EB82218E42EDD23046FFF787FA02F0E5
:102EF00004F9396821F00201396020B9A96806F5A2
:102F000080660020EBE72660DCE700BF264801680A
:102F100041F0800101600020704700BF2DE9F84FAB
:102F2000DFF88080074698F81800012804BF0220C7
:102F3000BDE8F88F01209A4693460E4688F818009F
:102F40004CF25030FFF790FA38BB3846022F18BFCA
:102F50000420012F08BF3846134FC4B200255FFA82
:102F600085F900204C4518D9C8F81C004FEA091211
:102F70005146386840F0010038605846FDF772F954
:102F800026F819004CF25030FFF76EFA3968013517
:102F9000002821F001013960E1D0002188F81810E3
:102FA000BDE8F88F08120020102002400648C168D2
:102FB00009065CBF002070470449016004490160B4
:102FC000C068C0B2C00970470420024023016745B1
:102FD000AB89EFCD2DE9FC4F5D4A04234FF0000A89
:102FE0004FF001084FF00F0E4FF00009904208BF5C
:102FF0000323009300250A6832FA05F408BFBDE8F0
:10300000FC8F08FA05F712EA070C00F09D804C6867
:10301000032C16D9112C24D0122C30D04F4A9442B4
:1030200013D04F4A944210D04E4A94420DD04E4A8B
:1030300094420AD04D4A944207D04D4A944204D05B
:1030400020E0DFE804F0021912168C6834B1012C7C
:1030500014BF476107614FF0080913E04FF00409FE
:1030600010E0CC6804F104090CE0CC6804F1080914
:1030700008E04FF0000905E0D1F80C9002E0CC68C0
:1030800004F10C0954460746BCF5807F28BF203C5C
:1030900028BF04373B680EFA04F609FA04F4B34378
:1030A00023433B60CB79DB064ED5684A136843F077
:1030B000010313601368274A03F00103A2F57E742D
:1030C0002C4A0193019B904225F0030354F803B06E
:1030D0000AD0294A904205D0284A009E904208BF53
:1030E000022602E0012600E000260AF00C03AA08EE
:1030F0000EFA03F706FA03F32BEA07073B4344F8FB
:103100002230144B4F68FA031A6854BF22EA0C04A9
:1031100042EA0C041C60BA035A6854BF22EA0C0449
:1031200042EA0C045C60FA029A6854BF22EA0C047A
:1031300042EA0C049C60084BBA021A6854BF22EAA7
:103140000C0242EA0C021A600AF1040A013552E745
:1031500000140140000401400C0401400000111063
:103160000000121000002110000022100000311099
:103170000000321000080140000C01400010014026
:103180008068084018BF01207047002A08BF090462
:103190000161704705480068704700BF1B4803493C
:1031A00000780A6810440860704700BF541200207D
:1031B00080B50748016841F010010160032000F06C
:1031C0007BF8002000F006F800F024F8002080BD15
:1031D0000020024070B50D4E04464FF47A713078ED
:1031E000B1FBF0F00A490968B1FBF0F001F06AF8B0
:1031F00001250F2C08D838B94FF0FF3021460022A6
:10320000002500F033F87460284670BDD40000201B
:10321000F800002082B00D480222016841F001014F
:103220000160016801F0010101910199416841F0DB
:1032300080514160406800F0805000900098044840
:10324000016862F31A61016002B070471810024011
:1032500004000140002805D4734601F092FF9E4609
:10326000014A8850704700BF00E100E0F0B5184BFC
:103270004FF0FF361C68C4F30224E51E84F00704F7
:1032800038BF002506FA05F7BA43042C28BF0424EA
:1032900006FA04F4A14300F00F04A940043C1143D2
:1032A000044A234409010244002848BF03F10C02E8
:1032B0001170F0BD00E400E005494FF6FF030A6815
:1032C0001A4060F30A22034810430860704700BFA9
:1032D0000CED00E00000FA05B0B501F0070500EBC9
:1032E000411400EB45102830090658BF04F59470CE
:1032F00022B103811B0C01210A2201E000210622D8
:10330000835201730020B0BD704700EB4112D0F82A
:103310006802D26B03F051BF00EB4112D0F8680293
:10332000D2F83C2103F0A8BF10B5044648B20A46C3
:103330004FF49471002848BF2821601802F007015B
:103340004B01C15400EB4111D009487094F8280298
:10335000012804BF022010BD02F01EF804F0F6FBA5
:1033600001F0BCBEB0B50446406801F00F028242D5
:1033700001D901251FE048B24FF49472002848BFDC
:103380002822A01801F0070200255301C25400EBC7
:103390004212C809507094F828029570012801D192
:1033A000022508E00120114684F82802206804F074
:1033B00043FC84F828522846B0BD01F0070100EB19
:1033C0004110D0F844017047F8B504464EB24FF4AE
:1033D00094700D46002E48BF2820211805F00700E4
:1033E0004701C85501EB40110A61EA09CB70B6F1FB
:1033F000FF3F4A70D8BFC881022B04BF002008716C
:1034000094F82802012804BF0220F8BD01F0C4FF8F
:1034100004F07AFA002084F82802F8BDB0B501F073
:103420000701002500EB4114006804F59E7784F83D
:10343000281104F5947184F829512CC704F042FC3A
:103440000020B0BD70B54268044601F007050120B8
:10345000954223D84AB24FF49476002A4FEAD1120B
:1034600048BF294648BF28264B01264406EB411198
:10347000F554887094F828024A70012804BF02208D
:1034800070BD01F089FF04F009FC25B9206804F53E
:103490000C7104F0CFFB002084F8280270BD10B539
:1034A00001F0070400EB4411006801F8284F0024E4
:1034B00001F1140CACE81C0001224A7004F002FC7B
:1034C000002010BD2DE9FE4F0446006804F0CCFC3E
:1034D000000400F18080206804F0C6FC40050DD592
:1034E0002068B0F8441021F48061A0F84410204610
:1034F00000F04EFA2046002100F064FA206804F043
:10350000B3FC01462068490405D5B0F8441021F405
:103510008041A0F8441004F0A7FC0146206889040B
:1035200005D5B0F8441021F40051A0F8441004F07F
:103530009BFC01462068C90410D5B0F8401021F06A
:103540000401A0F84010B0F8401021F00801A0F8E4
:103550004010204600F02EFA01F081FF04F084FCB8
:1035600000051BD52068B0F8401041F00801A0F814
:103570004010B0F8441021F40061A0F84410B0F8F5
:10358000401041F00401A0F8401004F06DFCC004AC
:1035900001D501F064FF204600F03AFA206804F0FB
:1035A00063FC800509D52068B0F8441021F400714F
:1035B000A0F84410204600F001FA206804F054FC02
:1035C000C00506D52068B0F8441021F48071A0F839
:1035D0004410BDE8FE8F04F50C7004F1280740F696
:1035E0000F75019004F5947002902068B0F94410B2
:1035F000B1F1FF3F3FF770AFB0F8442012F00F0B6E
:103600002CD030F92B804FEA4B09B8F1FF3F00F383
:10361000F08030F819102940803120F819100299F3
:1036200001EB4B1A9AF80C10002900F09F809AF8D1
:10363000001000EB011230F821104904B0F85010CE
:1036400002EB410100F1A580B1F80C646FF39F26F5
:10365000002E00F0A880BAF80A20A1E00188D20666
:103660002AD4294001F500410180B0F8501000EB48
:10367000410094F8281000EB0110E16BB0F804044D
:103680006FF39F20606408440021E0632046FFF749
:103690003CFE94F824000028A7D0206C0028A4D178
:1036A000206894F8241041F08001C9B2A0F84C10B1
:1036B000002084F8240098E70A053BD409B2B1F150
:1036C000FF3F92DC018800F20C42294080310180EA
:1036D000B0F8501094F8283102EB41011B01CB5A8D
:1036E0006FF39F23C4F84431A3B1D4F83C1189B1DE
:1036F000B4F82E2104F0BBFBD4F83C01D4F84411FB
:1037000008440021C4F83C012046FFF705FE20686C
:1037100000F20C42D4F83831B0F85010002B00F011
:1037200093803E2B00F2988003F0010606EB5303D2
:103730009B029EE0B0F8501094F8282100EB410164
:1037400001EB0211B4F82E21B1F80C3401996FF39A
:103750009F23C4F8443104F08AFB20680188294083
:1037600080310180204600F03BF93EE7B0F8501070
:103770009AF8002000EB410101EB0211B1F80C6452
:103780006FF39F26002E5DD0BAF8062001F09AFE56
:1037900015E0B1F804646FF39F2626B1BAF808204B
:1037A00001F090FE00E000269AF80000216848F23F
:1037B000C00331F820202A401A4321F82020DAE9FA
:1037C0000503DAF81C1082193144CAF81C10CAF833
:1037D00014204BB1DAF810009AF80010B04205D866
:1037E0002046FFF71BFE04E09AF800102046FFF782
:1037F00093FD1FFA88F000067FF5F7AE206807EB0F
:103800004B1630F81910294001F5004120F8191025
:103810004FEA4B11795CB0F8502000EB4200D6E93A
:10382000052300EB0110B0F804046FF39F2002445D
:10383000F0612046726113B1FFF731FED5E6FFF764
:1038400064FDD2E60026BAE7535A104E23F4F8433B
:103850005352535A33430CE0DE064FF0FF354FEA24
:10386000531608BF05EB5316084B40F60F7543EA95
:103870008623535243F60F720188114048F2C0026A
:1038800002F53F5251400180AFE600BF0080FFFFCC
:10389000F0B585B000284ED0044690F8290228B92A
:1038A000002084F82802204600F054F8032084F811
:1038B0002902206804F0B7F994E8EF508DE8E05051
:1038C00004F042F9A0BB20680021002504F0E4FACE
:1038D000616804F1280001220023DEB2B1420BD955
:1038E0007701C35500EB46170133FE817A70C7E9B3
:1038F0000455BD61FD70F0E704F5947000220023CB
:10390000DDB2A9420AD96E0100EB45158355C5E920
:103910000422AA61EA706A700133F1E704F1080E2B
:1039200020689EE8EC508DE8E05004F06CF930B16E
:10393000022084F829020125284605B0F0BD0025A3
:10394000012084F8245084F82902206804F059F9F1
:10395000F2E7000000680C49884218BF7047E0B5E4
:103960000A480022016841F400010160002100685A
:1039700000F40000019001981420FFF777FC142058
:10398000BDE88C40FFF766BC005C00401C100240A4
:1039900010B504468068022818BFFEF72BFDD4F846
:1039A0006802012103F052FDD4F86802BDE810401E
:1039B00003F00CBDD0F8680203F030BDD0F8680207
:1039C00003F036BD10B501F0C7FB04BF022010BDE7
:1039D00084F8241001F0E0FC04F060FA01F07EBBF2
:1039E000D0F8682200F50C71104603F03BBD10B50D
:1039F00001F0B2FB04BF022010BD01F046FC2068BC
:103A000004F0FDF8206804F023FA01F067BB000021
:103A100010B50446D0F8680203F061FDA06920B13A
:103A20000248016841F00601016010BD10ED00E0A0
:103A300010B501281CD002280ED010283ED12849EC
:103A40004A680868C00139D5C2F3834025A3D20370
:103A5000185C35D4CF4A3BE000F066F920490222D9
:103A60004968C1F3813102EB4101B0FBF1F010BDB7
:103A70001B490B6AC3F3012003F44072DFE800F036
:103A800002030E17F3E7980744BF4FF4004010BD40
:103A9000B2F5407F0BD0B2F5007F0FD1486A8007A6
:103AA00044BF49F6404010BDB2F5407F06D10868DA
:103AB0004FF22441800301EAE07010BD002010BDE8
:103AC0004A680CA3C2F340429A5CAC4BB3FBF2F2DF
:103AD000496850434902CAD440000321C5E700BFEA
:103AE0000010024002030405060708090A0B0C0D2A
:103AF0000E0F1010010200002DE9FC410446007871
:103B00009D4EC00743D0B0695FEAC00808D4B069D1
:103B100040F08050B061B06900F080500190019891
:103B20002C4F3868C00511D4386840F48070386074
:103B3000FFF730FB05463868C00507D4FFF72AFBBE
:103B4000401B6428F7D90320BDE8FC81F06910F41C
:103B500040700FD0616801F4407188420AD01E495C
:103B6000F06901220A6000220A6020F44071C00757
:103B7000F16120D16068F16921F440710843B8F126
:103B8000000FF06103D4B06920F08050B06120686C
:103B9000810705D5A168326822F4404211433160A3
:103BA000C00605D5E068316821F480010843306023
:103BB0000020BDE8FC81FFF7EDFA054641F28837A9
:103BC000F0698007D6D4FFF7E5FA411B0320B9421C
:103BD000F6D9EEE7007000404004424200286ED063
:103BE0002DE9F8430D464D490446086800F00700EA
:103BF000854209D9086820F0070028430860086852
:103C000000F00700A84265D12068894681075A491B
:103C1000884617D5410705D5D8F8001041F4E06172
:103C2000C8F80010010705D5D8F8001041F460511C
:103C3000C8F80010A168D8F8002022F0F002114363
:103C4000C8F80010C0073CD1D9F8000000F0070008
:103C500085420CD2D9F8000020F007002843C9F8AB
:103C60000000D9F8000000F00700A84232D1206817
:103C7000410707D5E168D8F8002022F4E06211433B
:103C8000C8F80010000708D52069D8F8001021F402
:103C9000605141EAC000C8F8000000F053F8D8F8BD
:103CA00000101F4AC1F30311515CC840234908604A
:103CB0001C480068FFF78EFA0020BDE8F883012059
:103CC000704758F8041C6068022806D0012822D1E9
:103CD000890304D40120BDE8F8838901FAD5D8F816
:103CE000001021F003010843C8F80000FFF752FA62
:103CF000064641F288376068D8F8001001F00C01E0
:103D0000B1EB800FA0D0FFF745FA801BB842F2D983
:103D10000320BDE8F8838907DCD5E0E700200240F6
:103D200030B70008D8000020DE481349044A006874
:103D30000968C1F3C221515CC8407047F8000020F7
:103D400040B7000810B50C490C480A6802F00C0393
:103D5000082B07D1C2F3834309A4D203E35C02D446
:103D60000C48584310BD096809A25843C1F34041AB
:103D7000515CB0FBF1F010BD0410024000127A005B
:103D800002030405060708090A0B0C0D0E0F10109C
:103D90000102000000093D00002843D02DE9FC414C
:103DA00004460078BD4EC0070BD0706800F00C00D0
:103DB000042839D13068800303D56068002800F0FA
:103DC000B6802078800717D5706810F00C0F05D0EA
:103DD00001F0D2F942D17068C0033FD43068800747
:103DE00003D52069012840F0A2806069316821F084
:103DF000F80141EAC0003060207800075ED5A06974
:103E000000283ED0A6480121C0F88014FFF7C2F96F
:103E10000546706A800744D4FFF7BCF9401B0228AE
:103E2000F7D902E10120704701F0A6F902D17068CC
:103E3000C003BFD462683068002A20F4803100F0EB
:103E4000F780B2F5A02F00F0DD80B2F5803F00F0E2
:103E5000DD803160306820F48020D9E0216990480D
:103E6000002900F08F8001210160FFF793F90546DA
:103E700030688007B9D4FFF78DF9401B0228F7D9C5
:103E8000D3E087480021C0F88014FFF783F9054686
:103E9000706A800712D5FFF77DF9401B0228F7D919
:103EA000C3E080484FF4FA510068B0FBF1F0019094
:103EB00000BF0198411E00280191F9D120784007E8
:103EC00014D4E7697FB101F057F93ED1012F2ED00C
:103ED000216A706800F480328A4228D1616A00F455
:103EE0007010884223D10020BDE8FC81F0695FEAB0
:103EF000C00808D4F06940F08050F061F06900F02B
:103F0000805000900098684F3868C00512D4386817
:103F100040F480703860FFF73DF905463868C00509
:103F200008D4FFF737F9401B6428F7D97DE001205A
:103F3000BDE8FC81E168306A002948D0052931D00C
:103F4000012933D001F0D2F832E0554900208846EB
:103F50000866FFF71FF90546022F09D13068800176
:103F600079D5FFF717F9411B03200229F6D9BBE7E2
:103F700030688001B7D5FFF70DF9411B03200229F6
:103F8000F6D9B1E700210160FFF704F90546306872
:103F900080077FF531AFFFF7FDF8411B03200229B1
:103FA000F5D9A1E740F004003062306A40F001002A
:103FB0003062FFF7EFF8054641F28837306A800734
:103FC00017D4FFF7E7F8401BB842F7D92DE001F00E
:103FD0008DF83062FFF7DEF8054641F28837306A27
:103FE000800706D5FFF7D6F8411B0320B942F6D962
:103FF0007AE7B8F1000F3FF564AFF06920F0805028
:10400000F0615EE740F480203060306840F480303A
:104010003060FFF7BFF80546306880033FF5D1AE4A
:10402000FFF7B8F8401B6428F6D90320BDE8FC81EF
:104030003160306820F480203060FFF7ABF805462F
:10404000306880037FF5BDAEFFF7A4F8411B032065
:104050006429F5D948E7206AB0F5803F05D1A16809
:10406000726822F4003211437160616A726822F44E
:1040700074121143084370600120C8F86000FFF714
:1040800089F80446306880013FF52DAFFFF782F8CC
:10409000011B03200229F5D926E700BF00100240CA
:1040A00000004242F80000200070004070B588B364
:1040B00000240546846290F8510020B9284685F80E
:1040C000504000F02BF8022085F8510095E80F00D1
:1040D00011430668194326F0400606602A69114319
:1040E0006A691143AA6902F400731943EB69194321
:1040F0002B6A1943AB6A19430160042101EA12419A
:104100004160C16921F40061C16101206C6585F8DD
:10411000510000E00124204670BD0000F0B585B0DC
:104120000446204800262268CDE90366CDE90166F1
:1041300000F520518A4233D1B2490A6842F48052D4
:104140000A600A6802F480520092009A0A6842F0FB
:1041500004020A60096801F004010091032104913E
:1041600002210291A0210191009901A9FEF732FFDD
:104170000D4D4FF480604FF480710C4F802210235E
:10418000C5E904102846C5E90073C5E90262C5E91E
:104190000666FEF7F7FD08B1FEF72CF96C62A56420
:1041A00005B0F0BD00080140000E002030000240C4
:1041B0002DE9F84301F036F804BF0220BDE8F8838A
:1041C0004FF001091D4616460F4684F85090FEF741
:1041D000E1FF804694F85100012840D1002F40D0E3
:1041E000002E3ED0032084F8510000206065E68652
:1041F000A6862763A087A063C4E91000E087A168B2
:104200002068B1F5004F03D1016841F4804101609D
:104210000168490601D400F0D2FFE2686168B2F596
:10422000006F20D109B1012E01D101F05AF86E1CA6
:10423000E08E90B301F082F808D4FEF7ABFF002EB9
:10424000F6D0A0EB0800A842F2D337E0216B31F89A
:10425000022BC2602163E08E0138E086E8E702208D
:104260002DE001202BE009B1012E02D1397801F0B7
:1042700083F96E1CE08E80B101F060F808D4FEF77F
:1042800089FF002EF6D0A0EB0800A842F2D315E07B
:10429000216B097801F070F9ECE720462946424687
:1042A00001F05EFA08B120206065A06808B901F04D
:1042B00002F8606D002818BF012000E0032000F024
:1042C000A1BF0000411E0020B0EB116F1CBF0120F8
:1042D0007047044AF023516003490B700721906036
:1042E0001160704710E000E023ED00E07047704778
:1042F000024690F83C00012804BF02207047F0B548
:1043000001F10807D1E900C44B690020C969E0CF79
:1043100082F83C00126826F47C5624F4F04425F41C
:10432000705535432C432CF4E0452C4327F4C0450D
:104330002C43234323F4804319435164F0BD90F888
:104340003C300222012B16D010B580F83D200368C6
:1043500006C95C6824F0700421439C68596024F00D
:104360008001114300229960012180F83C2080F8EF
:104370003D10BDE810401046704710B500F049FFF1
:1043800000F0C5FE01D001F0B4F8002010BD58B116
:1043900010B501F033F818B900F0BBFF00F006F8D3
:1043A00000F092FF01F0A0B801207047E0B500686E
:1043B0001249884216D0124988421DD19B480022DA
:1043C000016841F4006101600021006800F40060B0
:1043D000019001981920FEF749FF1920BDE88C4093
:1043E000FEF738BF9148416841F0020141604068E2
:1043F00000F00200009000988CBD00BF0004004057
:10440000002C0140181002400068C16841F0010111
:10441000C160724600F01DFF964603D0724600F060
:10442000D3FE96460020704710B500F0F0FF1DD077
:1044300084F83D0001204FF6777384F83C00206833
:1044400082689A4382600A682AB1102A03D0202A1F
:1044500018BF302A0BD1816821F07001114341F05F
:10446000070181600020012101F048F810BD402AB9
:104470001AD0502A2DD0602A1FD0B2F5005F0AD082
:10448000702AEFD1D1E90123C96800F0AEFE81683E
:1044900041F07701E5E7D1E90123C96800F0A5FE05
:1044A000816841F48041DCE700F0F5FF2068816815
:1044B00041F0470121F03001D3E74B68CA68194643
:1044C00002F07FF82068816841F0670121F0100157
:1044D000C7E700F0E0FF2068816841F0570121F054
:1044E0002001BEE700283FD0F8B500F087FF0D4659
:1044F00018B900F00EFF00F039F8022044F207026C
:1045000084F83D002068816891438160211D01F09D
:104510005BFF2668D5E9000CD5E90223B76838436C
:10452000B769316AB060A86942EA00204FF6FC42E0
:1045300090434FF6FF7227EA02021A431043EA69DA
:1045400040EA02202A6940EA02102A6A40EA023060
:10455000B06121F02200696940EA0C0040EA0110D4
:10456000306201F011F8F8BD0120704770B586B0D7
:1045700000682D4A0021CDE90411CDE902119042D5
:1045800035D0B0F1804F4DD1A5480026A54C4168EB
:1045900041F001014160416801F00101019101997F
:1045A000016841F004010160016801F0040101911A
:1045B000019900F0C8FD0198CDE903664FF4004071
:1045C000029002ADA4F580602946FEF703FD0820A5
:1045D0002946CDE9036602902046FEF7FBFC92488F
:1045E000134A01681140134A114301601AE08C48D4
:1045F000426842F004024260426802F00402019202
:10460000019A026842F008020260006800F00800A7
:104610000190C020CDE903110290019802A98148C0
:10462000FEF7D8FC06B070BD00080040181002402C
:10463000FFFCFFF80001000710B500F064FF06D092
:1046400009B9002104E0002100F097FE2068042150
:1046500000F093FE206800F0B7FD002010BD704709
:1046600010B5044600680169890712D5C168890739
:104670000FD56FF002010161012121778069800768
:1046800002D000F005FF01E000F0A9FE0020207735
:1046900020680169490713D5C168490710D56FF033
:1046A0000401016102212177806910F4407F02D06A
:1046B00000F0EEFE01E000F092FE0020207720687E
:1046C0000169090712D5C16809070FD56FF0080104
:1046D000016104212177C069800702D000F0D8FE73
:1046E00001E000F07CFE0020207720680169C90607
:1046F00013D5C168C90610D56FF0100101610821FA
:104700002177C06910F4407F02D000F0C1FE01E0C3
:1047100000F065FE0020207720680169C90709D0F4
:10472000C168C90706D06FF001010161204600F0A1
:10473000F3F820680169090609D5C168090606D59C
:104740006FF0800101612046FFF7D0FD206801690C
:10475000490609D5C168490606D56FF040010161D7
:10476000204600F05BFC20680169890602D5C1681B
:10477000890600D410BD6FF0200101612046BDE81C
:104780001040FFF7B4BD000070B586B0002100688E
:10479000CDE90411CDE902112049884227D05D49B5
:1047A000884238D11E4802261E4C016841F008019B
:1047B0000160016801F008010191019900F086FC97
:1047C00001904FF4C040059603960290019802AD07
:1047D00020462946FEF7FEFB4FF440702946059619
:1047E00003960290A4F58060FEF7F4FB13E00C48FA
:1047F00000F0A9FC0220059003902020029001986F
:1048000002A90848FEF7E6FB0748084A016811407C
:10481000074A1143016006B070BD00BF00040040AC
:1048200018100240000C014004000140FFF3FFF8A3
:10483000000800077047000070B500F093FD44D0F9
:1048400084F83D0001264FEAB200032884F83C605A
:1048500036D8DFE800F002220A1A2068294601F063
:1048600009FE206850F8181F06E02068294601F06C
:104870004FFE206850F81C1F41F0080101600168DC
:1048800021F004010160296917E02068294601F040
:1048900065FE206850F81C1F06E02068294601F0DC
:1048A0000FFE206850F8181F41F400610160016894
:1048B00021F48061016029690902026811430160E5
:1048C000002084F83C0084F83D6070BD58B110B5FC
:1048D00000F094FD18B900F01CFD00F006F800F09F
:1048E000F3FC00F001BE01207047704770470000E4
:1048F00010B50446006800F040FD2068F049884289
:1049000001D100F0FCFC00F0A4FC01D000F05CFC44
:10491000002010BD002C01402DE9FE4F0068E84941
:10492000884201D0BDE8FE8FDFF8F0BDDFF8949C2F
:10493000DFF8147DDBF834000130CBF83400B9F82F
:104940000E0097F82960FCF79FFCDE4906F0B4FCE6
:1049500004469BF805009BF8065009EB80020130E5
:10496000D169D461C2B2072A88BF00208BF8050044
:10497000DBF85C0006F06CFD0146204606F038FAD4
:104980000446CBF85C00D048022E04BF4CF6CD4064
:10499000C3F64C60002E04BF46F26660C3F6267074
:1049A0000290072D9CBF01358BF80650E8B206F047
:1049B00007FC0146204606F0B9FA80467860B9F84F
:1049C0000A0000F0ADFE9BF8084006469BF8070081
:1049D00009EB8401022801F110090ED8DBF8601000
:1049E000451C30468BF8075006F002FA0746E8B23D
:1049F00006F0E6FB014638460BE0DBF86000D9F82C
:104A0000001006F025FD0146304606F0F1F9AF49E9
:104A1000074606F08BFA611CCBF86070C9F800609D
:104A2000CBF85400CAB2022A88BF00218BF80810C4
:104A30009BF8041061B1DBF85860314606F008FDC0
:104A40000146029806F038FC314606F0D1F902E042
:104A500001218BF80410CBF858009BF80200DFF816
:104A6000E87B01305FFA80FA8BF80200BAF1050F9B
:104A70004AD300208BF802009BF8000038B3BBF843
:104A80001200FCF701FC924906F016FC0746BBF841
:104A9000140000F045FE8146DFF8AC0BD0E9024679
:104AA0003846DFF8A47B00F05FFD029D014600F070
:104AB00006FD00F0D1FCB8604846314606F0C8FC5F
:104AC000014600F0FCFC314606F092F9F860387FB0
:104AD000D0B940464FF0804106F00EFAA0B9DBF89D
:104AE00064404FF08041204606F00DFA05464046EE
:104AF00000F03AFD774906F0DFFB00F0ADFC002D39
:104B000018BF4046CBF86400FEF744FB397F0446EB
:104B10009BF80900B1B1D8BB0020CBF868408BF8F6
:104B2000010000F041FD0120B969ABF80B00786885
:104B3000CBE91B0197F82A00012814D1F86A00F08C
:104B40006BFD13E018B99BF80A00012801D100F0B1
:104B5000C5FD797F00208BF80900032918BF7877FD
:104B600000F022FD53E05C4800F070FD5449002045
:104B70008863086A20F05000086240F20110ABF828
:104B80000900DFF8940B0068416C41F40041416476
:104B90003D69524E2846314606F0AEF978B90220FA
:104BA0003A1D8BF8010007CACBF81C00CBF8201087
:104BB000CBF82420CBF82850CBF82C501BE0DBF8A6
:104BC0006800201AC82828D3DBF85440444E2046F9
:104BD000314606F091F900BB03208BF80100D7E9BC
:104BE0000101CBF81C00CBF82010CBF82440CBF807
:104BF0002850CBF82C40CBF8306000F0D5FC4FF4B7
:104C00004070B88300F06AFD00208BF8090097F827
:104C10002A008BF80300BDE8FE8F9BF8030097F88D
:104C20002A10884205D000F0BFFC97F82A008BF8C4
:104C30000300012818D1FC6A01202A497877204610
:104C400006F04CF9E14D00281CBF45F2EC14C3F608
:104C5000787400F034FA002808BF2C46FC62204625
:104C6000BDE8FE4F00F0D8BCBAF1040F02D897F8A7
:104C7000299013E1DBF83C00D34E0130CBF83C0027
:104C800097F82990B9F1000F06D0B9F1020F07D1BA
:104C9000D1480190D14806E0CD480190CD4802E0CE
:104CA000CF480190CF480290387F30B197F8280064
:104CB000012819D1D7F8148027E04FF0000824E02C
:104CC000002C014093183241CDCCCC3E0000404036
:104CD0000000B841CDCC4C3D8FC2F53C0000A04255
:104CE00000007841EC51783F35687C6928462146C0
:104CF00006F0FBF840B9BC49284606F079F8214691
:104D0000804606F0F9F800B9A0469BF80B0039463A
:104D10007F68C6F80080012802D1DBF86C4006E00D
:104D200001203C46ABF80B008869CBF87000384690
:104D300000F01AFCAD4906F0BFFA00F08DFBDBF87D
:104D400064500446CBF86C004FF08041284606F0D2
:104D5000CCF810B93D46CBF864709BF80C604EB1AE
:104D6000A64900F0ACFB0146204606F0CCF858B14D
:104D7000A04D10E09E4900F0A2FB0146204606F03F
:104D8000ADF818B19C4D06E09B4D00E0994D86F0C2
:104D900001008BF80C00DFF8B0A8DBF87060DAF8DF
:104DA0001840304600F0CCFB002818BF26462846A5
:104DB000314606F01DF82146054606F08FF88B496E
:104DC0000028284608BF2C4606F09DF800287E489B
:104DD0001CBF4CF6CD44C3F64C644146CBF8704042
:104DE0004460384600F0F0FBDAF80810044640460C
:104DF00006F02EFB06460198314606F05DFA804922
:104E000006F05AFADBF8748000F089FB7D4907460A
:104E100006F064F87C4D00281CBF49F69A17C3F6CB
:104E200099673846294606F059F8002808BF2F46EA
:104E30000298314606F040FA00F00EFB394604466F
:104E400005F0D6FF7149054606F056F820B9304600
:104E5000002106F043F860B95C49284606F045F8A1
:104E600020B93046002106F04EF810B9B846CBF80C
:104E70007470204600F053FB6449044606F02EF897
:104E8000524D00281CBF45F2EC14C3F6787400F0B4
:104E900016F94C4F002808BF2C463C60DBF8380060
:104EA000494C0130B9F1000FCBF8380008D0B9F106
:104EB000020F19BF4FF07F564A48564E474801E04F
:104EC000534E444881462168786800F07DFB0746D0
:104ED0006068DBF85810DBF8788006F0B9FA054610
:104EE0003046294606F0E8F94B4906F0E5F900F0AE
:104EF00016FB4449064605F0F1FF434C00281CBF51
:104F000049F69A16C3F69966304600F019FB002858
:104F10004846294608BF264606F0CEF9394605F030
:104F200067FF3146074605F063FF3849044605F040
:104F3000E3FF20B92846002105F0D0FF60B92349DE
:104F4000204605F0D2FF20B92846002105F0DBFFFE
:104F500010B9B046CBF87860384600F0E0FA2B493B
:104F60000446884605F0BAFF184D00281CBF45F2DC
:104F7000EC14C3F6787400F0A2F8124E002808BFB3
:104F80002C4620463768394605F0BDFF0121002830
:104F900018BF0221717708BF3C462046414605F004
:104FA0009DFF00281CBF45F2EC14C3F6787400F096
:104FB00086F8002808BF2C462046BDE8FE4F00F0CA
:104FC00045BB00BF8C000020180400208FC2F53CB8
:104FD0008FC205407E6A3C3C85EB913F8FC2F53B1A
:104FE0003333F33F0AD7233C0BD7A33CCDCC4C3E05
:104FF0006666663FCDCCCCBD0BD7A33B7B146E3F22
:105000006F12833A9A99993E9A9999BEEC51783FDA
:105010003433D33F6766663F17B751397047FEE7B1
:1050200070B501310023372472B1060F01F8023B3D
:1050300004EB1075B0F1204F38BF06F1300501F8D0
:10504000035C013A0001EFE770BD000080B50F4836
:105050000F49002202F08AF808B1FDF7CBF90B489E
:105060000C4902F059FA08B1FDF7C4F907480A499A
:1050700001F027FF08B1FDF7BDF9044802F060FA1E
:1050800018B1BDE88040FDF7B5B980BDF80A002031
:10509000DC000020FC00002020020020FEE7FEE7EC
:1050A00001224FF47A73FFF783B8AF2073210022F7
:1050B00000F0B0BB4B204B214B2200F0ABBB204695
:1050C000294605F00BBF214602F022B8016841F0E5
:1050D00004010160006800F004007047002084F8BB
:1050E000280210BDA0F840100020704720F00100F9
:1050F0003062306A20F0040070474CF25030FDF707
:10510000B3B9012084F824002046FCF789B8206850
:10511000416C41F400414164816801F007010629B6
:105120007047D4F8B40229468268204610470546E5
:1051300020460E4605F030BE002105F0CFBE4FF0F0
:105140007C5105F055BE016841F00801016000681E
:1051500000F0080001907047044690F828020128EA
:10516000704730F8223040F60F7423400B4403F5AB
:10517000804320F822307047706800F00C00082847
:1051800070471C21012201EAD00100F01F0002FA41
:1051900000F07047044690F8240001287047012071
:1051A00084F8240020467047204601F03EBF9BF85B
:1051B0000200012870470146284606F07DB80168C4
:1051C00041F0400101607047016841F00101016058
:1051D00070472046294605F081BED221022380B2C5
:1051E000CDE90080A42000F059BC1A4342EA012115
:1051F000826822F47F421143816070472D20322162
:105200003A227047002184F8501084F85190BDE88C
:10521000F88304460068042201F01DB9CD20CD2199
:10522000CD227047044690F8500001287047B0FA2C
:1052300080F0400970474FF494720223CDF800804B
:1052400000F0F8BA89B2CDE90001DA20AA2100F015
:1052500025BC816801F0070106297047CDE90031BE
:105260000420D221022300F019BC9BF8021001395E
:10527000B1FA81F170474FF07C5105F0B9BD31466C
:10528000CDE910780F90484620470120012184F88D
:1052900028022046FEF738B8FD064FF0FF334FEAEC
:1052A00057157047002084F82400A06A40F00400DD
:1052B000A06203207047002000902068C168009120
:1052C00080680090009870470220211D84F83D00FE
:1052D000206801F079B8204601F077BE294605F034
:1052E000EBBF37F8021BC1602763E08E0138E08610
:1052F00070478BF801009BF80100002870474A6C4A
:1053000042F400424A647047CDE90056CDE90201FB
:105310007047002084F83C0020467047DBF82C00E2
:105320004169006904F0A8BDDBF82C000028704733
:1053300001EB8000E52180B200F07CBA2068816832
:105340008907704701284FF0000070472846214622
:1053500005F0C4BD9BF802000024002140F2FF7359
:10536000012870470D4690F83C10044602200129A0
:10537000704789B2CDE900017047012201F05CB8A5
:1053800022460123CDE90086384728461821FAF73E
:105390007DBF3046FDF7F0B8012084F82802206870
:1053A000704707F0010303EB57039B02704700208F
:1053B00084F82400704794F89C0201380228704752
:1053C0001C210122912300F035BA4FF4A072012371
:1053D00000F030BADA20B421022203F013BD4DF8F8
:1053E00008ED2046FFF726FA20465DF808EBFFF7A8
:1053F0007DBA4021CDE90067FAF748BF044690F82E
:105400003D007047064628460F4605F0C5BC90F89B
:105410003C2004460220012A7047DBF82C00417E24
:1054200003297047411EB1FA81F14909490000285A
:105430007047204640212847814605F04FBD9BF824
:105440000900012870474B204B214B2200F0E2B9A4
:105450009D21022300F022BB214605F0C9BC206833
:10546000B0F8441021F48051A0F84410704730F88F
:1054700022402140594020F822107047012084F832
:1054800024002046FBF778BE94F89C02032870475E
:105490002046FFF7E4B84B68CA68194601F080B8A7
:1054A000B04202620A688B68046A45687047D9E9AD
:1054B0000C0405F071BC2A2030213C22704728469C
:1054C00005F0FABEDAF81410334602F0D0BC84F8C6
:1054D0002430836803F46023B3F5602F7047606D58
:1054E00040F0200060657047012084F83D000020F6
:1054F00010BD016841F001010160704784F83C0073
:1055000084F83D10704704460068042970474FF046
:105510007C5105F06DBCCD20CD21CD227047414698
:1055200005F066BCE06A40F00100E06270479BF85D
:1055300002000138B0FA80F07047304605F0CEBC6A
:10554000214605F0CBBCA06A20F48070A062A06A5E
:10555000C00470474FF49472012300F06BB9FF2030
:105560000021FF2200F056B9214605F071BFA06A64
:1055700040F00100A06270470173206B013020638E
:10558000E08E0138E0867047012084F83D0000205D
:1055900070474FF400410022FDF7F7BD034628464F
:1055A0001821FAF773BE704710B55C48264B0021EE
:1055B000474C044AC0E91D11017198691C60C2E999
:1055C000001010BD1804002070B50E464FF07C513D
:1055D000054605F098FC08B13D4C1AE030464FF006
:1055E0007C5105F090FC3A4C98B93046294605F0BC
:1055F0009DFC3649054605F071FC00281CBF45F2AC
:10560000EC15C3F678752846FFF79AFF002818BFF7
:105610002C46204670BD00BFB0B52C49044605F0AD
:105620005DFC2B4D00281CBF45F2EC14C3F67874CA
:10563000FFF745FD0028044808BF2C46C4622046F9
:10564000BDE8B04000F002B88C0000202DE9F04128
:105650001E4D0746294605F041FC1D4C00281CBF85
:1056600045F2EC17C3F678773846FFF769FF19491A
:10567000002808BF27460868884605F0A1FD0646B1
:105680003846314605F018FEFFF759FD05F060FD7C
:1056900007463046294605F00FFEFFF750FD05F09E
:1056A00057FD054687423046214638BF3D4605F046
:1056B00003FEFFF744FD05F04BFD874238BF05466A
:1056C00005480580C8F80850BDE8F081EC51783FE6
:1056D0008FC2F53C2C2C0140F40A00200D4900201B
:1056E00041F21113486188610A6822F050020A6091
:1056F000094909680A6A1A4208D10A6A40F2444311
:105700001A4203D14A6C22F400424A640349887267
:10571000704700BF202C014008110020B802002073
:1057200010B505F04DFD0A4905F0C6FD094905F023
:10573000FDFB094905F0FAFB084905F0F7FB0021DC
:10574000044605F0E0FB002818BF0024204610BDE9
:105750003333534000F07F450000C8426F12033BD3
:1057600010B513460A468021044600F007F818B128
:10577000FFF7B5FE032010BD002010BD2DE9F0415C
:10578000984616460F460446551C206880683840E7
:10579000B84230D1002DF8D0FDF7FCFCA0EB08009A
:1057A000B042F2D3D4E900014268B1F5827F22F021
:1057B000E00242600AD1A168B1F5004F02D0B1F514
:1057C000806F03D1016821F040010160A16AB1F549
:1057D000005F07D1016821F400510160016841F4C4
:1057E00000510160002084F85000012084F851002D
:1057F0000320BDE8F0810020BDE8F081D0484FF4DF
:1058000080610122FDF7C1BCCD484FF480610022C8
:10581000FDF7BBBC01F0FC0100F0F800C90041EA53
:10582000002040EAD2007047F54801210122FDF72F
:10583000ACBC00BF62B15BB11CB502440B44049C1C
:10584000013A013B92B29BB2009400F019F81CBDE2
:10585000704700001CB5C94B1C88A0420ED25B8863
:1058600099420BD252BA0B46ADF80620024600F020
:105870008DF90DF10600022100F0C4F91CBD00BF36
:105880002DE9F041C0B00C46BC4905460888854268
:105890003FD249888C423CD28B4228BF4B1E824269
:1058A00028BF421E96B2AE4233D31FFA83F8A045FA
:1058B0002FD3469800226B46010A802A06D003EBBC
:1058C000420703F8121001327870F6E728462146A5
:1058D0003246434600F05AF9701BA8EB0401013030
:1058E000013101FB00F6FFF78FFFFFF79DFFDF4C53
:1058F0006D4666B1802E3746204629464FF47A73AE
:1059000028BF80277A00FEF753FCF61BF1E7FFF76C
:1059100075FF40B0BDE8F081E0B5984900904B8834
:105920000988481E002182B2581E83B20020FFF76A
:10593000A7FF8CBD70B5FFF761FFB14802210122BE
:10594000FDF723FC00F0E4F8A34C3A20A047254ED5
:105950005520B047B220A0472348244D0521A84731
:10596000012000F0EFF8B720A0473520B047BB205A
:10597000A0471920B047C020A0472C20B047C22024
:10598000A0470120B047C320A0471220B047C42041
:10599000A0472020B047C620A0470F20B047D02006
:1059A000A047A420B047A120B047E020A04710485E
:1059B0000E21A847E120A0470E480E21A84721202C
:1059C000A0471120A0477820FDF742FA1320A047F6
:1059D0002920A0476420FDF73BFA0020BDE8704075
:1059E000FFF79ABF4D5C000831B90008055C00085C
:1059F00036B9000823B900082DE9F04F85B01C46E0
:105A0000012B03900D4698BF0124202A01D37F2A41
:105A100000D33F22A2F120001F49DDE90E690022D8
:105A2000C0B200EB800008440290052A24D00398FD
:105A300002994FF0000B4FF0000A049202FB0400A1
:105A400011F8028087B2BAF1070F12D028FA0AF0D3
:105A500022462346C007304608BF4846009005EB63
:105A60000B0081B23846FFF7E5FEA3440AF1010AB4
:105A7000E9E7049A0132D8E7039904EB8400C4EB08
:105A8000C4032246CDF800900844294680B2FFF7AF
:105A9000D1FE05B0BDE8F08F48B70008BAB32DE9D4
:105AA000FE4F012B98BF0123814603EB43001546AF
:105AB0000F464FEAC30A02934FEA4008CB462A78C2
:105AC00007EB0A010A2A1CD0FAB12C4C1FFA8BF002
:105AD00040442388984288BF0F46B9B2648801EBDE
:105AE0000A06A64211D8DDE90C649842CDE90064AB
:105AF00088BFCB46029B1FFA8BF0FFF77DFFC344A4
:105B000001E0CB460F460135D9E7BDE8FE4F7047AF
:105B1000B0B50A4D1920A847394C02210022204671
:105B2000FDF733FB1920A847204602210122FDF78B
:105B30002CFB32202946BDE8B0400847512E000812
:105B4000000C014010B500F003040AA00B4930F826
:105B5000140048800AA030F814000880362000F0B5
:105B60003DF80949E00021FA00F0C0B2BDE810405C
:105B700000F06CB84001F0004001F000000000208F
:105B8000F0004001F0004001C0A000601CB58DF89D
:105B90000500000A104C8DF80720120A8DF803301A
:105BA0008DF801108DF80400180A8DF806208DF884
:105BB0000200080A8DF800002A20A04701A804214D
:105BC00000F020F82B20A0476846042100F01AF8C6
:105BD0002C20A0471CBD00BFDD5B0008E0B58DF8A0
:105BE0000700FFF711FE064801210022FDF7CDFA5C
:105BF0001E480DF10701FFF753FAFFF7FFFD8CBDBB
:105C0000000C01402DE9F041C8B10C46B9B1054680
:105C1000FFF7FAFDFFF708FE144E4FF6FF7884B148
:105C20004FF6FF774445304629464FF47A7338BF24
:105C300027463A46FEF7BCFAE41B3D44EFE7BDE8D1
:105C4000F081BDE8F041FFF7D9BD00BFE0B58DF8A8
:105C50000700FFF7D9FDFFF7E7FD04480DF1070145
:105C6000FFF71EFAFFF7CAFD8CBD00BFB010002081
:105C700070470000B0B505F0A3FA0F4905F0B8F879
:105C80000E490A780E49002A18BF4FF07F5105F0DF
:105C900013FB0C49044605F021F90B4D00281CBFED
:105CA0000024C4F2FA342046294605F017F90028EA
:105CB00008BF2C462046B0BD00409CC450120020B6
:105CC000CDCC8C3F0000FA430000C8412448007C42
:105CD000012803D020B92348406A70470148704723
:105CE00000207047CDCC4C3F002000F0D1BA00001E
:105CF000B0B5044600F00CF800252CB1FDF74AFAC7
:105D00001749CD730125C86415488573B0BD00BF20
:105D1000B0B5FFF7E9FF124C00252574E581FDF7CA
:105D200039FAE064FDF736FA2D210522E562256493
:105D300025700C4B21636263A563E5612562656292
:105D4000C4E914500848C4F81650C4E91655C4E90B
:105D500018556574C3E9071258629860B0BD00BF5A
:105D600034030020640000209A99193F2DE9F84F70
:105D7000DFF80CAF9AF80E00002800F09380FDF7D2
:105D800009FA04469AF80F00C0B19AF80E000228EA
:105D90003BD0012840F08380DAF84C00251AFFF749
:105DA00095FF00210646002705F0A6F8002840F0E0
:105DB000AB80012D40F28A803746A5E0DFF8C85E4F
:105DC0009AF803009AF80C10DFF8B82E05F11803C2
:105DD000002808BF02F114031868012968616F697F
:105DE000EE6840F0D4803846314605F031FBDC499E
:105DF0008046CAF83800384604F0FAFF0146FFF73B
:105E00009CFB002852D00224C2E0DAF85400201A89
:105E1000022814D3DFF838140A7882B100220A70FD
:105E2000BAF8181007290AD80131DAF85820AAF868
:105E30001810DFF8201489881144CAF85810DFF8C8
:105E4000487E396A8842C0F0F581BAF81800002807
:105E500000F02981DAF85810B1FBF0F084B2204646
:105E600005F0AEF9CAF828002046FFF703FF044604
:105E70009AF80C00002800F0FD8038694FF07D5141
:105E800005F01AFA054620464FF07A5105F014FA4B
:105E9000294604F0ADFFF860F8683861EFE00120B2
:105EA000AAF80E00BDE8F84FFFF71EBF9AF81040A1
:105EB000012C67D0002C40F0B98040464FF0804163
:105EC00005F00CF8002868D1012461E0DF49304674
:105ED0008B4605F018F88046284605F071F94FF01A
:105EE0007C5105F0E9F937468146B8F1000F30469C
:105EF00008BF5F46394605F0ABFA494605F0DCF9C4
:105F0000394604F075FF0746384600F0C1F9D2481B
:105F100000218668304604F0F6FF78B9C849FFF7DB
:105F20000CFB58B9DAF85010304604F061FFCAF89B
:105F30005000BAF816000130AAF81600BF48C06930
:105F40008542C0F07781FFF7CFFEBAF8160000282F
:105F500000F0848005F034F90146DAF8500004F0CE
:105F6000E5FF9AF81210002973D0C74905F0A4F98B
:105F70000546DAF86800C54905F09EF9294604F09F
:105F800037FF69E0AE49404604F0BDFF78B9002410
:105F90008AF81040012C0AD084B9686AAA490526FB
:105FA0002D27C5E9077605F087F900240BE0A54801
:105FB0002D2605270124C5E9077604E032260020B6
:105FC0000027C5E90706CAF82C008AF80040CAF87D
:105FD00030700027CAF85070AAF81670CAF83460FA
:105FE000FDF7D8F80446E86980B1FFF76FFE974ED9
:105FF0000546314604F087FF002818BF2E4630467C
:1060000000F046F90120CAF84C4008E0FFF76CFEAA
:106010008F48CAE91547AAF81870077002200121B5
:106020008AF80E008AF80F10BDE8F88F38464FF056
:106030007E5104F0DDFE0146FFF77FFA0028A9D16A
:106040007F49404604F05FFF0446002818BF012442
:106050009EE701218AF81210CAF868007C490020E6
:10606000CAE91540AAF81800087002208AF80E0044
:10607000BDE8F88F0120FC608AF80C003C6101202B
:106080006D4C8AF80A0000208AF8080072484168BE
:10609000C268DAF868002161FB68A260C4E90030D8
:1060A00005F00AF9E0606D484FF40061FDF768F80B
:1060B000411EB1FA81F149093970DAF83C10013119
:1060C000CAF83C10B0FA80F14A099AF803109AF81D
:1060D0000B3063F342028AF80B208AF8012031B1B9
:1060E00068B100208AF801008AF80B0002E0072A54
:1060F00005D10120B969BDE8F84F00F025BB9AF839
:106100000C00E0B14C4807F11802002908BF00F16B
:1061100014021068F96805F09BF9002181460025FA
:1061200004F0DCFE68B14F49484604F0D7FEC8B120
:10613000DAF85C004F4905F0BFF805462DE0484D00
:1061400073E00120CAF81C50CAF82050CAE9175958
:10615000CAF864507D628AF81100CAF8245065E0DC
:106160000000A0404049484605F0A6F83F4905F028
:10617000A3F8DAF85C1004F03BFE3D49054604F054
:10618000ADFE00281CBF43F23335C3F6B365284685
:10619000FEF7D2FF002808BF054637494846CAF82F
:1061A0005C5005F089F880469AF81100012818D152
:1061B000DAE91816484605F04BF92C4904F0B6FE0A
:1061C0002E4905F079F82E490446304605F074F85A
:1061D000214604F00DFE2B49044605F06DF80646F5
:1061E00004E00120002400268AF8110040462946D8
:1061F000CAF81C80CAF82050CAE91894CAF824606A
:1062000004F0F6FD314604F0F3FD1A49054604F0AA
:1062100065FE00281CBF43F23335C3F6737528466C
:10622000FEF78AFF002808BF05467D620120BD6099
:10623000AAF80E00BDE8F88F2812002064000020A4
:10624000000020410BD7A33D6666663FCDCC4C3E97
:10625000B80200202004002090000020000C014023
:106260009A99193F000020420AD7A33CCDCC4C3D5F
:106270003333B33E3333733F0AD7233C9A99993E65
:106280003333333FA69BC43A8FC2753DD7A3703FCB
:10629000F8B54FF07E51044604F020FE002818BFE8
:1062A0004FF07E542046FEF747FF002808BF044603
:1062B0004FF07E50214605F0CBF80A4F05463E6868
:1062C000304604F07DFF0146284604F0F5FF04F057
:1062D0003FFF0549864238BF3046F8600880F448E1
:1062E0000464F8BD2C04004050020020FCF756BFA7
:1062F000B0B594B04FF4E0100024022513904FF491
:106300008030CDE90F44CDE90D44119502941290EF
:10631000CDE90B0401200A900E900AA8FDF73CFD80
:1063200018B1EFF3108072B6FEE74FF48060099465
:106330000221CDE907400F20CDE9050505A8FDF7AD
:106340004DFC18B1EFF3108072B6FEE70020049008
:106350004FF4004003901220019001A8FDF7CCFB00
:1063600018B1EFF3108072B6FEE714B0B0BD0000B4
:106370000E480F4A016841F0010101604168114077
:106380000C4A4160016811400160016821F48021DC
:106390000160416821F4FE0141604FF41F018160FA
:1063A00005484FF000610160704700BF00100240D7
:1063B0000000FFF8FFFFF6FE08ED00E00148FEF7E1
:1063C0004FB900BF0811002070B5744A03689042AD
:1063D00016D0B0F1804F05D0154CA04202D0154C1C
:1063E000A04203D14C6823F070032343B0F1804FE7
:1063F0000AD00F4CA04207D00E4CA04204D007E0B8
:106400004C6823F070032343CC6823F44073234388
:106410004E6923F080030C688D683343904203601B
:10642000C562846201D1096911630121416170BDB6
:10643000000800400004004010B501F01F010123D6
:10644000046A8B4002FA01F124EA03030362026A40
:106450001143016210BD10B501F01F010423046A4D
:106460008B4002FA01F124EA03030362026A11433A
:10647000016210BDF0B5026A484E22F001020262CC
:106480000A688B68046A456824F00204234384691F
:10649000B0420CD1D1E9057625F44075D1F80CC095
:1064A00023F00C033D4335432CF00406334324F022
:1064B0007304456022438261496841630362F0BD11
:1064C000F0B5026A354E22F01002FEF7E9FF24F023
:1064D000200444EA031384690FD1D1E9057625F439
:1064E0004065D1F80CC023F0C0033E4345EA860561
:1064F0006FF0400606EA0C16334324F4E644456088
:1065000044EA02228261496881630362F0BD00BFF0
:10651000F0B5026A214E22F48072FEF7C1FF24F426
:10652000007444EA0323C4690ED1CE6825F4405CAC
:10653000D1E9057523F440633D43360240F2FF473D
:10654000BE434CEA0515334324F0730445602243EF
:10655000C2614968C1630362F0BD00BFF0B5026A61
:106560000E4F22F48052B8420262026A45680C68FB
:106570008B68C66904D14F6925F4804545EA8715C3
:10658000456026F4E64545EA0424C461496801648F
:1065900022F4005141EA03310162F0BD002C0140B8
:1065A00010B5036A046A24F001040462846924F0CB
:1065B000F00444EA0212826123F00A0211430162EC
:1065C00010BD036A23F010030362836923F4704350
:1065D00043EA0232036A826123F0A00242EA011117
:1065E00001627047F8B5804EF17801B1F8BD00281E
:1065F000FCD004F0CDFD114904F05EFE514F7969E5
:1066000004F0F6FB0E49044604F068FC0D4D00282A
:106610001CBF0024C4F2E1342046294604F05EFC8D
:10662000002808BF2C4697F824007C6107EB800007
:10663000846103F001FC00203072F8BD0000A0402E
:106640000000E1430000164370B5674C00250120AF
:10665000E5726080657003F0EFFB5B4E4FF0FF303A
:10666000A582C4F80750F080C6F80200207940F0F7
:1066700001002071FCF78EFDA06401F025FD234888
:10668000F060257330610120BDE87040FFF730BB3A
:10669000B0B5554C0025E57265806570FFF738FB95
:1066A000A573B0BD5049002208790A71704700BF38
:1066B00034030020B0B5234812490024124A134B7A
:1066C000494DC0E908143E49C0E90034C0E902342C
:1066D000AC70C5F80340C0E90621C0E904413A495D
:1066E0000B4A8A61012180F82410FCF753FD68648D
:1066F000AC82C5F80740FCF74DFDA864BDE8B0408A
:1067000001F0E2BC0000C843000096430000C8410D
:10671000000048433448C078704700BF10B5324C81
:10672000E17801B110BD0228FCD8064981F82400A7
:1067300001EB80008069486103F07EFB002020723D
:1067400010BD00BF2812002070B50D461C4904463C
:10675000284604F0C3FB1B4E00281CBF0025C4F2D2
:10676000AF352846314604F0B9FB0028164808BF6B
:106770003546002C85611C4D18BF0124E878A042E5
:1067800003D108B10020287270BDEC7003F054FBF7
:10679000E87818B1287940F002002871FFF7B8FABC
:1067A000A878012804D1FCF7F5FCE8640120A8735F
:1067B0000020A5F80700BDE8704001F085BC00BFCF
:1067C0000000AF430000C8426400002006490028D2
:1067D00018BF01204A7B824208BF704700224873DD
:1067E000A1F8072001F070BC3403002001380349F0
:1067F000B0FA80F040090870704700BF50120020C6
:106800002DE9FE4FDFF878740546B87801283CD1B1
:10681000FFF7ACFAB87801282BD1787948BBDFF8BC
:106820006424F978DFF8603452F8140B002918BF9B
:1068300003F11802116804F00BFEDA4920F0004061
:1068400004F04CFB08B1002012E0FCF7A3FCB9797E
:1068500061B1796C401AB0F5487F0AD30120A7F8DE
:106860000500387940F00400387102E078640120B6
:10687000B871FCF78FFC80464DB9F87938B1B86C27
:10688000A8EB0000962880F07D81BDE8FE8F0120F6
:10689000FC78F871787B002818BF4FF6FF70FFF77F
:1068A0003BF8787B54B14CF2186500287ED0FEF797
:1068B00001FC797B002918BF01217AE0CDF808801E
:1068C000002818BF4FF6FF704FF47841DFF80454EA
:1068D0000FF2F432CDE90010072003210123012437
:1068E000A847787B40F2FF710FF2EC32002818BF06
:1068F0004FF6FF7018BF1F21CDE90010662003215D
:106900000123A847787B4FF6E071E04A002818BFC2
:106910004FF6FF70CDE900104FF481700321012381
:10692000A847787B00214FF49A724FF0140A4FF079
:10693000690B002808BF4FF6FF7100910620142153
:10694000692302F0C9F84FF6FF78032C1ED8E0B295
:106950004FF0070900FB0BF00AEB90051FFA89F6D0
:10696000B6F59C7F10D8787B10B1FEF7D4FD01E01E
:10697000FEF7A1FDFEF74EFF024630462946FEF720
:1069800069FF09F10409E9E70134DEE7BE48A0F830
:106990000680A0F80480A0F802800020B8827872F7
:1069A000787B002870D0FEF7B6FD6FE000214CF236
:1069B00018604942B54A022389B2CDE900017C2022
:1069C0000A21FFF76BF8787B40F2FF71B0A2002834
:1069D00018BF4FF6FF7018BF1F21CDE900105420DB
:1069E0002D210523FFF75AF8787B10B1FEF793FDB0
:1069F00001E0FEF760FDFEF70DFF00901E2066210E
:106A00004FF482720123FEF715FF787B4FF4784133
:106A1000A14A002818BF4FF6FF70CDE900102A20C8
:106A20007A210223FFF73AF8787B40F2FF719BA2AC
:106A3000002818BF4FF6FF7018BF1F21CDE90010C6
:106A4000B8207A210123FFF729F8787B002438B198
:106A5000FEF730FB0546787B002818BF012000E0D8
:106A60000020404290A2C421012380B2CDE9005011
:106A70003620FFF713F8934880F8584080F84840D4
:106A8000012003F0D3FA75E0FEF715FDFEF7C2FE14
:106A9000DDF808800090002084214FF4A0720123CB
:106AA0000024FEF7C7FE787B4FF478417A4A894E7E
:106AB000002818BF4FF6FF70CDE9001008208A218A
:106AC0000223B047787B40F2FF7185A240F2FF7548
:106AD000002818BF4FF6FF7018BF1F21CDE9001026
:106AE000A6208A210223B047FEF739FD797B7DA2DB
:106AF000002918BF4FF6FF71CDE900010820B5212C
:106B00000123B047787B78A200281CBF4FF6FF70A6
:106B10001F25CDE900507620B5210123B047787BB1
:106B200030B1FEF7C7FA7C7B002C18BF012401E0CE
:106B30004CF2186061426DA2012389B2CDE90001D7
:106B4000E120B521FEF7AAFF787B10B1FEF7E3FC48
:106B500001E0FEF7B0FCFEF75DFE00900020CA21C8
:106B60004FF4A0720123FEF765FE01F0ADFA01209B
:106B700003F0C8FA0020C7F84880B87201203872C4
:106B8000BDE8FE8FF878C7F8488068B1387A20B938
:106B900001203872002003F049FA0020B872BDE8E5
:106BA000FE8F00BF0000A040B87A01285CD1002011
:106BB0005249BC8AB872334821C803F045F850499D
:106BC0008046284603F040F8E61D0546304602F0B0
:106BD000EFFCB4F5987F03D804F1080002F0E8FC5C
:106BE000787A01281DD1284CB4F90200864218DDBC
:106BF000B4F904104FF4784243460092324601F053
:106C0000B8FC787B1F222B46002808BF40F2FF7299
:106C1000B4F90200B4F906100092324601F0A9FC62
:106C200011E0B4B21FFA88F14FF478422046FEF723
:106C300011FE787B1F22A9B20028204608BF40F22F
:106C4000FF72FEF707FE1048C580A0F8048046805A
:106C500001207872B88A0130B88280B2B0F5997F8D
:106C600022BF00207872B882387A00287FF40DAEF7
:106C7000012038720020BDE8FE4F03F043BA00BF88
:106C800034030020281200206400002003BA00080A
:106C9000534C454550000000FFB90008534C454592
:106CA000502053455400000050423131204C4F5782
:106CB000202D2049524F4E20494E20484F4C4445EC
:106CC00052000000B00300205420302D35303043F6
:106CD000000000009D5A00084920302D313041004D
:106CE00053455400505752004900000056206B6E27
:106CF0006F623A202B2F2D35430000000000FA432D
:106D00000000204170B5D0F8B822A2B101EB810398
:106D100000EB830353F81C4F4CB1D0F8C05205EB85
:106D20004115AD6BB4FBF5F606FB15442CB1002400
:106D3000C2F8144207E0022405E0002400221C608F
:106D4000002300F0D5FB204670BDB0B5D0F8B85296
:106D5000044600F0D0FAC5F80C02D4F8B80248B1E5
:106D6000D4F8BC22D5F8040205F50371D268904727
:106D70000020B0BD0220B0BD70B50F4E8121044689
:106D8000B047002520460121E562B0472046822118
:106D9000C4F86C51B047D4F8B802256448B1D4F8AF
:106DA000BC0240688047D4F8B80200F0A7FDC4F8E0
:106DB000B852002070BD00BFA9710008D0F8BC1205
:106DC00081B110B5D0F8B84294F80002FF2807D07E
:106DD0008B6894F8012221469847FF2084F800022E
:106DE000BDE81040002070470A210180004870472C
:106DF000BC0100204321018000487047340100207D
:106E00004321018000487047780100204321018020
:106E100000487047C80100202DE9F0410546007C7C
:106E200040271D4C4FF04008002808BF4FF4007762
:106E300028463B4681210222A047012628460121FF
:106E400002223B46EE62A047284682210322082305
:106E5000C5F86C61A0474FF407702E6400F050FD38
:106E6000C5F8B802A8B10746D5F8BC02006880474B
:106E70000026C7F81462C7F81862287C002808BFEB
:106E80004FF40078D7F8042228464346012100F049
:106E900094FA3046BDE8F081A3730008D0F8B81228
:106EA00069B180B5027C4023002A08BF4FF400730B
:106EB000D1F80422012100F080FA002080BD0220D8
:106EC000704719B1C0F8BC1200207047022070470B
:106ED000D0F8B802C0F8041200207047D0F8B80209
:106EE000C0F81022C0F80812002070477CB5044694
:106EF000D0F8B86200200D468DF80700ADF8040008
:106F000091F9000010F0600110D0202932D1EA88F8
:106F1000D2B1B0F1FF3F33DD6878314686F8012207
:106F200086F80002204600F05BF834E068780B2811
:106F30001CD00A2811D0E8B994F89C02032819D172
:106F400001A92046022224E0D4F8BC12687800226D
:106F500000248B68294698471EE094F89C02032879
:106F600008D10DF107012046012212E094F89C029D
:106F7000032810D02046294600F027F802240BE011
:106F8000D4F8BC1268788B6831469847EA88204666
:106F9000314600F03DF8002420467CBD80B5D0F895
:106FA000B42252689047002080BD80B513460A463F
:106FB000002100F002FA002080BD80B513460A4689
:106FC000002100F095FA002080BD10B58021044614
:106FD00000F073FA20460021BDE8104000F06DBAC1
:106FE00080B513460A460321C0F894120021C0E977
:106FF000573300F0E2F9002080BD80B50521002262
:107000000023C0F89412002100F0D7F9002080BDC1
:1070100080B513460A460221C0F894120021C0E947
:10702000073300F065FA002080BD80B504210022FE
:107030000023C0F89412002100F05AFA002080BD0D
:1070400010B5254C0A4602A0FEF73DF8204610BDBB
:1070500043444320436F6E66696700001220088036
:10706000004870470C02002010B51B4C0A4602A0D5
:10707000FEF729F8204610BD43444320496E74654D
:107080007266616365000000042008800048704754
:107090003002002010B5104C0A4602A0FEF713F88B
:1070A000204610BD44756E675F4465766963650070
:1070B00010B5094C0A4602A0FEF705F8204610BD9F
:1070C00053544D3332205669727475616C20436F8E
:1070D0006D506F727400000054060020B0B51A2085
:1070E0000880094908688A6880180BD0074D4C68E9
:1070F0000822A91CFDF794FF05F112012046042285
:10710000FDF78EFF0148B0BDE8F7FF1F34020020F5
:10711000F0B1B0B500230446257815B10134013330
:10712000FAE7DCB2022303EB440414800C70032260
:1071300001240A5502784AB1DCB29D1C01300A557F
:1071400043F001022B46D4B20022F2E7BDE8B04082
:1071500070470000C1000223034A042838BF22FA06
:1071600001F3D8B2704700BF0002010288B1D0F825
:10717000B43213B10023C0F8B43209B1C0F8B01270
:1071800080B50121027080F89C1200F0B9F800204F
:1071900080BD0220704780B5D0F8C002FCF7E2F84D
:1071A000BDE88040FFF7D6BF80B5D0F8C002FCF73D
:1071B000BBF8BDE88040FFF7CDBFB0B5044669B16C
:1071C000D4F8B40242693AB194F89C02032803D17E
:1071D000204690470020B0BD0220B0BDD4F89402F4
:1071E000B0B1042814D0022816D1D4E90810814285
:1071F0001BD9081A114683B2206220461A46FFF7AF
:10720000DCFE204600210022002300F0D6F803E037
:107210002046802100F051F994F8A01200200129A5
:1072200004BF84F8A002B0BDB0BDE169B1FBF0F2CB
:1072300002FB101272B981420CD3D4F89802814239
:1072400008D22046002100220025FFF7B6FEC4F830
:107250009852D6E7D4F8B402C16829B194F89C02D8
:10726000032801D1204688472046802100F025F9D7
:107270002046FFF7C2FECFE7B0B5044661B1D4F8AF
:10728000B402826932B194F89C02032802D12046EC
:1072900090472DE002252CE0D4F894020025052823
:1072A00012D0032825D1D4E95810814213D9091AE4
:1072B000C4F86011814238BF084683B211462046A7
:1072C0001A46FFF772FE13E020460021C4F89452DC
:1072D00000F0F3F80DE0D4F8B402016929B194F894
:1072E0009C02032801D1204688472046FFF79DFED7
:1072F00000252846B0BDD0F8C002FCF75EB80000FB
:10730000B0B504461B4800211B4B0822C0E90611FA
:1073100001620221C4F8C002C0F86842C0E900322C
:107320008160FCF7B5FA08B1FBF764F8D4F8C00245
:10733000124D002100221823A847D4F8C002802152
:1073400000225823A847D4F8C00281210022C0237C
:10735000A847D4F8C002012100224FF48873A8473F
:10736000D4F8C002822100224FF48073A847002085
:10737000B0BD00BF440E0020005C0040D9320008C0
:10738000D0F8C00201F07F0200EB421200EB411086
:1073900049B200F59570002948BF02F12A00007833
:1073A000704710B51446D0F8C0021A462346FCF7C1
:1073B0000BF8BDE81040FFF7CDBE80B5D0F8C00295
:1073C000FCF72CF8BDE88040FFF7C4BEF8B50021FB
:1073D00000224023044600254026FFF7E2FF012754
:1073E0002046802100224023C4F86461C4F858710B
:1073F000FFF7D7FFD4F8B80284F89C726662A761E1
:10740000C4F89452C4F8A452656028B1D4F8B40208
:1074100000214268204690470020F8BD90F89C1259
:10742000042904BF90F89D1280F89C120020704738
:1074300090F89C12032907D1D0F8B412C96919B188
:1074400080B58847BDE88040002070470174002067
:10745000704780B5D0F8C002FCF7B4FABDE88040B0
:10746000FFF778BEB0B500F52A750446284600F04F
:1074700048F8B4F8AE120120C4E9A50194F8A802B6
:1074800000F01F0102290CD0012905D071B9204656
:10749000294600F05BF80EE02046294600F011FA7C
:1074A00009E02046294600F079F904E000F0800167
:1074B000204600F002F80020B0BD80B5D0F8C00230
:1074C000FBF7C0FFBDE88040FFF744BE80B5D0F8B1
:1074D000C002FCF78CFABDE88040FFF73BBE90F895
:1074E0009C1280F89D12042180F89C1200207047A5
:1074F00080B5D0F8C002FBF7D2FFBDE88040FFF7AF
:1075000029BE0A7802704A7842704A8842808A8886
:107510008280C988C180704719B1C0F8B4120020B8
:10752000704702207047D0F8B4223AB180B5126893
:107530009047002818BF0120400080BD02207047FE
:1075400080B5FFF7C3FF002080BD0000BCB5044636
:1075500008780D46C0F34110411E022902D2FDF702
:10756000E0FD17E1002840F013816878092800F257
:107570000F81DFE810F00A002C000D014A000D0118
:10758000520071000D011E003600FDF714FF00F2DD
:10759000FF80E888022840F0FB80D4F8A402032290
:1075A0002146002808BF012241F80C2F2046022264
:1075B0006EE0E888012840F0EB8094F89C02411EC0
:1075C00002295FD20020214641F8080F5EE0FDF756
:1075D000F2FE00F2DD806888012840F0DB800020A8
:1075E00018E068886C4DC1B22870022980F0D08004
:1075F000FDF74AFF4FD0022840F07180002900F0CB
:10760000C480032084F89C0250E06888012840F080
:10761000C1800120C4F8A402B7E0A888002840F087
:10762000B780E888002840F0B3806D887F2D00F295
:10763000AF80FDF729FF00F0AB80E9B2204684F867
:107640009E52FFF706FFFDF7AFFD002D0CBF012096
:10765000022084F89C029DE000204FF0FF31ADF83D
:107660000600688801EB1021062900F29180DFE80E
:1076700001F00430248F8F3D4700D4F8B012207CF5
:107680000A686FE0032840F08380211D2046012214
:10769000FFF7BEFC7EE000293ED06068012800F0C4
:1076A0007480C1B22046FFF779FC297820466160DA
:1076B000FFF739FF022868D16AE0C0B2052867D811
:1076C000DFE800F003473F433B4BD4F8B002426889
:1076D00046E0217CD4F8B40239B3C16A26E0FDF754
:1076E000FAFD29782046FFF759FC53E0207C00285A
:1076F0004ED1D4F8B402416B0DF10600884734E056
:10770000207C002844D1D4F8B402016B0DF10600AE
:107710008847014607200EE000206060022084F8C0
:107720009C022046FFF73AFC2FE0816A0DF106002B
:10773000884701460220487018E0D4F8B002426938
:107740000EE0D4F8B002C2680AE0D4F8B0020269D0
:1077500006E0D4F8B002826802E0D4F8B002826990
:10776000B2B1207C0DF1060190470146BDF806003C
:1077700048B1EA883AB1904238BF02462046ADF897
:107780000620FFF745FCE88820B9FDF70DFD01E074
:10779000FDF7A1FD0020BCBD50060020B0B50A4693
:1077A000097804464FF0FF3301F0600003EB5013FB
:1077B000022B06D2D4F8B4021146836820469847BB
:1077C00070E0C1F3411100296AD1202807D1D4F813
:1077D000B402114683682046BDE8B040184750788F
:1077E0001179F8B101280ED0032859D1FDF74CFECC
:1077F0000CD1508878BB48062DD0D08858BB204685
:10780000FFF75BFE27E0FDF73FFE1DD0022847D1C2
:10781000480645D02046FFF750FE20468021FFF75E
:107820004CFE3FE0FDF730FE18D0022838D1480664
:1078300036D108064FF0140058BF4FF4AA7000214B
:1078400021502118204638E0508858BB480602D005
:107850002046FFF7A0FCFDF7A7FC23E001F00F0096
:10786000802900EB800004EB80002CBF8069D0F8F9
:107870005801A8B101F07F0201EB8100802902EBE1
:10788000820204EB800004EB820202F1140538BF8F
:1078900000F5AA7541F08000802805D1002009E09C
:1078A000FDF719FD0020B0BD2046FFF769FD002857
:1078B00018BF01202860204629460222FFF7A8FBB6
:1078C000F0E7B0B50446087800F06000602807D003
:1078D000FDF771FD04D888880D4610F0FE0F03D027
:1078E000FDF7F9FC0020B0BDFDF71BFCE98800297D
:1078F000F8D10028F6D1FDF757FCF3E770470000F8
:107900000048704754080020F0B50B78CD7847F256
:10791000706430F82320032D22EA04040ED84FF0BF
:10792000000CDFE805F002050D0844F4007407E0E0
:1079300044F4806404E044F4C06401E04FF0010CBE
:10794000804A40F60F7648F2800E144320F8234018
:1079500030F8234034401C43224320F823200A7B84
:10796000002A56D030F8232040F60F64224072449B
:1079700002F5807220F8232000EB0312B0F850408B
:107980000E89144426F00106A4F80064B0F85040B3
:1079900022444C8924F00104A2F8084430F8232042
:1079A0004978002959D0510409D530F8231040F600
:1079B0000F721140714401F5804120F8231030F816
:1079C0002310490608D530F8231040F60F721140F5
:1079D0007144403120F8231030F8231040F60F7224
:1079E000114040F63F72714401F5804120F82310A8
:1079F00030F8231011400EF120024A40012D08BF3B
:107A000041EA0E0220F8232030F8231043F60F72CB
:107A100053E0B0F85060CF884C781A0127F0010786
:107A2000002C4ED081183144A1F8007430F8231096
:107A3000490608D530F8231040F60F721140714402
:107A4000403120F8231030F8231040F63F721140E7
:107A5000012D33D00EF120026FE0510409D530F82A
:107A6000231040F60F721140714401F5804120F857
:107A7000231030F82310490608D530F8231040F6BB
:107A80000F7211407144403120F8231030F8231058
:107A900040F60F72114043F60F727144403120F8E6
:107AA000231030F8231011400EF54052514040F69B
:107AB0003F7220F8231030F82310114041EA0E01E4
:107AC0003CE00244941902F20C45A4F808740E69D3
:107AD000B0F850103EB13E2E0ED806F0010202EB77
:107AE0005602960213E04A5BD74C22F4F8424A53FE
:107AF0004A5B42EA04060AE0F4064FF0FF324FEA1E
:107B0000561408BF02EB5614CF4A42EA84266E523E
:107B100030F82310490409D530F8231040F60F72CD
:107B20001140714401F5804120F8231030F82310F2
:107B300043F60F7211400EF54052514020F82310C9
:107B40006046F0BD8080FFFF00207047F0B50A78E6
:107B50000D7B4C7848F2800130F8223015B34CB3DD
:107B60005B0401D5FDF7FDFA30F8223001F58045C0
:107B700040F63F745B0643F60F7308D530F8226079
:107B800040F60F773E400E44403620F8226030F831
:107B9000226040F60F773E40354320F8225048F2ED
:107BA00080051EE0ACB15B0640F63F731FD501F1C6
:107BB000400514E05B0401D5FDF7D3FA30F822301C
:107BC00001F1400543F60F745B0640F63F73D5D4D0
:107BD000DDE75B0443F60F7309D501F5804540F6F8
:107BE0000F7430F8226034402C4320F8224030F8E3
:107BF00022402340194320F822100020F0BD00202D
:107C00007047002070470121A0F840100021A0F823
:107C10004010A0F84410A0F85010B0F8401041F403
:107C20003F41FDF75FBAB0F8401044F2FF02114047
:107C3000FDF758BA002070470A7B62BBB0B50A78DE
:107C40004C7830F8223094B15B0648F2A00308D596
:107C500030F8224040F60F752C401C44203420F8A8
:107C60002240C978012914D040F63F710FE0590431
:107C70004BF2800309D530F8221040F60F742140F2
:107C8000194401F5805120F8221043F60F71FDF7D9
:107C9000EEFBBDE8B04000207047000010B50A7848
:107CA0004978074B002940F63F7108BF03F57F6311
:107CB00008BF43F60F71FDF7DAFB002010BD00BFCF
:107CC0009080FFFFF8B504460F6988690D46C11B17
:107CD00038BF0021A96138BF0746287B6978012990
:107CE0002AD148F2B006D0B3287840F20C42BBB299
:107CF00034F8201011F0400108BF40F20442224441
:107D000002EB0010B4F8502087520A20002908BF67
:107D100008202A5A6969204600F0C6F86978287850
:107D2000012938D0002941D134F8201040F60F72D3
:107D300011403144103137E04BF28006F0B1287821
:107D4000002977D1B4F85010214401F20442010116
:107D5000002F40D03E2F46D8FDF723FB4BE0EA88AA
:107D60006969BBB2204600F09FF8B4F850002118B2
:107D7000287801EB0011A1F8047417E0B4F8500062
:107D8000204400F20C412878020197B13E2F18D808
:107D9000FDF707FB42E034F8201040F60F72114067
:107DA0002A4A114301F5805124F8201040F63F7112
:107DB00042E0535A23F4F8435352535A43F40043D6
:107DC00037E0FDF769FA08BF03EB57154FF400439E
:107DD00043EA852322E08B5A1B4D23F4F8438B5250
:107DE0008B5A2B4307E0FDF757FA08BF03EB5715F3
:107DF000154B43EA85235352B4F85020224402F233
:107E00000C4227B13E2F0BD8FDF7CBFA11E08B5A6D
:107E100023F4F8438B528B5A43F400438B5209E00E
:107E2000FDF73AFA08BF03EB57154FF4004343EA56
:107E30008523535243F60F7134F8202011407140CE
:107E400024F820100020F8BD0080FFFF80B0FFFF65
:107E5000B0F8401041F43F41FDF744B90148FBF749
:107E600031BB00BF440E0020B0F84400704710B58D
:107E700000EB420000F58062481C590831B132F82D
:107E8000044B013920F8014C0230F7E7D9071CBF39
:107E9000118800F8011C10BD0020704711B9802125
:107EA000A0F84C100020704700EB42005A1C00F56F
:107EB000806052082AB131F8023B013A20F8043BB5
:107EC000F8E77047FEE7000070B5974C607A03282A
:107ED00017D1FEF7DDFB1C48E26A4FF4407500261F
:107EE000016B158311614FF40041406B50610548EF
:107EF0000022FBF74AF994F8220026736073E06AC7
:107F0000058370BD000C014010B5FBF743F90E4925
:107F1000854C012200F5FA60CA71A067FBF73AF9B7
:107F200020650020E07210BD10B5FBF733F906495B
:107F30007D4C012200F5FA60CA712067FBF72AF92F
:107F400020650020A07210BD040000202DE9F84F2C
:107F500083460068D2F800A0DDE90A891F4614466E
:107F600046185546032E0EDD3846294602F040FFDE
:107F700005462060043EF5E72846394603F068FAD6
:107F800005462060043616F1040FF5DD284641460B
:107F9000CBF8006002F0B7FF06462846494602F0DB
:107FA0009DFF002818BF4D465146002E18BF45467C
:107FB0002846256002F084FFFDF739F9BDE8F88F07
:107FC000B0B50446FBF7E6F805462068A188FBF744
:107FD000D7F8A17988420FBFA168A560A071294692
:107FE000691A232904D3E179884201D0E07108B1EC
:107FF0000020B0BD0120B0BD411E03290AD30428D2
:1080000007D1484801780720042938BFC1F107008B
:1080100000E00720C0B200F001B800BF80B54249BF
:1080200000224A7440F20112A1F80F201F49087083
:10803000FBF7B0F83D49C8600120BDE8804000F082
:1080400037B800BF384800214174A0F80F10002055
:1080500000F02EB8B0B5344CE07B012824D1FBF7FA
:1080600099F83249237CCA68821A012B12D1962AC8
:108070001AD3C860607C002525740130607400202C
:1080800000F016F80948617C0078814224BFE5734E
:10809000B0BD09E0962A07D30122C86001202274EE
:1080A000BDE8B04000F004B8B0BD00BF4E020020F3
:1080B0000246002803484FF4804118BF0122FBF715
:1080C00064B800BF001001400A4800210A4A80F845
:1080D000381080F828100176017280F8581080F866
:1080E00048100170054882F8741082F86C10FF2166
:1080F00001707047B0030020340300204F020020BD
:10810000B0B508480024F54D04700848AC80846080
:10811000E86A08B10483EC76AC71FFF793FF2C7327
:10812000B0BD00BFB9020020F4040020700500209B
:108130002DE9F04395B04FF478404FF47844FDF7C3
:10814000EBFB4FF6FF786FA2582008210323CDE9FF
:108150000084FDF7A3FC0C203021FDF76CF8DFF85C
:10816000AC9199F818000138032813D8684ADFE861
:1081700000F0120204066E4A0DE06C4A0BE099F81A
:1081800019000138C0B203283ABF65A151F8202078
:1081900060A200E067A2694F4FF478460C203A21B4
:1081A0000223CDE90086B847D9F81C0002F0F4FD9F
:1081B000CDE9000105AC654D61A240212046A847EC
:1081C0000C205C21FDF7DCF8D9F8200002F0E4FD7A
:1081D000CDE900015EA2FDF72CF9A6205C21FDF798
:1081E000CFF8D9F8240002F0D7FDCDE900015BA259
:1081F000FDF71FF90C207021FDF7C2F8D9F828000F
:1082000002F0CAFDCDE9000157A2FDF712F9A62040
:108210007021FDF7B5F8D9F82C0002F0BDFDCDE9CD
:10822000000154A2FDF705F90C208421FDF7A8F800
:1082300099F81800032815D002280AD001281AD16D
:10824000FDF735F9FCF773FFFDF75EF805A857A2B7
:1082500039E0FDF72CF9FCF76AFFFDF755F805A8A2
:108260004DA230E0FDF723F9FCF761FFFDF74CF874
:1082700005A844A227E099F81930042808BF032B69
:108280000DD0042808BF022B0FD0042808BF012BF3
:1082900011D04B4A05A84021F7F7F8FF16E0FDF78B
:1082A00006F9FCF744FF494A0AE0FDF700F9FCF73C
:1082B0003EFF454A04E0FDF7FAF8FCF738FF414A73
:1082C000FDF722F805A84021F7F7E0FFA8F11F000D
:1082D0004FF478449E21022380B2CDE9000405AA20
:1082E0000C20FDF7DBFB0C20C221FCF7A4FF384A71
:1082F0002220CF210123CDE90084FDF7CFFB15B06B
:10830000BDE8F0834641554C54000000E4050020D0
:108310009AB9000845585445524E414C000000009F
:10832000DCB900088BB90008A8B9000896B90008A4
:1083300087B90008554E4B4E4F574E009D5A0008C6
:1083400056494E2020252E32662056008D02000808
:10835000564F555420252E3266205600494F55540D
:1083600020252E326620410054454D5020252E31C7
:1083700066204300504F57455220252E3166205726
:10838000000000005452495020252E316657203EEF
:1083900020252E31665700005452495020252E3298
:1083A0006641203E20252E3266410000545249503D
:1083B00020252E326656203E20252E32665600009D
:1083C000EBB90008CAB900086AB9000844B9000846
:1083D000B5B900082DE9F04796B0DFF8B8A0DAF893
:1083E0002C00002853D0DAE90E45204602F0D4FCD8
:1083F00080462846894602F0CFFC06460F462046B6
:10840000FCF76CFF02F0C8FCCDE90089CDE904015E
:10841000CDE9026706AC20A240214FF0400820467B
:10842000F7F734FF30219AF802004FF0010902916A
:108430001F493C31431ECDE9004118BF4FF6FF7381
:10844000A0200521012200F0DDFCDAE9100502F090
:10845000A3FCFCF7D7FF174ACDE902012046FCF741
:10846000C8FF9AF80200012803D1FCF7ECFF03468D
:1084700001E04CF218631048B4210222CDF80880C4
:10848000CDE90040052000F0BDFC8AF80C9016B044
:10849000BDE8F087F4040020563A252E32665620B7
:1084A000493A252E32664120503A252E3066570033
:1084B000E405002058B90008C811002050B1BE4999
:1084C000CA6A37213AB192F82620012A08BF46210C
:1084D00000F05CBBD72100F059BB00BFF4040020C2
:1084E0002DE9FE4F07468B424FF0FF354FF0FF302E
:1084F00093460E46C8BF0125BA42C8BF012002906C
:108500000193B3EB0108C8BFA1EB0308B2EB070965
:1085100048BFC9F1000908EB090AB809042898BF47
:10852000EF2E17D95F4504D10198864208BFBDE8F8
:10853000FE8FB8EB4A0F5046D8BF4044B9EB4A0F04
:10854000A4BF48442E44B8EB4A0F0299D8BF0F4449
:108550008246E2E7BCB20C9AB1B22046FDF77AF946
:10856000EE2EDFD8701C0C9A81B22046FDF772F90E
:10857000D8E72DE9FE4F07468B424FF0FF354FF00D
:10858000FF3093460E46C8BF0125BA42C8BF01203E
:1085900002900193B3EB0108C8BFA1EB0308B2EB53
:1085A000070948BFC9F1000908EB090AB8090428FE
:1085B00098BFEF2E17D95F4504D10198864208BFB6
:1085C000BDE8FE8FB8EB4A0F5046D8BF4044B9EB28
:1085D0004A0FA4BF48442E44B8EB4A0F0299D8BFB3
:1085E0000F448246E2E7BCB20C9AB1B22046FDF7D6
:1085F00031F9EE2EDFD8701C0C9A81B22046FDF7BF
:1086000029F9D8E72DE9F04796B06B4C0025A07802
:10861000FCF798FE08BF4FF6FF70FDF77DF9A078D4
:1086200066A2012808BF4FF6FF75013818BF4FF644
:10863000FF70CDE90005012102237C20FDF72EFA11
:10864000A078012802D1FCF7E9FD01E0FCF7D6FD96
:10865000FDF7E0F800900C201521FCF77BFF594D49
:10866000286A02F099FB0DF14408594ECDE900014A
:1086700055A214214046B047686A02F08DFB0DF107
:108680003009CDE9000153A214214846B047A86A39
:1086900002F082FB0DF11C0ACDE900014FA214216A
:1086A0005046B047E86A02F077FBCDE9000102AF1F
:1086B0004CA214213846B047A07D4CA14DA2504E8B
:1086C000012808BF0A464DA10020B047E07D4DA11A
:1086D0004EA2012808BF0A464EA10120B047207EC5
:1086E0004EA150A2012808BF0A4650A10220B0475F
:1086F000687952A34FA153A2022808BF0B4653A189
:10870000002818BF1A460320B047524904204246A9
:10871000B047514905204A46B047504906205246C5
:10872000B0474FA107203A46B047A8794EA14FA2C3
:10873000002808BF0A464EA10820B047607E4EA11F
:108740004FA2012808BF0A464FA10920B047A07ECA
:108750004FA151A2012808BF0A4651A10A20B047E3
:10876000A078012802D1FCF759FD01E0FCF746FD95
:10877000FDF750F800900A20D8214FF4967201239B
:10878000FDF758F8A078012807D1FCF75CFEA17826
:108790000139B1FA81F1490902E04CF21860002177
:1087A000494241A20123FCF7E4FD0A20DE21FDF746
:1087B00075F916B0BDE8F087F40400204D454E551C
:1087C0000000000004000020252E31665600000045
:1087D0008D020008252E316641000000252E3066EE
:1087E00057000000252E30664300000047524150DC
:1087F000480000004E554D424552000055490000CA
:10880000C18800084F50454E00000000434C4F53B4
:10881000454400004C4F4F50000000004841524476
:1088200000000000534F46540000000053544152D2
:1088300054000000534C4F57000000004E4F524D63
:10884000414C000046415354000000005350454540
:10885000440000009AB9000887B9000896B90008DA
:10886000534C4545500000004F4646004F4E000017
:1088700042555A5A45520000433231300000000040
:10888000433234350000000049524F4E00000000D2
:108890004C494748540000004441524B000000003E
:1088A0005448454D45000000563A4954454D20492D
:1088B0003A56414C5545204F55543A4F4B00000015
:1088C0002DE9FC470646B0488946002190464FF402
:1088D0008E7206EB0614857890F815A040F2FF70B2
:1088E000012D08BF1F2008BF4FF0FF31B24508BF60
:1088F00001468FB204F11901122011230097FCF7F1
:1089000099FFAAEB0601681E019704F11A064A4670
:10891000B1FA81F118BF01200223490948403146CC
:10892000404285B21E200095FDF7B8F8B8203146C8
:1089300042460223CDE90057FDF7B0F8BDE8FC87B9
:108940002DE9F04395B0414CA06B02F025FA404D63
:108950000DF11408CDE90001402140462A46F7F701
:1089600095FC3C4FA078182640F2FF73029607F161
:1089700042010128CDE9008108BF1F2322200421E4
:10898000062200F03FFAE06B02F006FACDE90001A2
:10899000404640212A46F7F779FCA0784FF620554B
:1089A000012802D1FCF781FB02E02B4800F5307072
:1089B00007F15A0183B2222006220296CDE90081F6
:1089C000412100F01FFAD4E90E0102F075FC02F01B
:1089D000E3F9CDE9000121A2404640214FF04009D2
:1089E000F7F754FCA0781F4902960522CDE90081D3
:1089F000012804BF4FF60005CFF6FF75ABB22A2061
:108A00007E2100F0FFF9D4E9100502F0C5F9FCF76A
:108A1000F9FC154ACDE902014046FCF7EAFCA078D2
:108A2000012803D1FCF70FFD034601E04CF2186367
:108A30000E48B4210222CDF80890CDE9008005202F
:108A400000F0E0F915B0BDE8F08300BFF4040020A9
:108A5000E4B900087005002020FDFFFF2530362E08
:108A600031660000E405002058B90008C811002054
:108A700050B1DA49CA6A37213AB192F82620012A60
:108A800008BF462100F082B8D72100F07FB800BFB0
:108A9000FEB50F460F494FF6FF741D46164691F876
:108AA0002410814208BF4FF4784438460094CF2107
:108AB00062221E2300F010F80820D621022223464D
:108AC000CDE90065029007F11C0080B200F00CFABD
:108AD000FEBD00BF281200202DE9F843DDF82090EC
:108AE000DFF848801C46012316460D460746CDF8A0
:108AF0000090C047281932460123CDF80090013874
:108B000081B23846C0473846294601222346CDF86F
:108B10000090C047B819294601222346CDF800909D
:108B2000013880B2C047BDE8F88300BF355800085F
:108B300010B588B003AC204601F04AF9E948142189
:108B40000291A74980782E31431ECDE9004118BF1C
:108B50004FF6FF73FCF73EFC08B010BD10B588B0AF
:108B600003AC204601F034F9DE48142102919C49FF
:108B700080781A31431ECDE9004118BF4FF6FF73CC
:108B8000FCF728FC08B010BDF40400202DE9F04FDC
:108B90008DB0924C81460791E06A002800F01A815E
:108BA000A178B9F1000F15D040F2FF72012908BF7A
:108BB0001F2290F826100492012912D188492830EA
:108BC000012701F1100887490131069104F11301D1
:108BD00005911EE001290ED1FCF767FA0490E06AC6
:108BE0000CE07F49103001F110087E4901310691F7
:108BF00004F113010BE04FF6E07104917849143051
:108C000001F1150877490231069104F1140105912B
:108C1000002704F17001B9F1000F08BF04F17801D9
:108C2000D1F800A005686F49CE780C79FAF7B2FA4E
:108C300083460397CDF80890AFB16C49284602F0FF
:108C40004DF96B4E00281CBF45F2EC15C3F6787544
:108C50002846314602F042F9002808BF35464FF059
:108C6000030964A60EE0B9F1000F08BF26464FF0D5
:108C70000309022E08BF4FF00409002E5A4E08BF08
:108C80004FF001092846AAEB0B0B02F085F8CDE95D
:108C9000000109AC102132462046F7F7F7FA2046CA
:108CA000F7F73CFC4D4F05460026052E4AD0B5424D
:108CB00086BF09A8805D0020BBF1010F0BDB49498D
:108CC000C9795FFA81FABAF1000F18BF8246B1453F
:108CD00018BF824600E0824618F8060050452FD0A3
:108CE000B878FCF72FFB08BF4FF6FF70079900908C
:108CF0000C22102306EB460001EB8000D02184B249
:108D00002046FCF797FDBAF1000F17D00020002194
:108D10008DF822A00DF122028DF82300B8780128E9
:108D200008BF4FF6FF71013818BF4FF6FF70CDE94D
:108D30000001D02102232046FCF7B0FE08F806A06F
:108D40000136B2E7059C069D2078D0B90398B0B9EA
:108D5000224800212A4A8078012808BF4FF6FF7177
:108D60000498CDE9000102992448002908BF024671
:108D70000798D0210223403080B2FCF78FFE0120FB
:108D800020704C46BBF1000FD8BF4FF0FF3428785D
:108D9000E1B288421ED040B200280ED40F49002212
:108DA00000EB40008978012908BF4FF6FF72079950
:108DB00000920A220223FCF7BBFABBF1010F08DB89
:108DC000049807990A220223009009EB4900FCF756
:108DD000AFFA2C700DB0BDE8F08F00BFF404002096
:108DE0007005002004000020E4B90008EC51783F31
:108DF0008FC2F53C252E32660000000056B90008EF
:108E0000DAB900082DE9F04F89B007901298CDE942
:108E10000432002862D0139F002F5FD0149D0E46AD
:108E2000F7F77CFB04463846F7F778FB8442834625
:108E3000074688BFA346681E8345039028BF834624
:108E400005980025C10000EB40004FEA400906915B
:108E5000AB453BD0A5423ABF129810F805804FF0C1
:108E60000008BD423ABF1398405D002080452BD0DA
:108E7000594831464A468078FCF764FA08BF4FF6F5
:108E8000FF700090069B079809FB05001FFA80FA07
:108E90005046FCF7CFFCB8F1000F15D000208DF83C
:108EA00022800DF122028DF823004B488078FCF7D8
:108EB00049FA08BF4FF6FF700499059BCDE90010F1
:108EC00050463146FCF7EAFD0135C1E7039CDDE978
:108ED00012102246F7F768FB0021015509B0BDE8E2
:108EE000F08F00BFF40400202DE9F04F89B0079007
:108EF0001298059316460F46F7F710FB0446139891
:108F0000F7F70CFB054684428346149888BFA346B6
:108F100001388345039028BF83460496F0000690ED
:108F200006EB460000264FEA4009B34539D0A64279
:108F30003ABF129810F806804FF00008AE423ABFD0
:108F40001398805D0020804529D01B4839464A4649
:108F5000407B002818BF4FF6FF700090069B0798D3
:108F600009FB06001FFA80FA5046FCF763FCB8F1D3
:108F7000000F14D000208DF822800DF122028DF810
:108F800023000D48407B002818BF4FF6FF7005995D
:108F9000049BCDE9001050463946FCF77FFD0136B1
:108FA000C3E7039CDDE912102246F7F7FDFA002122
:108FB000015509B0BDE8F08F3403002010B5064C10
:108FC00004206072FFF7B4F8012040F20111207311
:108FD0006181207210BD00BFF40400202DE9FE4F16
:108FE000DFF854B401288BF80D0054D1012000247F
:108FF0008BF80900FCF7DBF84FF0000008BF4FF6D4
:10900000FF70FCF789FC9BF802000021DFF82C249C
:1090100040F2FF75012808BF4FF6FF71012840F2AA
:10902000FF7008BF1F20CDE90001052102230520A4
:10903000FCF734FD9BF802000FF22042FCF782F9A6
:1090400004BF4FF6FF701F25CDE900500521012315
:109050001720FCF723FD9BF802004FF6E07801286B
:109060004FF6E07004D1FCF720F8FCF7FEF84C094D
:109070006142DFF8CC230223FCF77BF95220052163
:10908000FCF70CFDFCF793F816D1FCF70EF8FCF793
:10909000ECF8490913E09BF8021000208BF8090056
:1090A000012908BF4FF6FF70FCF736FCFCF77FF88C
:1090B00015D1FCF7B3F814E000214FF6E0704942F7
:1090C0000FF2A0320123FCF754F964200521FCF7CC
:1090D000E5FCFCF76CF811D1FCF7A0F810E0FCF708
:1090E0008DF8FCF797FB009000203C21FCF76DF910
:1090F000FCF75DF811D1FCF791F810E0FCF77EF871
:10910000FCF788FB009014201C21FCF723FAFCF7E5
:109110004EF811D1FCF782F810E0FCF76FF8FCF77D
:1091200079FB009000207921FCF74FF9FCF73FF81C
:1091300012D1FCF773F811E0FCF760F8FCF76AFB5A
:1091400000901420AC21FCF705FAFCF730F840F051
:10915000B880FCF763F8B6E0FCF750F8FCF75AFB70
:1091600000900020C1214FF4A07201230025FCF7DC
:1091700061FB9BF802000021B04A40F2FF76012813
:1091800008BF4FF6FF71012840F2FF7008BF1F2093
:10919000CDE90001082102230420FCF77FFC9BF8A5
:1091A00002004FF6E078002101284FF6E07004D16C
:1091B000FBF77BFFFCF759F849094942A04AA14F48
:1091C0000223FCF7D6F804204521B8479BF802009B
:1091D0000021A8F530749C4A0223012808BF4FF6ED
:1091E000FF710128204604BF4FF60000CFF6FF7044
:1091F00080B2CDE9000104208221B8479BF802002B
:109200008E4AFCF79FF804BF4FF6FF701F26CDE98A
:1092100000601F2102234FF48F70B847FBF7C7FF90
:109220004FF6E07004D1FBF740FFFCF71EF84D0944
:109230006942834A0223FCF79CF84FF48F705C214B
:10924000FCF72CFC9BF8020000217F4A0223012836
:1092500002BF4FF6FF714FF60004CFF6FF74A0B2C5
:10926000CDE900014FF48F709521FCF717FCFCF756
:109270005BF805D090F82600012801D1734A00E080
:10928000734AFCF767F808BF4FF6FF71012808BF63
:109290001F23FBF7E3FFFBF78AFF05D1FBF705FF71
:1092A0008046FCF744F9440960426A4AFBF795FF9F
:1092B000FBF77DFF13D1FCF7C6F8FBF7D6FF490992
:1092C00010E0FBF79BFFFCF7A5FA00901420FCF7D9
:1092D00077F8FBF76CFF1AD1FBF7A0FF19E000212C
:1092E0004CF2186049425C4A01230124FBF7AAFFB3
:1092F00000F02EFAFFF724FB8BF80C40FFF72EFC52
:109300000120FFF7B5FB0020FFF7B2FB8DE0FBF774
:1093100075FFFCF77FFA009040F23B101C21012200
:1093200091234FF01C0901244FF0910AFCF782FAB7
:10933000042C1CD2E0B2142700FB0AF009EB9005C4
:10934000BEB2B6F59E7F10D2FBF731FF02D1FBF71C
:1093500065FF01E0FBF752FFFCF75CFA024630467E
:109360002946FCF777FA0437EAE70134E0E7FBF730
:109370001EFF02D1FBF752FF01E0FBF73FFFFCF7B6
:1093800049FA00900020B0214FF4A072012300247C
:10939000FCF750FAFBF70BFF05D1FCF754F8FBF78D
:1093A00064FF4C0901E04CF2186061422A4A012333
:1093B000FBF748FFFBF7B8FF05D090F8260001281F
:1093C00001D1224A00E0224AFBF7C4FF08BF4FF652
:1093D000FF71012808BF1F23FBF740FFFBF7E7FEE3
:1093E0004FF0000005D1FBF760FE8046FCF79FF8C8
:1093F00040094042174AFBF7F0FEE9484FF6FF717B
:109400008BF81240ABF828400181F9F7C3FECBF886
:10941000640000F09DF9FEF7DDFFFFF789FB0120F6
:10942000FFF74CF80020FFF749F840F20110ABF8C5
:109430000A00BDE8FE8F00BFF4040020DAB900087E
:1094400056B900089D5A0008E2B9000881B9000821
:10945000A3B900089EB900087DB90008564F5554BD
:1094600000000000494F555400000000F8B5C94FF6
:109470000646242107F11800F7F76FF823483E76D7
:10948000042E0178797613D1007888B120482149DB
:1094900000680D6820490C6820490968C7E907057C
:1094A0001F48C7E90941006838631E48006822E088
:1094B000BA48C06A88B1D0E90015D0E90240032E4D
:1094C000C7E90715C7E909400ED0022E08D0012EC2
:1094D00012D1B3483D6300690DE0002400250BE084
:1094E000AF483C63406906E02846214601F0E4FEAF
:1094F0003863AB48806978630120214687F83800DB
:10950000284601F0D9FEF862F8BD00BFB90200207C
:10951000D4020020D8020020DC020020E00200205B
:10952000E4020020E8020020142802DB81084E2912
:1095300000D97047BCB5994D002284B22046A97865
:10954000012908BF4FF6FF720092FBF739FFA87898
:10955000012802D1FBF762FE01E0FBF74FFEFCF7AA
:1095600059F9024620464021FCF774F9A8780128F1
:1095700002D1FBF753FE01E0FBF740FEFCF74AF98E
:10958000024620466421FCF765F9A878012802D13B
:10959000FBF744FE01E0FBF731FEFCF73BF9024626
:1095A0002046882102B0BDE8B040FCF753B900BFA7
:1095B000072802DBB0F59C7F00D97047BCB51D4D74
:1095C00084B22046697B002918BF4FF6FF710091D5
:1095D000152101226723FCF72DF9687B10B1FBF7F9
:1095E0009AFF01E0FBF767FFFCF714F902462046FB
:1095F0002E21FCF72FF9687B10B1FBF78CFF01E0FF
:10960000FBF759FFFCF706F9024620464821FCF714
:1096100021F9687B10B1FBF77EFF01E0FBF74BFF00
:10962000FCF7F8F802462046622102B0BDE8B040DF
:10963000FCF710B934030020FEB5F9F7ABFD354F48
:10964000F96C401AB0F5FA7F62D9F9F7A3FDF86416
:109650000720314C694602900120019002200090C1
:109660002046F8F789FF2046F9F718FA20460A2124
:10967000F9F780F92046F9F725F805462046F9F76D
:10968000D7FAA8B2FD8101F09BFD244901F04EFC00
:10969000234901F011FE2349044601F02DFC224D1F
:1096A00040BB2249204601F020FC18BB204D20463B
:1096B000294601F001FE06461948FBF755FF014611
:1096C000304601F033FC294601F030FC01F080FA0D
:1096D000184901F0F1FD184901F08AFB01464FF0ED
:1096E0007E5001F023FC154901F082FB144901F082
:1096F0007FFB0546134928463D6501F0DDFD124D0F
:1097000004461249286901F0D7FDFBF7A5FE286140
:10971000FEBD00BFB80200208404002000F07F4599
:10972000333353400AD7233C0000C8C25C8F5240F9
:10973000005043472CBB84390FCF5B3B339388C326
:109740000000F041CDCCCC3D8C0000206666663F29
:109750000F48104A0021104B80F85A1080F8421030
:10976000117082F83C100D4A80F82E1001610175CD
:10977000C0F81510A0F81910094819704FF6FF73BA
:109780001172A0F80130A2F81310117351817047C3
:1097900070050020E4050020C8110020F40400201A
:1097A0000400002098B0F9F703FDFCF7A1FD0027A5
:1097B000CB4DCC4E4FF4604100224FF46044CDE9D4
:1097C0001177CDE90F77286806F5863A40F010004A
:1097D0002860286800F0100000900098286840F089
:1097E00020002860286800F0200000900098286879
:1097F00040F004002860286800F004000090009801
:10980000286840F008002860286800F008000090F0
:1098100000985046F9F7B9FC06F5843948F203413F
:1098200000224846F9F7B1FC4FF0020B4FF0010857
:109830005046CDE90F48CDE9117B0FAEDFF8E84384
:109840003146A04748F203403146CDF848B0CDE953
:1098500010870F904846A0474FF40060FBF70FFDBC
:1098600041F21030FBF70BFD4FF480603146CDE93B
:1098700010780F909B48834600F58230A04755F83A
:10988000040C0021002240F0010045F8040C55F8BA
:10989000040C5D4600F001000F900F980B20F9F7C3
:1098A000E5FC0B20F9F7D6FC0D2000210022F9F78A
:1098B000DDFC0D20F9F7CEFCDFF870030A234FF42E
:1098C00082710BF596324FF40074C0E90A730823D5
:1098D000C0E90877C0E90021C0E90277C0E9047750
:1098E000C0E90643FAF7E2FB18B1EFF3108072B655
:1098F000FEE7DFF83C4305F590310422204640F8AE
:109900003C1F4FF46021C1614FF48071077580F8EE
:109910000C800261C0E90171F8F746FF18B1EFF35E
:10992000108072B6FEE706202F46012504F13C06A2
:109930001190002010950F900FA9FBF72AFD18B188
:10994000EFF3108072B6FEE70220CDE90F500FA9A9
:10995000FBF71FFD18B1EFF3108072B6FEE703208E
:10996000CDE90F000FA9FBF714FD18B1EFF310803C
:1099700072B6FEE70420CDE90F000FA9FBF709FD41
:1099800018B1EFF3108072B6FEE7AA484FF46021D9
:10999000012407F592323D46C16100210461017541
:1099A0000173C0E900218160F8F7FEFE18B1EFF302
:1099B000108072B6FEE707209E4ECDE910400220CF
:1099C0000F900FA9FBF7E5FC18B1EFF3108072B60A
:1099D000FEE70024602020210D94CDE90B4409947A
:1099E00008900FA8F6F7B9FD9348042141F2BF2271
:1099F00005F59433C0E90034C0E90242C0E90441EE
:109A00008461FAF7C4FC18B1EFF3108072B6FEE778
:109A10004FF480500A9088480AA9FAF705FD18B15A
:109A2000EFF3108072B6FEE78348FAF74FFF18B1E4
:109A3000EFF3108072B6FEE77F4808A9FAF77FFCC3
:109A400018B1EFF3108072B6FEE76020E8461821E7
:109A5000009008F10400F6F780FD774841460022A7
:109A60000024FAF7E9FE18B1EFF3108072B6FEE7B2
:109A70004FF400501694CDE90F44CDE913401E2059
:109A8000CDE911406C480FA9FAF732FC18B1EFF399
:109A9000108072B6FEE76848FAF776FE6748002144
:109AA0004FF6FF724FF08043CDE91611CDE9121148
:109AB000CDE90011C0E9021201228161C0E9003143
:109AC0000161CDE91412CDE9101203220F920FA902
:109AD000FAF708FD40B1EFF3108072B6FEE700BF61
:109AE000181002400004004054486946FAF727FC69
:109AF00018B1EFF3108072B6FEE7514880214FF4A1
:109B00007A72142381610021C0E90073C0E9021256
:109B1000202201610391CDE901110B91CDE91411CE
:109B2000CDE912110A92FAF732FC18B1EFF3108066
:109B300072B6FEE74FF48050694600904048FAF74D
:109B400073FC18B1EFF3108072B6FEE73C48FAF7E9
:109B5000BDFE18B1EFF3108072B6FEE738480AA9CF
:109B6000FAF7EDFB18B1EFF3108072B6FEE70024B0
:109B700002200422CDE91040602013940F90304859
:109B80000FA9FAF759FE18B1EFF3108072B6FEE78D
:109B90002B48FAF7F9FDFBF759FA07F580613046D3
:109BA000CDE91644CDE91244CDE9004440F8301F18
:109BB0004FF6FF71C0E9031401218461C0E901443B
:109BC000CDE91441CDE9104103210F910FA9FAF716
:109BD00089FC18B1EFF3108072B6FEE706F1300091
:109BE0006946FAF7ACFB18B1EFF3108072B6FEE7E6
:109BF000F8F778FB134C48464FF400410022A04789
:109C000050464FF480410022A04750464FF4004197
:109C10000122A0470A480421FAF76AFEF7F754FD2B
:109C2000FFF70AFDFAE700BFD52F0008B0100020AB
:109C3000180400208404002008110020481100208E
:109C4000881100208B31000870B50C4600210546B4
:109C500001F059F906462846214601F03FF900284F
:109C600018BF25462146002E18BF0025284601F0C2
:109C70005DF9044901F020FB01F04EFAC0F17B00D0
:109C800070BD00BF0000CC4202681144032901608E
:109C900003DD01226FF0030304E011F1040F04DC83
:109CA000FF2204231944016000E0002250B27047F3
:109CB00080B5F9F76FFAD4494865002048714349E7
:109CC000886080BD2DE9F843CF4CE06A002875D04C
:109CD000A17921B9017E11B1FFF7EAFFE06A427E66
:109CE000017E032AA17114D1227992B90420FFF7D1
:109CF000BDFB012020710420FEF77EF9607A032865
:109D000008BFFEF7E1F8FFF759F900202073E06A79
:109D1000017E51B1407E032807D0F9F73BFA804617
:109D2000606DA8EB0000F92805D828480021617172
:109D30008160BDE8F883E06ADFF8D892D0E9016578
:109D4000D9F81010304601F0D0F807463046FBF73E
:109D5000C5FA7FB9D9F814100646284601F0C5F8AF
:109D600050B9D9F81810304601F0BFF80028DCD0FF
:109D7000032502E0012500E002256079A8421FD1F9
:109D8000124FB868A8EB0000322817D32846FFF717
:109D90006DFB01204FF4407100262071E06AA4F8A9
:109DA0000560BE6001832846FEF726F9607A032825
:109DB00008BFFEF789F8FFF701F92673BDE8F883BD
:109DC00002486571C0F80880BDE8F883700500207E
:109DD0001CB50D493C22C96DB1FBF2F3B3FBF2F2A5
:109DE000C3EB0314A1EB8404C2EB0212A3EB8202C7
:109DF000CDE900244FF46162B1FBF2F303A2142118
:109E0000F6F744FA1CBD00BFF40400202530326C84
:109E1000753A2530326C753A2530326C7500000089
:109E20000246002803484FF4005118BF0122F9F7F9
:109E3000ACB900BF0010014010B5B14C0020A4F82F
:109E40000500F9F7A7F9606410BD00BF05490022BD
:109E50000F2A04BF0846704750F82230013259409B
:109E6000F6E700BFA5A55A5A10B5674C0120E07669
:109E7000F9F790F9606710BD2DE9F04F95B0624C8D
:109E80000646E76A4FB1387E08B9787E28B10120CE
:109E9000E076F9F77FF9606793E05C48DFF874914A
:109EA000A27B5D4D4FF00008CDF8508082460690B1
:109EB00057488346059099F800000D90A078CDE9A9
:109EC0000E020846FBF70AFA4FF07C514FF07C5423
:109ED00000F08EFF01F03CF908903046FBF7FEF9E8
:109EE000FBF715FB01F034F90790D9F81000FBF7E8
:109EF000F5F9FBF70CFB01F02BF90990D9F81400E8
:109F0000FBF7ECF9FBF703FB01F022F9434D0A9054
:109F1000D9F81800FBF7E2F9FBF7F9FA01F018F9A4
:109F20000B90D9F81C00FBF7D9F9FBF7F0FA01F018
:109F30000FF90C903FB1BC6A97F8248097F8250080
:109F400097F8261001E00120002112913449CDE953
:109F50001080204600F0C2FF324D00281CBF45F2A1
:109F6000EC14C3F67874FBF734F92B49002808BFCA
:109F70002C46204601F0A0F9FBF7C9FA01F0E8F8F9
:109F8000139005AD2846FFF761FF274C1490002081
:109F9000102818D055F8201054F8202001308A429B
:109FA000F6D0F9F703F800200121CDE90341029032
:109FB000CDE9000001A86946F8F75AFF38B1F8F773
:109FC000A5FF002000E0012015B0BDE8F08F0026BD
:109FD000402E09D0AA5B311901200023F8F79EFF1B
:109FE0000028ECD10236F3E7F8F790FF20685845D7
:109FF000E7D160685045E4D1E56B2046FFF726FFC6
:10A00000281AFBF714F9DFE7F4040020010002002E
:10A0100050425542040000200000C8420000204188
:10A02000EC51783F8FC2F53C00FC000828B1E748AE
:10A03000002180F8581080F848102DE9F04387B0CF
:10A04000DF48E04904688946204600F047FF0028C1
:10A050001CBF4CF20004C4F279442046FBF76CF8B4
:10A06000002818BF204601F073F8234E03AC0346C6
:10A0700010214FF0100820463246F6F707F9D34D6D
:10A08000922103224FF47843CDF8088005F148006F
:10A09000CDE900402220FEF727FF1848494687698E
:10A0A000384600F01BFF00281CBF4CF20007C4F22A
:10A0B00079473846FBF740F8002818BF384601F0CA
:10A0C00047F80346204610213246F6F7DFF8C0482D
:10A0D0001F2305F15801CDF80880CDE90041407BF0
:10A0E000002808BF40F2FF73B62092210322FEF73A
:10A0F000FBFE07B0BDE8F083F9B90008640000205A
:10A10000340300202DE9F04F8FB0DFF8B4A2AD4941
:10A110008146DAF80050284600F0E0FE00281CBF17
:10A120004CF20005C4F27945284600214FF00008A2
:10A1300000F0D4FE002818BF284601F009F803AD4E
:10A14000A14A034618212846F6F7A0F8B9F1000FF6
:10A1500034D09E4C1020892104224FF478434FF4D0
:10A16000784602902F2004F8088FCDE90054FEF7BE
:10A17000BBFE9748974A407B002818BF4FF6FF70F8
:10A18000CDE900607920FBF763F9DAF814608D49B6
:10A19000FBF7D3F900281CBF4CF20006C4F2794645
:10A1A0003046FAF7C9FF002818BF304600F0D0FF4C
:10A1B000854AFBF7F3F984F8108030E010208921FC
:10A1C00004224FF478434FF4784402907F480830DB
:10A1D000CDE900502F20FEF787FE7D487D4A407B69
:10A1E000002818BF4FF6FF70CDE900407920FBF73B
:10A1F0002FF9DAF814607349FBF79FF900281CBFA8
:10A200004CF20006C4F279463046FAF795FF002872
:10A2100018BF304600F09CFF6B4AFBF7BFF96C4E4D
:10A22000DFF8A8811F234FF0100BCDF808B0707B2A
:10A2300008F11801CDE90051002808BF40F2FF7372
:10A24000CD2089210422FEF74FFE707B40F2FF7182
:10A25000604A002818BF4FF6FF7018BF1F21CDE9D4
:10A26000001040F21710FBF7F3F8DAF80C0000F0DA
:10A2700093FDCDE9000158A2FBF787F8B9F1000F73
:10A280001DD000274446FF200021FF2204F8287F2C
:10A29000FBF7C0FA03462620B1210222CDE9005483
:10A2A000CDF808B0FEF720FEDAF8040000F074FDE7
:10A2B0004B4ACDE90001FBF768F8277416E0FBF77D
:10A2C0004EF9034608F12800B1210222CDF808B06A
:10A2D000CDE900502620FEF707FEDAF8040000F072
:10A2E0005BFD3F4ACDE90001FBF74FF8707B102181
:10A2F0001F2308F13802CDE900520291002808BF5F
:10A3000040F2FF738720B1210222FEF7EDFDDAF85B
:10A310001800FAF7B0FF00F01BFF2B4D314C03463D
:10A320000DA808212A46A047DAF81C00FAF7A3FF77
:10A3300000F00EFF03460BA808212A46A047DAF8D2
:10A340002000FAF798FF00F003FF034609A8082150
:10A350002A46A047B9F1000F05D123499AF82400F5
:10A360000978814217D0707B4FF49D72002818BF86
:10A370004FF6FF7000900320CD212223FBF75AFAFD
:10A380000020194986F8740086F86C0088F80000EF
:10A390009AF824000870154C06F16C030DAA0020F1
:10A3A0000421A04706F174030BAA01206F21A047E6
:10A3B000064B09AA0220DA21A0470FB0BDE8F08FB2
:10A3C0002812002000C079440ABA0008B003002017
:10A3D00034030020FDB90008252E30665700000028
:10A3E00052B900088D0200084F020020918A00082F
:10A3F0005FEA400C08BF91F0000F4FEA8C234FEA50
:10A40000C12243EA51514FEA1C5018BF00F5F040F9
:10A410004FEA300018BF41F000415FEA6C5C00F089
:10A420002980BCF1FF3F08BF40F080407047130C0B
:10A4300006BF12044FF0100C4FF0000C130E04BFB7
:10A4400012020CF1080C130F04BF12010CF1040CE2
:10A45000930F04BF92000CF1020CD30F04BF520003
:10A460000CF1010C11464FF00002A0F11F00A0EB0F
:10A470000C00704711F0004F08BF704731F00041E9
:10A480003FF4D5AF0B0C06BF09044FF0100C4FF092
:10A49000000C0B0E04BF09020CF1080C0B0F04BFDB
:10A4A00009010CF1040C8B0F04BF89000CF1020CA4
:10A4B000CB0F04BF49000CF1010CCCF1200322FAB0
:10A4C00003F341EA030102FA0CF2A0EB0C0000F1E5
:10A4D0000100704723F07F4720F07F4C80EA0300A3
:10A4E00000F00040ACEB070303F57C5303F1FF03DE
:10A4F0002DE9804909B44FEA144324EA03484FEA9E
:10A50000154B25EA0B4E0FF2042606EB13273E7877
:10A5100003FB0667C7F5000707FB06F64FEAD646BA
:10A5200006F102064FEA543707FB066CCCF1005CDB
:10A530004FEA1C472CEA074C0CFB06F507FB06F418
:10A5400004EB15464FEA961649085FEA320234BF1B
:10A5500000204FF000404FEAD13706FB07FC4FEADE
:10A560001C4C0CFB0BF7D21B03FB0CF761EB070138
:10A570000CFB0EF7B0EB074072EB17420CFB08F731
:10A5800034BFA2EB0742B2EB074261EB17414FEA3F
:10A590000C444FEA910706FB07FC4FEA1C4C0CFBEE
:10A5A0000BF7B0EBC74072EB573203FB0CF734BF2D
:10A5B000A2EBC742B2EBC74261EB57310CFB0EF77F
:10A5C000B0EBC70072EB57720CFB08F734BFA2EB7D
:10A5D000C702B2EBC70261EB57714FEA816141EAF2
:10A5E00092114FEA826242EA90124FEA806004EBD5
:10A5F000CC04039F4FEAD13706FB07FC4FEA1C4C03
:10A600000CFB0BF7D21B03FB0CF761EB07010CFBF8
:10A610000EF7B0EB074072EB17420CFB08F734BFA4
:10A62000A2EB0742B2EB074261EB17414FEA8C55B0
:10A6300004EB9C244FEA910706FB07FC4FEA1C4CF5
:10A640000CFB0BF7B0EBC74072EB573203FB0CF778
:10A6500034BFA2EBC742B2EBC74261EB57310CFBF0
:10A660000EF7B0EBC70072EB57720CFB08F734BF64
:10A67000A2EBC702B2EBC70261EB57714FEA8161EF
:10A6800041EA92114FEA826242EA90124FEA8060F8
:10A6900015EB4C2544F100044FEAD13706FB07FCCB
:10A6A0004FEA1C4C0CFB0BF7D21B03FB0CF761EBC6
:10A6B00007010CFB0EF7B0EB074072EB17420CFBE7
:10A6C00008F734BFA2EB0742B2EB074261EB174138
:10A6D0004FEA813141EA92414FEA823242EA9042A6
:10A6E0004FEA80304FEA0C7615EB1C1544F100045C
:10A6F00048EA03434EEA0B484FF0000EB2EB080C59
:10A7000071EB030724BF624639464EEB0E0E4FF045
:10A71000000B0018524149414BEB0B0BB2EB080CFC
:10A7200071EB03077BF1000B24BF624639464EEB09
:10A730000E0E4FF0000B0018524149414BEB0B0B32
:10A74000B2EB080C71EB03077BF1000B24BF6246F0
:10A7500039464EEB0E0E51EA020718BF46F00106CD
:10A7600016EB0E7655F1000254F1000103D5BDE859
:10A770008901BDE80088BDE88901BDE80048B61937
:10A78000524141EB0101A3F10103704780807F7EBC
:10A790007D7C7B7A79787776767574737271717057
:10A7A0006F6E6E6D6C6C6B6A6A6968686766666509
:10A7B0006464636362616160605F5F5E5E5D5D5C97
:10A7C0005C5B5B5A5A595958585757565655555508
:10A7D0005454535352525251515050504F4F4F4E68
:10A7E0004E4D4D4D4C4C4C4B4B4B4A4A4A494949B6
:10A7F00048484847474747464646454545444444F8
:10A800004443434343424242424141419C46002B20
:10A8100030D477002BD04FEA37071CB503B44FF084
:10A8200010004FF01001BAF1000F06D0BCF1000F7C
:10A83000DCBF40F0080040F008014FF000000FBC02
:10A84000BDE810400BF1010BBBF1010F08BF5FEA3F
:10A85000170722BF12F1010211F101014FF000416F
:10A8600043F1000300F0004043EA00007047F9D3D1
:10A870005708D0E746EA06464FEA164613F1400F5E
:10A880001FDD13F1200FDFBF16430A4600212033DE
:10A890005B42BED0C3F1200746EA06464FEA1646A1
:10A8A00002FA07F746EA070622FA03F2C3F1200785
:10A8B00001FA07F742EA070221FA03F14FF0000319
:10A8C000A7E746EA020646EA06464FEA164646EA81
:10A8D0000106BCBF46EA0646360C4FF000034FF0B7
:10A8E00000024FF0000194E72DE9804C70B49A46C5
:10A8F000934691E8380007C831EA400C48BF34EA73
:10A90000430C03D5FFF7E6FDFFF780FFF0BCBDE881
:10A91000008C2DE9804C70B49A46934691E838003B
:10A9200007C810F0804F08BF13F0804F03D100F02C
:10A9300005F8FFF76BFFF0BCBDE8008C20F07F4707
:10A9400023F07F4C80EA030000F0004007EB0C038B
:10A95000A3F57C53A3F1FE0392F0000F00F0B38047
:10A9600095F0000F00F077802DE901494FEA114082
:10A9700021EA00484FEA144624EA064700FB06FC99
:10A9800008FB06F607FB08F818EB06484CEB164CDC
:10A9900000FB07F718EB07484CEB17404FEA124B48
:10A9A00022EA0B4E4FEA154625EA06470BFB06FC4A
:10A9B0000EFB06F607FB0EFE1EEB064E4CEB164C8E
:10A9C0000BFB07F71EEB074E4CEB174B18EB0B0876
:10A9D00040F1000018EB0E0B58EB000840F10000AE
:10A9E0008F1A4FF000014FF000063CBFC943661BB1
:10A9F00014BFB5EB040C00213CBFC943F61B4FEA62
:10AA0000174427EA04454FEA1C472CEA074C04FB8D
:10AA1000076205FB07F70CFB05F616EB074642EB52
:10AA2000174204FB0CFC16EB0C4642EB1C421BEBE2
:10AA3000060658EB020241414EEA8E0E46EA9E0699
:10AA400001D5BDE80189B619524141EB0101A3F1DD
:10AA50000103BDE801894FEA144524EA05464FEA9F
:10AA6000114721EA074C05FB07F406FB07F70CFB2F
:10AA700006F111EB074144EB174405FB0CFC11EB0D
:10AA80000C4144EB1C444FEA124722EA074C05FBF9
:10AA900007F206FB07F70CFB06F616EB074642EB40
:10AAA000174205FB0CFC16EB0C4642EB1C456A18E2
:10AAB00054F1000148BF7047B619524141EB010102
:10AAC000A3F10103704795F0000F37D04FEA114210
:10AAD00021EA02464FEA144724EA074C02FB07F139
:10AAE00006FB07F70CFB06F414EB074441EB174198
:10AAF00002FB0CFC14EB0C4441EB1C414FEA1547E4
:10AB000025EA074C02FB07F506FB07F70CFB06F6E8
:10AB100016EB074645EB174502FB0CFC16EB0C4603
:10AB200045EB1C42121951F1000148BF7047B6199C
:10AB3000524141EB0101A3F1010370474FEA144573
:10AB400024EA05464FEA114721EA074C05FB07F1C5
:10AB500006FB07F70CFB06F212EB074241EB17412D
:10AB600005FB0CFC12EB0C4251EB1C414FF00006B4
:10AB700048BF7047921841EB0101A3F101037047F0
:10AB8000490050EAC12018BF04204A0D18BF40F008
:10AB9000010040F2FF72B2EB515F08BF40F00200CB
:10ABA000012808BF0520704700214FF07E5000F0BB
:10ABB000BDB9012100F0F7BC0021084600F0B6B98C
:10ABC00030380A2801D20120704700207047000069
:10ABD0002DE9F0410026A0F50001B1F1FE4F7DD234
:10ABE00000F500226FF07E0101EBE251C2F3025446
:10ABF00077184FF07E52A0EBC15602EB045557EA8E
:10AC0000040047D02946304600F0F2F88046294635
:10AC1000304600F01DFC414600F088F9054601462B
:10AC200000F04AFB8046454900F046FB444900F0ED
:10AC3000DFF806464146284600F03EFB314600F06C
:10AC40003BFB0646384600F0A3FA07463D4900F0B4
:10AC500033FB3D49794451F8241000F0C9F83146DE
:10AC600000F0C6F806460121284600F09CFC31465B
:10AC700000F0BEF805463846344900F01DFB344963
:10AC8000794451F8241000F0B3F82946BDE8F041AA
:10AC900000F0AEB84FF07E51304600F0D9FB0546CB
:10ACA0002C4900F009FB2C4900F0A2F8294600F0DD
:10ACB00003FB2A4900F09CF8294600F0FDFA6FF0EA
:10ACC000824100F095F804462946084600F0F4FA5F
:10ACD000214600F0F1FA0146284600E003E0BDE815
:10ACE000F04100F085B84FF07F42B2EB400F03D245
:10ACF000BDE8F041FFF75DBFB0F1FF4F08BFBDE811
:10AD0000F081B0F1004F06D90120F5F780FCBDE8D5
:10AD1000F041FFF751BF30F0004105D06FF016064B
:10AD2000172100F040FC5BE70220F5F770FCFFF70D
:10AD30003BFF80F00040BDE8F081000066F1CC3EB2
:10AD4000AAAA2A3FF4FD0538FC0900000070313F33
:10AD5000B009000021ED423E0A1180BEC1ABAA3EFF
:10AD600010B500290AD00878002807D00548784493
:10AD7000F6F7ACF9002801D0002010BD0248784455
:10AD800010BD0000C20C0000BA0C00000808A0F5BD
:10AD900000114FEA3101704743004FEAD30C4FEAEC
:10ADA0003C0C43401FBF40070CF1605113F0FE4FB5
:10ADB00070471CF0006F03D10CF000410020704779
:10ADC0000CF0004343EA507040EACC0010B500F0AC
:10ADD000F4FA00BF000000924FEA0001FFF7D6BF6F
:10ADE0004FF00041A1F500214FF000007047000036
:10ADF00090EA010F48BF81F0004100F13083421A10
:10AE00003CBF801A89184FEAD052A2EBD1534FF0C1
:10AE10007F4C1CEA410F18BF9CEA026F00F03B8098
:10AE20004FF0004C4CEA00204CEA012121FA03FCCF
:10AE300010EB0C0C1ED202F1FF325FEA1C2040EB3B
:10AE4000C25038BF70471CF07F0F4FEA400C18BF4C
:10AE5000BCF17F4F38BF7047C3F12003994008BF52
:10AE600020F00100BCF17F4F38BF7047A0F1C04017
:10AE700000F0E9BA4FEA3C00000A40EBC25028BF9C
:10AE80001CF0FF0F4FEA400CE6D018BFBCF17F4F1B
:10AE900038BF7047EAE79CEA026F05D010EA5C0F02
:10AEA00008BF00F00040704710B500F086FA00BF00
:10AEB00064FBBE3E014800F044BB00BF0000C07F01
:10AEC00010B500F0F5F80CBF0120002010BD10B542
:10AED00000F0EEF814BF0120002010BD10B500F006
:10AEE00083F98CBF0120002010BD10B500F07CF963
:10AEF0002CBF0120002010BD10B500F0A9F994BFAF
:10AF00000120002010BD10B500F0A2F934BF0120CF
:10AF1000002010BD401058BFC0F14040491058BF3C
:10AF2000C1F140418142EFF3008070474FF47F0C44
:10AF30001CEAD0121EBF1CEAD11392EA0C0F93EA4E
:10AF40000C0F00F0858090EA010F48BF42F4807238
:10AF500040F4000C41F400002CF07F4120F07F40D1
:10AF600000B5A2EB030281420FF2081CACEB504E7D
:10AF70009EF800E0C0F100004FEA4E0E00FB0EFC10
:10AF800038BF49004FEA2C1C0CFB0EF34FEACE1ED3
:10AF90000EEB635E4FEA112C0EFB0CFC4FEAC12155
:10AFA0004FEA1C5300FB031102F5FA024FEA112C81
:10AFB0000EFB0CFC4FEA01314FEADC4C00FB0C119C
:10AFC00042EB2242C14228BF09184CEB03335DF823
:10AFD00004EB10EB410143EBC250B2F57C0F38BFDC
:10AFE000704729D512F0F00F1CBF00F1C04000F0EF
:10AFF00000407047008182838485868788898B8C96
:10B000008D8E8F919293959697999A9C9D9FA0A2D1
:10B01000A3A5A7A8AAACAEB0B2B3B5B7B9BCBEC021
:10B02000C2C5C7C9CCCED1D4D7D9DCDFE2E6E9ECC2
:10B03000F0F3F7FAFE0000004FEA400C0CF1807CC0
:10B04000BCF17E4F28BF7047B0F1C04000F0FBB9A3
:10B050000CEAD11390EA010F48BF42F480726245B6
:10B0600038BF634507D213F47F0F16D080EA010082
:10B0700000F00040704710B500F09FF9097EFC3EDB
:10B0800000F005B880EA010000F00040704780EA57
:10B09000010000F0004000F0D6B912F47F0F04BFA9
:10B0A0000248704780EA010000F0CDB90000C07F7F
:10B0B00050EA010C00F113801CF5000F58BFBCF5DD
:10B0C000000F01D48842704707D710F5000F58BF12
:10B0D00011F5000F15D488427047894270471CF55E
:10B0E000000F04D5BCF5000FF7D5814270474FF033
:10B0F000807C1CEB400F38BF1CEB410F01D281421A
:10B10000704710B500F059F9922449004FF00050F3
:10B110004FF08051FFF7FEBE41000B0ED3F19E02AF
:10B1200008D950F400034FEA032323FA02F048BF82
:10B130004042704710B500F040F900BF49922480AA
:10B14000002070476FF0004282EA20007047000044
:10B15000C10DD1F19E0206DB4FEA002343F000430C
:10B1600023FA02F07047004207D54FEA4001B1F1DF
:10B17000FE4F02D24FF00000704710B500F01DF9ED
:10B1800049922480002070476FEA20007047000039
:10B1900010F0004148BF4042B0FA80F310FA03F2C9
:10B1A000C3F19D030BD051EAC35101EB12205306AA
:10B1B00038BF704700F1010008BF20F00100704760
:10B1C000B0FA80F310FA03F2C3F19D030AD0D90557
:10B1D00001EB1220530638BF704700F1010008BF91
:10B1E00020F001007047000050EA010C00F11380CC
:10B1F0001CF5000F58BFBCF5000F01D48842704702
:10B2000007D710F5000F58BF11F5000F15D488426D
:10B210007047894270471CF5000F04D5BCF5000F3C
:10B22000F7D5814270474FF0807C1CEB400F38BF50
:10B230001CEB410F01D28142704710B500F0BDF800
:10B24000922449004FF080504FF00051FFF762BE4A
:10B2500050EA010C00F113801CF5000F58BFBCF53B
:10B26000000F01D48842704707D710F5000F58BF70
:10B2700011F5000F15D488427047894270471CF5BC
:10B28000000F04D5BCF5000FF7D5814270474FF091
:10B29000807C1CEB400F38BF1CEB410F01D2814278
:10B2A000704710B500F089F8922449004FF0005023
:10B2B0004FF08051FFF72EBE4FF47F0C1CEAD012E6
:10B2C0001EBF1CEAD11392EA0C0F93EA0C0F00F098
:10B2D000478090EA010F48BF42F480724FF0004C63
:10B2E0004CEA00204CEA012102EB0302A0FB01130F
:10B2F000A2F50002002918BF43F001035B0028BF3C
:10B300004FEA330342EB22425FEA132C4CEBC2506C
:10B310002EBFBCEB436FB2F57C0F70474FEA036C56
:10B32000BCF1004F08BF20F00100B2F57C0F38BF20
:10B3300070470BD582F0FF0212F5803FC8BF7047FF
:10B3400000F1C040D8BF00F00040704700F5000C8D
:10B350005FEA4C0C48BF7047B0F1C04000F073B8D2
:10B360000CEAD11390EA010F48BF42F480726245A3
:10B3700038BF634504D280EA010000F00040704706
:10B3800010B500F01AF800BF8900013E00F007B8C0
:10B3900000F009B85FEA410C5FEA1C6C08D080EA53
:10B3A000010000F050B85FEA400C5FEA1C6CF6D177
:10B3B0004FF00040A0F5800070470EF1020E2EF015
:10B3C000030E5EF8044B244204D44FEA4102B2F16A
:10B3D0007F4F11D84FEA4003B3F17F4F0CD80ED105
:10B3E0004FEAD07C0CEB4C0C0CF1020CB2F17F4F0D
:10B3F00008BF4CEBD17C04E04FF0080C01E04FEAB1
:10B40000D17C0CEB4C0324FA03F404F00704B4F1F0
:10B41000040C06D20EEB840CBDE810404CF0010C7D
:10B420006047DFE80CF0070802024FF00040A0F58B
:10B43000800010BD0846420018BFD2F1807288BF5C
:10B4400000F0004010BDFF2141EAD050C005704718
:10B4500090EA010F48BF81F000413FF5D0AC421A9D
:10B4600004D882F00042A0EB020011444FEAD0520F
:10B47000A2EBD1534FF07F4C1CEA410F18BF9CEA5E
:10B48000026F4AD04FF0004C4CEA00204CEA0121F8
:10B4900021FA03FCB0EB0C0C0FD412F0FE0F36D0E7
:10B4A0005FEA4C001DD5001240EBC25038BF704718
:10B4B0001CF03F0F18BF70470BE05FEA1C20A2F1A1
:10B4C000010240EBC25038BF70471CF07F0F18BF1D
:10B4D0007047C3F12003994014BF401E20F00100C3
:10B4E00070474FEA1223800808BF7047B0FA80FC0B
:10B4F000A2EB0C02CCF1280C60FA0CF093EA122FAC
:10B5000004BF00EBC25070474FEAC3707047130A84
:10B510005FEADC1008BF7047F6E79CEA026F04D0D0
:10B5200010EA5C0F08BF0020704710B5FFF745FF19
:10B5300040DFF63E81F000407047F5F79FB9F5F720
:10B54000D3BA0CF00F03092B08BF082000F051807C
:10B550000A2B0BD0082B18BF704708BF1CF0400FF8
:10B560000AD04FF000004FF0000170471CF0400F70
:10B5700018BF4FF0004070471CF0100F08D000F0CB
:10B580007F4220F0704342EAD3014FEA4370704794
:10B5900000F0604021F07F4242EA000201F07F406B
:10B5A00040EA727070474FF0FF0212EAD0521CBF9F
:10B5B00092F0FF038B42C2BFD14200EBC1507047F3
:10B5C000002A0AD0002B0BD000F000400029A4BFB5
:10B5D00040F0FE4040F40000704700F0004070472B
:10B5E00043024FF00B0C18BF4CF0806C7FF462AC40
:10B5F00070471CF4801F11D01CF4E02F03D06FEAB9
:10B60000CC31490070474FF04050EFF3008222F0F8
:10B61000704242EA000282F3008870474FF0000057
:10B620007047040000080000000000000002000154
:10B6300000001000000000000030F13D0070643E8A
:10B640000000A33E0090CF3E0090F83E00400F3F28
:10B6500000E0203F0000000015B78337CDE37B38C2
:10B660000EE1C53860F69138AF5F0F38E1BC3E3867
:10B6700023F4473930313233343536373839616263
:10B68000636465667870003031323334353637386C
:10B6900039414243444546585000000002400000F2
:10B6A000000000A00000000005400000000000C8ED
:10B6B000000000000C4000000000409C0000000062
:10B6C000194000000020BCBE000000003440000013
:10B6D000BFC91B8E00000004B5400000504BCFD006
:10B6E0006607E2CF010000006C4100003E8251AAD3
:10B6F000DFEEA73401000000D9420000DCB5A0E273
:10B700003A301F97FFFFFFFFB4450000FD25A0C89A
:10B71000E9A3C14FFFFFFFFFFF3F000000000080D3
:10B7200000000000FF3F000000000080000000005B
:10B7300000000000000000000102030406070809E1
:10B740000000000001020304000000000000005F90
:10B7500000000007000700147F147F14242A7F2AAA
:10B760001223130864623649552250000503000075
:10B77000001C2241000041221C0014083E0814084D
:10B78000083E08080050300000080808080800605B
:10B7900060000020100804023E5149453E00427FEF
:10B7A000400042615149462141454B311814127FF6
:10B7B0001027454545393C4A49493001710905037F
:10B7C0003649494936064949291E003636000000E7
:10B7D00056360000081422410014141414140041B9
:10B7E0002214080201510906324979413E7E1111A5
:10B7F000117E7F494949363E414141227F414122E4
:10B800001C7F494949417F090909013E4149497A5B
:10B810007F0808087F00417F41002040413F017FB1
:10B82000081422417F404040407F020C027F7F0489
:10B8300008107F3E4141413E7F090909063E4151C2
:10B84000215E7F09192946464949493101017F0195
:10B85000013F4040403F1F2040201F3F4038403FB5
:10B8600063140814630708700807615149454300D1
:10B870007F41410002040810200041417F00040282
:10B8800001020440404040400001020400205454A2
:10B8900054787F4844443838444444203844444829
:10B8A0007F3854545418087E0901020C5252523EFB
:10B8B0007F0804047800447D40002040443D007F20
:10B8C0001028440000417F40007C041804787C0864
:10B8D00004047838444444387C14141408081414BC
:10B8E000187C7C080404084854545420043F444005
:10B8F000203C4040207C1C2040201C3C4030403CF0
:10B9000044281028440C5050503C4464544C44008B
:10B910000836410000007F0000004136080008049E
:10B92000081008D0040C11132C3F44512F1F1F2066
:10B93000230C0C003333D0040D11132B3F544C183F
:10B940000D0B1F23494641535420252E32664120BA
:10B950003E20252E3266410056696E3A252E32660B
:10B960005620543A252E3066430054454D5020252C
:10B970002E316643203E20252E3166430052554E1F
:10B9800000524154494F004F435000504F574552C9
:10B990002054454D50004F5050004F5650004953D1
:10B9A0004554005653455400484152442043555293
:10B9B00052454E54005042393A2052455345542086
:10B9C0002B20524553544152540056494E20252EA7
:10B9D000326656203C20252E3266560056494E20AF
:10B9E0004C4F57002530352E3266004641554C5499
:10B9F00020434F44452025750025303375430054BE
:10BA0000495000534F4C44455200253033750000D7
:10BA100050BA000800000020580200005001000841
:10BA200080BB00085802002000160000B00100088A
:10BA30001C00000043000000F8FFFFFF0C000000A6
:10BA40000E0000000F0000002E00000000000000AB
:10BA500012F02F400101FFFF01013AFF0141235085
:10BA6000421B4841044A4304E9101A400C11324079
:10BA7000123F140C0140193C51190C1A100D690C9D
:10BA8000114A020C1201495A259A99193F1AC83CC9
:10BA900029043AAF4C322D3205291C05128FC2F50C
:10BAA0003C696C720319804962194C291C1EA04024
:10BAB000666686081A40241AA0082B20401F321000
:10BAC000135D701B0889041A95041AB1041ADD0469
:10BAD0001A41041A6904111324F413196E14087915
:10BAE0006D1B08ED08411ABD0C1A05041A4B04C160
:10BAF0001A01201AF5141A0D081AE9081C09024344
:10BB0000DB111DC03209041D1A020B130524161087
:10BB1000010524011009010424020205240617016D
:10BB20000705820308151009040133020A1D0705E1
:10BB30000102A22C0705810711093744113A02447A
:10BB40001907112B0A06061139F02B0907500A3B79
:10BB500004941A12171302021E40830440574D1B0F
:10BB60000203591375231B086F041A6B041A9904F6
:10BB70000718040309041A035C01FFE81C00000015
:04000005080000ED02
:00000001FF
