:020000040800F2
:10000000E014002001010008A94A00082D4A000858
:10001000A54A000801100008C18200080000000085
:100020000000000000000000000000004154000833
:100030006D10000800000000AD4A00089957000844
:100040001B0100081B0100081B0100081B01000820
:100050001B0100081B0100081B0100081B01000810
:100060001B0100081B0100081B01000855100008B7
:100070001B010008611000081B0100081B0100089B
:100080001B0100081B010008890500081B0100086E
:10009000857500081B0100081B0100081B010008F2
:1000A0001B0100081B0100081B0100081B010008C0
:1000B0001B010008ED570008F95700081B01000854
:1000C0001B0100081B0100081B0100081B010008A0
:1000D0001B0100081B0100081B0100081B01000890
:1000E0001B0100081B0100081B010008DFF80CD0F1
:1000F00000F0E8F90048004719870008E0140020E4
:100100000648804706480047FEE7FEE7FEE7FEE7B1
:10011000FEE7FEE7FEE7FEE7FEE7FEE79D57000885
:10012000ED00000810B5044604E00B7800F8013B30
:1001300003B1491C521EF8D2204610BD421C10F8D3
:10014000011B0029FBD1801A704710B5002200E086
:10015000521C835C8C5CA34201D1002BF8D1D8B235
:10016000E1B2401A10BDF0B480EA0102D40F42009F
:10017000B2EB410F02D20246084611464A0042D075
:10018000C30DDDB2C1F3C752AD1A202D35DAC1F36C
:10019000160141F4000204B15242C5F1200602FAF0
:1001A00006F12A411044B3EBD05F23D0C4B1012D36
:1001B000A0EBC35009DCF0BC4FF0004202EAC3528E
:1001C000DBB200F5000000F043B9400000F18070A0
:1001D00000EBC350A0F1807040EAD170490009E003
:1001E000490841EAC071A0EBC35000F50000400887
:1001F00000EBC350F0BC00F022B96142012202EBD7
:100200004101001BF6E7F0BC704781F00041AAE70E
:1002100080F00040A7E780EA010210B502F0004339
:10022000400022D04A001FD0010E01EB1261C0F342
:100230005600C2F3560240F4000042F40002A0FB54
:10024000022000047F39140400D0401C50EA124000
:1002500001D44000491EC2B20C0604EBD010401C71
:100260004008802A02D003E0002010BD20F00100E9
:10027000002900DA0020184310BD30B480EA0102E2
:1002800002F0004530F0004221F0004013D090B160
:10029000C30DD40DC2F31601C0F31600E41A41F4E5
:1002A000000140F400027D34914201D3641C00E05F
:1002B0004900002C02DA30BC002070474FF40000E7
:1002C0000023914201D3891A034340084FEA4101B8
:1002D000F7D151B1914202D14FF0004105E002D275
:1002E0004FF0010101E06FF0010103EBC45028441D
:1002F00030BC00F0A4B8002801DBC0F100400029A8
:1003000001DBC1F10041814201D80120704700208A
:100310007047002801DBC0F10040002901DBC1F17A
:100320000041814201D2012070470020704700281F
:1003300001DBC0F10040002901DBC1F10041814235
:1003400001D30120704700207047002801DBC0F175
:100350000040002901DBC1F10041814201D90120A7
:10036000704700207047C10F80EAE0700844CA0758
:100370009623002100F06CB896230022114600F06D
:1003800067B800F0004220F00040C10DC0F3160035
:1003900040F400007F2901DA00207047962903DC31
:1003A000C1F19601C84001E096398840002AF4D096
:1003B0004042704720F00040C10DC0F3160040F4E9
:1003C00000007F2901DA00207047962903DCC1F183
:1003D0009601C84070479639884070472DE9F05F14
:1003E0000546002092469B468846064681464024A4
:1003F0001BE0284641464746224600F08AF853460D
:100400005A46C01A914110D311461846224600F0B0
:1004100071F82D1A67EB01084F4622460120002192
:1004200000F068F817EB00094E41201EA4F101040A
:10043000DFDC484631462A464346BDE8F09F0029A6
:10044000A8BF7047401C490008BF20F0010070475A
:1004500010B4B0FA80FC00FA0CF050EA010404BFBA
:1004600010BC704749B1CCF1200421FA04F411FA10
:100470000CF118BF012121430843A3EB0C01CB1D54
:100480004FEA00614FEA102042BF002010BC7047C5
:1004900000EBC35010440029A4BF10BC7047401C9F
:1004A000490008BF20F0010010BC7047420005D091
:1004B000C0F3C7525242914201DC0020704700EB6A
:1004C000C15070471CB50948009009480190054685
:1004D000009C06E0E06840F0010394E807009847BC
:1004E0001034AC42F6D3FFF705FE000078BB0008DD
:1004F00098BB0008202A04DB203A00FA02F1002011
:1005000070479140C2F1200320FA03F31943904051
:100510007047202A04DB203A21FA02F000217047BC
:1005200021FA02F3D040C2F120029140084319465B
:10053000704770B58C1810F8015B15F0070301D1F6
:1005400010F8013B2A1106D110F8012B03E010F836
:10055000016B01F8016B5B1EF9D12B0705D4002359
:10056000521E0DD401F8013BFAE710F8013BCB1AFB
:10057000921C03E013F8015B01F8015B521EF9D5F0
:10058000A142D8D3002070BD80B540F22820C2F22D
:10059000000001F045F840F23830C2F20000BDE83A
:1005A000804001F03DB80000B0B5044600688168A5
:1005B000C90701D10020B0BD816821F0010181602F
:1005C00002F020F8054600BF20688068C007F1D01F
:1005D00002F018F8401B0328F6D3A06A40F0100080
:1005E000A062E06A40F00100E0620120B0BD0000BE
:1005F0000146406A826A12F0500F03D0006A026B13
:10060000084610470168826A42F400728262896873
:1006100001F46021B1F5602F01D1017B11B100F02F
:100620007BBF00BF816A21F480718162816AC90445
:1006300048BF00F071BF816A41F00101816200F0A2
:100640006BBF0000406A816A41F040018162C16A6B
:1006500041F00401C16200F0DDBF0000406A00F01B
:10066000D7BF0000B0B582B00446002001902168D9
:100670008A68D2073FD1886840F00100886040F264
:100680009000C2F2000000684DF68361C4F21B3195
:10069000A0FB0101880C01900198A0B101980138DC
:1006A0000190019878B1019801380190019850B1FA
:1006B000019801380190019828B101980138019002
:1006C00001980028EAD101F09DFF05462068806866
:1006D000C00713D101F096FF401B0328F6D3A06A90
:1006E00040F01000A062E06A40F00100E0620020EB
:1006F00084F82400012002B0B0BD00BF002002B089
:10070000B0BD00002DE9F04F81B040F2A8398A4613
:10071000C2F200090028C9F80800C9F8101000F05A
:10072000BC800669054630460021FFF7E4FD28B984
:100730006F6900213846FFF708FE20B90026C4F291
:1007400040164FF0804700214FF6004BC4F2F011E5
:100750003046C0F6000BFFF7F8FD00281CBF00264E
:10076000C4F2F01630464FF07E514FF07E54FFF742
:10077000ECFD00210028C4F22011384608BF2646AF
:100780002E61FFF7E2FD4CF6CD48C3F6CC580028A9
:100790001CBF0027C4F2201738464146FFF7D5FD9D
:1007A0000024002808BF47462C83DBF8000042F2F3
:1007B0002601CBF6BA2188426F616DD1DBF80400C7
:1007C000012869D1DBE902674BF6E871C0F6FF61E9
:1007D00045F6BE223144CFF6C642514007EB8112A6
:1007E00047F6B91302EB9102C9F63763DBF8100044
:1007F0001A44514081424FD10021C4F2F0113046D9
:10080000FFF7A3FD00281CBF0026C4F2F0163046F7
:100810004FF07E514FF07E5BFFF797FD00210028DF
:10082000C4F22011384608BF5E462E61FFF78DFDE9
:1008300000281CBF0027C4F2201738464146FFF7A6
:1008400084FD40F2804200284FF00000C2F2000216
:1008500008BF47466F61287640F22041107082F849
:10086000200082F8400040F2E042C2F20001C2F2F1
:10087000000281F84000107082F8200089F85800CA
:1008800089F868000870087481F8200089F8480029
:1008900081F8300089F800002C83BAF1000F09D0EC
:1008A00050463C2103F0CEFCD9F810000068406AA5
:1008B000A9F8040004F038FC002089F80200A9F827
:1008C000000000F0D5FB05F013F8012001B0BDE8F1
:1008D000F04F06F0C5BE00002DE9F04385B040F2B0
:1008E000A839C2F20009D9F80800002877D0D0E969
:1008F00004564BF6E870C0F6FF6045F6BE2128446A
:10090000CFF6C641484006EB801147F6B91201EB1D
:100910009001C9F63762114481EA000701F044FDF5
:100920004FF6004401204FF00008C0F60004049088
:1009300001A86946CDE90088039401F027FC012055
:10094000214642F22602002301F0A2FCA11C012054
:100950004BF6BA22002301F09BFC211D012001224D
:10096000002301F095FCA11D01200022002301F0CD
:100970008FFCAAB204F108010120002301F088FCD9
:100980002A0C04F10A010120002301F081FCB2B21B
:1009900004F10C010120002301F07AFC320C04F177
:1009A0000E010120002301F073FCBAB204F1100122
:1009B0000120002301F06CFC3A0C04F1120101202B
:1009C000002301F065FC01F059FC01F01BFE00F56D
:1009D0004870C9F80C0089F8488089F8008005B093
:1009E000BDE8F0832DE9F04F81B040F2A836C2F2A5
:1009F0000006B068002800F04A8140F60048C4F2C2
:100A0000010840464FF4007101F0F0FD0546044630
:100A1000002818BF012501F0F5FD40F20407C2F2DD
:100A20000007B978A94236D0316B411A232932D355
:100A30003063BD707CBB04F0A5FF18B1002004F04A
:100A4000A7FF28E0707840F28042013818BF0120EB
:100A50000021C2F20002707040F22040117082F852
:100A6000201082F8401040F2E042C2F20000C2F2D0
:100A7000000280F84010117082F8201086F858109B
:100A800086F868100170017480F8201086F848100C
:100A900080F83010317040464FF4807101F0A6FDAF
:100AA00004460546002818BF012401F0ABFD397942
:100AB000A14237D0716B411A232933D370633C7143
:100AC00085BB04F05FFF18B1012004F061FF29E04D
:100AD000707840F28042023818BF012040000021A7
:100AE000C2F20002707040F22040117082F82010B3
:100AF00082F8401040F2E042C2F20000C2F200026E
:100B000080F84010117082F8201086F8581086F88E
:100B100068100170017480F8201086F8481080F881
:100B2000301031704046802101F060FD04460546DA
:100B3000002818BF012401F065FDB979A14241D018
:100B4000B16B411A23293DD3B063BC71D5BB04F00E
:100B500019FF18B1022004F01BFF33E0B068017EDA
:100B6000B1FA81F25209027611B10021417603E017
:100B7000417E002900F0F881FFF7AEFE40F280428E
:100B80000021C2F2000240F22040117082F82010D1
:100B900082F8401040F2E042C2F20000C2F20002CD
:100BA00080F84010117082F8201086F8581086F8EE
:100BB00068100170017480F8201086F8481080F8E1
:100BC000301031704046402101F010FD04460546CA
:100BD000002818BF012401F015FD397AA14217D071
:100BE000F16B411A232913D3F0633C7285B904F0E9
:100BF000C9FE18B104F074FE012202E004F044FEC4
:100C000000220020B07030704046202101F0F4FC3A
:100C10004046102101F0EAFC05460446002818BFB2
:100C2000012501F0EFFCB97AA94230D0316C411AAC
:100C300023292CD33064BD724CBB707802280FD0AE
:100C4000012824D138780130C1B2032988BF00209F
:100C5000387040F28040C2F20000203012E000BF45
:100C600078780130C1B2022988BF0020787040F244
:100C70008040C2F20000002180F8201040F2E040E5
:100C8000C2F200000021017086F8681031703069EE
:100C9000002800F02B810068406AB188B080411ABA
:100CA000706C09B2084404287064C0F28B80B1688B
:100CB00000297BD040F2040B4CF6CD4540F2804930
:100CC000C2F2000BC3F6CC55C2F200094FF0000A85
:100CD00004380029706461D004F054FE20B1012072
:100CE00004F090FD59E000BF707802282AD0012856
:100CF00053D19BF80000D6F808804BF69021C0F63F
:100D0000000151F82000D8F81010FFF72CFA00214C
:100D1000C4F2F0110746FFF718FB00281CBF00279C
:100D2000C4F2F01738464FF07E51FFF70EFB002853
:100D30004FF07E5008BF0746C8F8107089F820A011
:100D400027E000BF9BF80100B4684BF6B021C0F665
:100D5000000151F820006169FFF705FA0021C4F293
:100D600020110746FFF7F1FA00281CBF0027C4F244
:100D7000201738462946FFF7E8FA002840F2E040FD
:100D8000C2F2000008BF2F46676189F820A080F8F2
:100D900000A086F868A086F800A0706C032811DD1A
:100DA000B16804380029706496D1F7E7C11F38BFD5
:100DB00000214FF6FC720331C7F6FF721140401A52
:100DC0000438706410F1040F00F39080B1680029BA
:100DD00000F07E8040F2040B4CF6CD4540F2804995
:100DE000C2F2000BC3F6CC55C2F200094FF0000A64
:100DF00004300029706461D004F0C4FD20B14FF0CC
:100E0000FF3004F0FFFC58E0707802282AD0012857
:100E100053D19BF80000D6F808804BF69021C0F61D
:100E2000000151F82010D8F81000FFF7EEF900216A
:100E3000C4F2F0110746FFF788FA00281CBF00270C
:100E4000C4F2F01738464FF07E51FFF77EFA0028C3
:100E50004FF07E5008BF0746C8F8107089F820A0F0
:100E600027E000BF9BF80100B4684BF6B021C0F644
:100E7000000151F820106069FFF7C7F90021C4F2A2
:100E800020110746FFF761FA00281CBF0027C4F2B3
:100E9000201738462946FFF758FA002840F2E0406C
:100EA000C2F2000008BF2F46676189F820A080F8D1
:100EB00000A086F868A086F800A0706C10F1030FFF
:100EC00014DAB16804300029706495D1F6E700BFE8
:100ED0006FF00601091A38BF00214FF6FC7203318A
:100EE000C7F6FF72114008440430706404F04AFDF4
:100EF00060B1B07880F0010004F06AFDB07800289D
:100F000004BF0120B07001B0BDE8F08FB06818B127
:100F1000017EB9B1417EB9B1B078D0B13078012845
:100F200005D101F06FFB7169401A3C28EBD301F049
:100F300069FB012170610020317001B0BDE8F04F04
:100F400006F08EBB002100E001214176B078002838
:100F5000E4D10120B070307000F08AF8012001B0B7
:100F6000BDE8F04F06F07CBB0121FFE570B540F213
:100F7000E816C2F2000606F14004204600F0AEF981
:100F800042F63440C4F2010000210160382040F6EE
:100F9000D475C4F20000C2F200050160284603F0D7
:100FA0004FFC2846002102F0BBFE2846042103F036
:100FB00047FC2846042102F0B3FE06F13801204622
:100FC000042200F06BFE4FF42F7001F0CBF840F2DA
:100FD0003830C2F2000000F1300140F25800C2F295
:100FE0000000FFF78FFB41F21400C2F2000002F094
:100FF0005FFF7069002818BF70BD00BFFEE70000EA
:10100000FEE70000002070470020704710B540F652
:10101000C414C2F2000440F68411C2F2000120465A
:10102000002205F049F840F64411C2F200012046C2
:1010300005F03CF8002010BD10B540F6C414C2F213
:1010400000040146204605F031F8204605F010F86E
:10105000002010BD40F68840C2F2000000F02ABF18
:1010600040F6CC40C2F2000000F024BF7047000000
:1010700070B584B00020002404F048F840F2500518
:10108000C2F20005D5E900304FF4FC61CDE9000162
:1010900055A26E200D21029404F0E2F8D5E900304B
:1010A0004FF6E0714BF63632CDE90001C0F6000292
:1010B0006E202B21029404F0D3F8D5E900304FF6CE
:1010C0001F064BF63832CDE90006C0F600026E204E
:1010D0004921029404F0C4F8D5E9003043A2CDE9D7
:1010E000000600203C21029404F0BAF8D5E9003053
:1010F00040F2FF76CDE900063DA200206221029475
:1011000004F0AEF8D5E900304BF63B32CDE90006ED
:10111000C0F6000255206221029404F0A1F8D5E93E
:10112000003035A2CDE9000600207621029404F0BB
:1011300097F8D5E9003032A2CDE900065C2076218F
:10114000029404F08DF8D5E900304FF47846CDE9EB
:1011500000062CA200208A21029404F081F8D5E92F
:1011600000302AA2CDE9000655208A21029404F01D
:1011700077F8192019214E221F2307F06BF9192047
:1011800037214E221F2307F065F9192055214E22E1
:101190001F2307F05FF940F28041C2F200010C709A
:1011A00081F8204081F8404040F2E041C2F2000165
:1011B00040F220400C7081F8204040F2A831C2F289
:1011C0000000C2F2000180F8404081F8584081F8E8
:1011D00068400470047480F8204081F8484080F82A
:1011E000304004B070BD00BF5500000053455400AE
:1011F00056696E3A00000000496C696D3A000000C3
:101200004100000054656D703A0000002A43000060
:101210007047000070B542F20C060446C4F20206A4
:1012200001F0F0F93168C9071CD13068800644BF6D
:10123000202030603068C00607D43069C00704D170
:10124000306840075CBF002070BD3068C00641F2C6
:101250009800C2F2000021D400213268520725D440
:101260002AE000BFC4B10546601C10D13068C00739
:10127000DBD03068C0071CBF30685FEAC070D4D0D4
:101280003068C007F2D1D0E73068C007CDD001F098
:10129000B9F9401BA042F7D9032070BDC16941F0E4
:1012A0000201C16110213268520705D5C26941F0BF
:1012B000040142F00102C2613269D20702D1012069
:1012C000316070BDC26942F00402C261306920F031
:1012D000010030610120316070BD000070B582B046
:1012E00004460020019094F82400012802D1022035
:1012F00002B070BD012084F824002046FFF754F9A5
:1013000020B1002184F8241002B070BD0646A06A06
:1013100041F2021188430230A06240F29000C2F212
:1013200000000568022001F0D3FEB5FBF0F040009C
:1013300001900198A8B100BF01980138019001986F
:1013400078B1019801380190019850B101980138A5
:101350000190019828B10198013801900198002866
:10136000EAD12046FFF77EF92068816841F0080144
:10137000816001F047F9054620688168090705D5B5
:1013800001F040F9401B0A28F6D910E0816841F0CD
:101390000401816001F036F9054600BF20688068CD
:1013A000400709D501F02EF9401B0B28F6D3012088
:1013B00010216FF0120203E001216FF003023046AA
:1013C000A36A1A401143A162002184F8241002B0DC
:1013D00070BD00007047000070B581B0002200921F
:1013E00090F82420012A03D10221084601B070BDE3
:1013F0004A680123062A02EB820E80F8243007D8BF
:10140000D0F800C06FF004030CF134060CE000BF0C
:10141000D0F800C00C2A87BF0CF12C066FF04003F7
:101420000CF130066FF022030EEB03021F23346829
:1014300003FA02F50B6824EA050503FA02F22A43CF
:101440003260092B03EB43021AD9DCF80C601E3A18
:10145000072589689540AE43914023F0010231434E
:10146000102ACCF80C1015D142F20041C4F201014F
:101470008C4517D0816A41F02001816201210AE088
:10148000DCF81030072689689640B3439140194331
:10149000CCF810100021002280F82420084601B06A
:1014A00070BD00BF89680902F4D4DCF80810102B65
:1014B00041F40001CCF80810ECD140F29001C2F2E6
:1014C000000109684DF68362C4F21B32A1FB0212CF
:1014D000910C01EB81014900009100990029D9D0BC
:1014E00000990139009100990029D3D00099013960
:1014F000009100990029CDD00099013900910099FF
:101500000029C7D0009901390091009900294FF0B6
:101510000001E5D1BFE700002DE9F041006842F687
:101520000001C4F20101884238D042F20041C4F205
:10153000010188422FD140F2E810C2F2000000F110
:101540002C07018F8CCFC68F0A44418F0B44B919E9
:10155000078AC0E90B230137BEB2242E41630782FC
:1015600038BFBDE8F08148F63967C3F6E307A2FB50
:101570000726A3FB0723A1FB0712F1080181D90865
:101580004181D10881810021C0E90B1141630182B1
:10159000012101704161BDE8F08100BF40F60048C3
:1015A000C4F2010840464FF40061012201F024F822
:1015B00040F23835C2F20005284600F02DF8064604
:1015C000284600F029F80746284600F025F804468A
:1015D000284600F021F8B1B2BAB21144A2B21144C7
:1015E00080B20844FEF7C8FE4FF07A51FEF713FEB2
:1015F000FEF7C7FE40F2E8170346C2F20007404676
:101600004FF400610022FB81BDE8F04100F0F4BF1F
:1016100070470000704700000068C06C7047000011
:1016200010B5044600684168890644BF01685FEA56
:1016300081710BD44168090644BF01685FEA4171BA
:101640002AD4416849065BD410BD00BFA16AC9060F
:1016500003D4A16A41F40071A162816801F46021A0
:10166000B1F5602F10D1217B71B9416821F02001C3
:101670004160A06A20F48070A062A06AC00403D414
:10168000A06A40F00100A0622046FFF745FF2068F5
:101690006FF012010160CDE7A16AC90603D4A16A07
:1016A00041F40051A162816801F4E041B1F5E04FDD
:1016B00010D1416821F080014160A06A20F480507F
:1016C000A062A06AC00511D4A06A40F00100A06227
:1016D0000CE000BF4168490508D4816801F460212D
:1016E000B1F5602F02D1217B0029E2D02046FFF71F
:1016F00071FE20686FF00C01016041684906A3D5B6
:101700000068C00708BF10BDA06A40F48030A06226
:10171000204600F0A9F820686FF00101016010BDBB
:10172000002804BF01207047B0B50446806A28B184
:1017300020688168C9070CD032E000BF0020E06259
:1017400084F82400204600F091F820688168C907D9
:1017500026D1A16AC9063DD4A16A41F20212914381
:101760000231A162E169D4E9013241EA030C531E5E
:10177000B3FA83F35D091346B2F5807F18BF2B02DD
:10178000217D257B01294CEA45012ED145B3A56A6F
:1017900045F02005A562E56A45F00105E56224E013
:1017A000816821F00101816000F02CFF054600BF37
:1017B00020688168C907CCD000F024FF401B0328B3
:1017C000F6D3A06A40F01000A062E06A40F0010089
:1017D000E062A06AA06A40F01000A0620120B0BDE3
:1017E000A56903EB4533A3F5C0534568B2F5807F87
:1017F00025F4694543EA0503436083684FF2FD75AC
:10180000CFF6E17503EA050343EA0103836001D0E3
:10181000012A07D122690023CFF6F07303EB0252AD
:1018200001E000BF0022C36A23F470031A43C262BE
:10183000806840F6FE62CFF61F721040884207D1E2
:101840000020E062A16A012262F30101A162B0BD41
:10185000A06A40F0100020F00200A062E06A40F0B0
:101860000100E0620120B0BD70470000F0B585B016
:10187000016842F60002C4F2010291424FF00002F8
:10188000CDE90322CDE9012246D042F20042C4F262
:101890000102914269D1074641F21800C4F20200E8
:1018A000016841F400710160016801F40071009168
:1018B0000099016841F004010160006801A900F08D
:1018C0000400009000981B2001900320029040F635
:1018D0000000C4F2010000F07FFD40F688440820BB
:1018E000C2F20004C4F202000021C4E9000104F1C4
:1018F000080080224FF480734FF4806520266EC06C
:101900002046E16100F0A4FB002818BFFFF780FC2F
:101910003C62676221E000BF41F21800C4F202009D
:10192000016841F480610160016801F48061009107
:101930000099016841F004010160006801A900F00C
:10194000040000900098042001900320029040F6CB
:101950000000C4F2010000F03FFD1220002100222F
:1019600000F0D0FE122000F0BBFE05B0F0BD00007C
:101970002DE9F04182B000270D460446019700F0A2
:1019800041FE21688A68D20544D406464868C005ED
:1019900003D4C86A10F4700F46D040F29000C2F22F
:1019A0000000076842F292480220C1F2492801F083
:1019B0008FFB216844F624130A69B7FBF0F0C2F2EA
:1019C00092431A4206D1CA6844F62413C0F2920325
:1019D0001A4249D00A6912EA080F07D1CA6842F2CE
:1019E0009243C0F249031A4200F084800A6949F226
:1019F0004923C0F224031A424FF0FC0242D1CF68BF
:101A00001F4208BF5422019B02FB00F7BB423ED39A
:101A100079E000BFA06A40F02000A06284F8247042
:101A2000012002B0BDE8F081086880076BD4002D6A
:101A300055D0681C12D10868800764D408688007F4
:101A40005CBF08685FEA80705DD408688007F2D5E3
:101A500059E000BF21680868800754D400F0D2FD27
:101A6000801BA842F6D93AE00A6912EA080F4FF043
:101A7000290207D1CB6842F29247C0F249073B42A4
:101A800008BF1422019B02FB00F7BB423BD235B3D7
:101A9000681C1FD10198013001900198B84232D2E0
:101AA0000198013001900198B8422CD20198013080
:101AB00001900198B84226D2019801300190019816
:101AC000B842E7D31FE000BF0198013001900198B0
:101AD000B84217D200F096FD801BA842F4D9A06A44
:101AE00040F00400A062002084F82400032002B02B
:101AF000BDE8F0815422019B02FB00F7BB42C6D334
:101B000001E000BF21686FF012000860A06A40F495
:101B10000070A062886800F46020B0F5602F01D1E9
:101B2000207B18B1002002B0BDE8F081A06A20F44B
:101B30008070A062A06AC004F4D4A06A40F00100E2
:101B4000A062002002B0BDE8F0810000B0B582B014
:101B5000044690F82400012802D1022002B0B0BD52
:101B6000012084F824000020019020688168C907C2
:101B700042D1816841F00101816040F29000C2F2DF
:101B8000000000684DF68361C4F21B31A0FB010127
:101B9000880C01900198A0B101980138019001983A
:101BA00078B1019801380190019850B1019801383D
:101BB0000190019828B101980138019001980028FE
:101BC000EAD100F01FFD054620688168C90713D1DE
:101BD00000F018FD401B0228F6D9A06A40F0100062
:101BE000A062E06A40F00100E062002084F8240076
:101BF000012002B0B0BD00BFA26A42F2044140F22F
:101C00000133C4F201019A4302F5807301F57F723A
:101C10009042A3622AD0A36A23F48013A36243688C
:101C20005B0504D5A36A012565F30D33A362A56A9C
:101C30000023ED044FF0000544BFE56A25F00605DA
:101C4000E56284F824306FF002030360836803F4D4
:101C50006023B3F5602F19D1904213D0816841F40D
:101C6000A0018160002002B0B0BD00BF0B6813F47A
:101C7000702FD0D0A36A43F48013A3620B685B0576
:101C8000D0D4D4E7096811F4702FE7D0816841F40B
:101C900080118160002002B0B0BD0000F0B581B0BD
:101CA0000446036842F60000C4F20100834205D0F6
:101CB00042F20040C4F2010083420BD142F20440E0
:101CC000C4F20100006810F4702F03D0012001B0AD
:101CD000F0BD00BF94F82400012803D1022001B018
:101CE000F0BD00BF012084F8240000200090986817
:101CF0000E461546C00743D198684DF6836140F003
:101D00000100986040F29000C2F200000068C4F246
:101D10001B31A0FB0101880C00900098A8B100BF06
:101D2000009801380090009878B100980138009030
:101D3000009850B1009801380090009828B10098A0
:101D40000138009000980028EAD100F05BFC0746BB
:101D500023689868C00713D100F054FCC01B022808
:101D6000F6D9A06A40F01000A062E06A40F00100DD
:101D7000E062002084F82400012001B0F0BD00BF23
:101D800042F20440A16AC4F2010040F6017291439C
:101D900000F57F7201F580719342A16246D0A06A7E
:101DA00020F48010A0625868400504D5A06A012183
:101DB00061F30D30A062A16A0020C9044FF0000158
:101DC00044BFE16A21F00601E16284F82400206A40
:101DD00040F2F151C0F6000140F25D6240F2456709
:101DE00000F1280CC0F60002C0F600078CE886005F
:101DF0006FF0020119609968324641F48071996070
:101E000003F14C012B4600F05DF92068816801F474
:101E100060228168B2F5602F0CBF41F4A00141F44B
:101E200080118160002001B0F0BD00BF016811F495
:101E3000702FB4D0A16A41F48011A16200684005FE
:101E4000B4D4B8E7B0B5044690F82400012804BF24
:101E50000220B0BD0121206884F824108168C907E0
:101E600008D1214651F8280F41F2011220EA02025E
:101E7000002018E0816821F00101816000F0C2FBC0
:101E8000054600BF20688068C007EAD000F0BAFBB2
:101E9000401B0328F6D3A06A214640F01000A06240
:101EA00051F82C2F012042F001020A60002184F831
:101EB0002410B0BD10B5D0E90FCE0168DCF80030B9
:101EC0000A6823FA0EF35C072AD512F0040427D01F
:101ED0000A68920603D40A6822F004020A602F22DC
:101EE000C4F20202914240F20402C4F2020259DD3D
:101EF0003023C4F20203994270D04423C4F2020397
:101F0000994271D05823C4F20203994278D14FF418
:101F100080231360C16A002940F097806EE000BF03
:101F20009C0727D512F0020424D00A68920606D432
:101F30000A6822F00A020A60012280F821202F227A
:101F4000C4F20202914240F20402C4F2020239DDFC
:101F50003023C4F2020399425ED04423C4F2020348
:101F600099425DD05823C4F2020399425ED14FF4E6
:101F7000003363E01B0741D512F0080208BF10BD13
:101F80000A6822F00E020A60012101FA0EF2CCF872
:101F900004208163016B4FF480720029028454D1C4
:101FA0002CE000BF0823C4F20203994222D01C2374
:101FB000C4F20203994223D140231360C16A00296D
:101FC00043D11BE00823C4F2020399422CD01C2306
:101FD000C4F20203994229D120232FE04FF48063F9
:101FE0001360C16A89BB09E04FF480431360C16A82
:101FF00059BB03E004231360C16A31BB10BD00BFAD
:1020000002F168044FF08063A14208BF4FF48003DF
:102010001360C16AC9B9F1E74FF400730EE000BF65
:102020004FF400530AE000BF022307E002F1680406
:102030004FF00073A14208BF4FF400131360816A90
:102040000022002980F82020D8D0BDE810400847A1
:10205000002804BF012070472DE9F04101684FF6C8
:10206000F872CBF6FD724CF6CD430A44CCF6CC4365
:10207000A2FB03236FF0030202EA93020023C4F2DF
:10208000020300F1040E00F11007C0E90F329EE8D0
:102090000051F0CF0A6843F6F0739A4342EA08020F
:1020A00042EA0C0242EA0E0222432A4332433A43F6
:1020B0000A6000214FF4807281630284BDE8F04120
:1020C0000846704790F820C0BCF1010F04BF022001
:1020D0007047F0B590F821C04FF0010EBCF1010F30
:1020E00080F820E026D14FF0020C80F821C04FF09C
:1020F000000CC0F838C0D0E900C4C56AC66BDCF873
:102100000070102C27F00107CCF80070006C0EFA5C
:1021100000F070600846CCF8043004BF10460A4650
:10212000CCF80800CCF80C20DCF8000045B140F0F9
:102130000E000DE0002180F820100220F0BD00BF4D
:1021400020F00400CCF80000DCF8000040F00A00A9
:10215000CCF80000DCF8000040F00100CCF80000F2
:102160000020F0BDB0B5044600F04CFA054640F240
:102170001C00C2F200000078611C18BF044400BFBC
:1021800000F040FA401BA042FAD3B0BD2DE9F04365
:1021900081B041F29805C2F200052A7E012A03D1DE
:1021A000022001B0BDE8F0830446012026682876AD
:1021B0004CF250308846FFF72DF8022E1CD1002833
:1021C0004ED1002042F21004E861C4F202042068FB
:1021D00040F004002060206840F0400020604CF295
:1021E0005030FFF717F8216821F004012160002129
:1021F000297601B0BDE8F08390BB4FF0FF30C8F8FE
:102200000000D4E9027007EB8020874228D242F216
:102210001006C4F202064FF0000900BFC5F81C907A
:10222000306840F0020030607760306840F0400075
:1022300030604CF25030FEF7EDFF316821F00201C2
:10224000316098B9D4E9020107F5806700EB81207D
:102250008742E3D300200021297601B0BDE8F08356
:1022600001200021297601B0BDE8F083C8F8007094
:102270000021297601B0BDE8F083000042F2100190
:10228000C4F20201086840F0800200200A60704732
:102290002DE9F04381B041F29807C2F200071646DB
:1022A0003A7E012A04D1022001B0BDE8F08300BFCC
:1022B0000546012038764CF250300C469946FEF720
:1022C000A9FF28B10021397601B0BDE8F08300BF35
:1022D00042F210080020C4F20208F861D8F80000A9
:1022E00040F00100C8F800004CF250302680FEF7A4
:1022F00091FFD8F80010002821F00101C8F8001063
:1023000018BF0046DED1012DDCD00020F861D8F8DE
:102310000000310C40F00100C8F800004CF25030D1
:102320006180FEF777FFD8F80010002821F0010146
:10233000C8F80010C6D1E81E10F1030F4FF00000DE
:10234000C0D8F861D8F8000040F00100C8F80000DB
:102350004CF25030A4F80490FEF75CFFD8F800105F
:10236000002821F00101C8F80010ABD10020F8616D
:10237000D8F800004FEA194140F00100C8F8000009
:102380004CF25030E180FEF745FFD8F800100028ED
:1023900021F00101C8F8001018BF0046002139766D
:1023A00001B0BDE8F083000042F20400C4F2020074
:1023B000C16809065CBF0020704740F22311C4F2D7
:1023C0006751016048F6AB11CCF6EF510160C0686F
:1023D000C0B2C009704700002DE9F04F82B00E680E
:1023E000002E00F0FF8040F20C4C40F2004E41F213
:1023F0000042C4F2010CC4F2010EC4F2010204272F
:10240000002401234FF0000A4FF00009904208BF5A
:102410000327009749E000BF41F20002C4F2010225
:10242000009F904208BF022704F00C030F229A403D
:102430002BEA020207FA03F34FEA9A051A4346F819
:1024400025204E68F203DEF8002054BF22EA08027D
:1024500042EA0802CEF80020DEF80420B30354BF9D
:1024600022EA080242EA0802CEF80420F302DEF86B
:10247000082054BF22EA080242EA0802B302CEF85A
:102480000820DCF800204FF0010354BF22EA0802C4
:1024900042EA0802CCF800200E680AF1010A36FA76
:1024A0000AF204F1040400F09D8003FA0AFB16EA24
:1024B0000B08F1D04E684FF6FF72C1F2100296423F
:1024C00012DC122E56D8DFE806F0350B4D49555573
:1024D000555555555555555555555545510000BF00
:1024E000D1F80C9046E000BF4FF6FF72C1F2210216
:1024F00096420FDC0022C1F2110296421AD000224D
:10250000C1F21202964215D00022C1F22102964277
:1025100010D02FE00022C1F2220296420AD00022FF
:10252000C1F23102964205D00022C1F23202964237
:1025300020D100BF8A684AB1012A14BFC0F814B084
:10254000C0F810B04FF0080914E000BF4FF00409C4
:1025500010E000BFCA6802F104090BE04FF0000967
:1025600008E000BFCA6802F1080903E0CA6802F186
:102570000C0900BF02462646B8F5807F24BF04320E
:10258000203E17680F25B54027EA050509FA06F62B
:1025900035431560CA79D2067FF57EAF41F2180344
:1025A000C4F202031A68AEF57E7642F001021A60A8
:1025B0001A6802F001020192019A2AF0030256F809
:1025C00002B040F60002C4F20102904208D040F688
:1025D0000042C4F2010290427FF41EAF012723E7BC
:1025E000002721E702B0BDE8F08F000080680840B6
:1025F00018BF012070470000002A08BF09040161CC
:102600007047000041F2DC00C2F200000068704731
:1026100040F21C0041F2DC01C2F20000C2F20001F3
:1026200000780A68104408607047000080B542F2E4
:102630000000C4F20200016841F0100101600320B3
:1026400000F08CF8002000F005F800F027F80020DA
:1026500080BD000070B540F21C06C2F2000640F2D8
:1026600090013278C2F200014FF47A730968B3FB2B
:10267000F2F20446B1FBF2F1084601F0D3FA0F2C56
:102680004FF0010508D838B94FF0FF30214600223D
:10269000002500F037F87460284670BD82B041F222
:1026A0001800C4F202000168022241F00101016039
:1026B000016801F0010101910199416841F08051E7
:1026C0004160406800F08050009000980420C4F2FF
:1026D0000100016862F31A61016002B070470000F6
:1026E000002848BF704700F01F01012202FA01F1E3
:1026F0001C2202EAD0004EF20012CEF200028150FB
:102700007047000010B54EF60C5CCEF2000CDCF801
:102710000030C3F3022E8EF00704042C28BF0424DB
:10272000BEF103034FF0FF3E0EFA04F438BF00235E
:10273000A14399400EFA03F39A43114300F00F02AC
:1027400000F160430901043A03F564436244002840
:1027500048BF02F10C03197010BD00004EF60C5179
:10276000CEF200010A684FF6FF031A4060F30A2216
:1027700042F0806040F0FD700860704701F0070C87
:1027800000EB4C1C0CF1280C00EB4110090658BF63
:1027900000F5947C52B1ACF808301B0C01210A20E2
:1027A0002CF8003000208CF80C1070470021062017
:1027B0002CF8003000208CF80C1070477047000097
:1027C000D0F8683200EB4110C26B184603F0F6BE39
:1027D000D0F8683200EB4110D0F83C21184603F0E5
:1027E00053BF000010B54FFA81FC4FF49472BCF156
:1027F000000F48BF282201F0070302444FEAD11C12
:1028000002EB431181F801C090F828C24FEA431E41
:10281000BCF1010F02F80E3004BF022010BD0268A7
:10282000012380F828320446104604F06BFC002097
:1028300084F8280210BD0000B0B5426801F00F0313
:10284000934284BF0120B0BD4AB24FF49474002A71
:1028500048BF282401F00703021990F828424FEAE4
:10286000D11C02EB431181F801C04FEA431C012C3B
:102870004FF000048C7002F80C3004BF0220B0BD91
:102880000268012380F828320546104604F0CEFC89
:10289000204685F82842B0BD01F0070100EB411049
:1028A000D0F844017047000010B54FFA81FCBCF12C
:1028B000000F01F0070C0DD400EB4C1E00240EF5A8
:1028C00094718EF829418EF828C1CEF838218EF8FF
:1028D0002B3109E000EB4C1101F828CF01244C709A
:1028E0000A61CB70A1F80EC0022B04BF00220A714E
:1028F00090F82822012A04BF022010BD026801239B
:1029000080F828320446104604F0B6FA002084F815
:10291000280210BD10B501F0070C00EB4C1E00683A
:102920000EF594710024CEF83C21CEF84031CEF85B
:1029300044418EF829418EF828C104F0CBFC0020D8
:1029400010BD0000B0B5426801F0070494424FF09A
:10295000010229D84BB24FF49475002B48BF2825AB
:102960004FEAD11348BF214605444FEA411C05EB0D
:1029700041114B7090F828328A70012B05F80C40F9
:1029800004BF0220B0BD02680123054680F828324A
:10299000104604F085FC24B9286805F50C7104F094
:1029A00043FC002285F828221046B0BD80B501F016
:1029B000070C00EB4C1101F828CF01F1140E006850
:1029C0004FF0000C8EE80C1001224A7004F082FCDB
:1029D000002080BD2DE9F04F83B00446006804F06C
:1029E000D7FD01462068090405D5B0F94410B1F1BE
:1029F000FF3F40F3A98004F0CBFD400519D52068C6
:102A0000B0F8441021F48061A0F84410204600F092
:102A1000FBFA94F8280201280BD00120002584F845
:102A2000280284F824502068002104F011FE84F864
:102A30002852206804F0ACFD01462068490405D501
:102A4000B0F8441021F48041A0F8441004F0A0FD37
:102A500001462068890405D5B0F8441021F40051DE
:102A6000A0F8441004F094FD01462068C90411D474
:102A700004F08EFD000527D4206804F089FD800550
:102A800048D4206804F084FDC00552D403B0BDE8EA
:102A9000F08F00BFB0F8401021F00401A0F8401002
:102AA000B0F8401021F00801A0F84010204600F0D6
:102AB000BDFA2068B0F8441021F48051A0F8441009
:102AC00004F066FD0005D7D52068B0F8401041F04D
:102AD0000801A0F84010B0F8441021F40061A0F8FB
:102AE0004410B0F8401041F00401A0F8401004F088
:102AF0004FFDC00406D52068B0F8441021F4805181
:102B0000A0F84410204600F0CFFA206804F040FD01
:102B10008005B6D52068B0F8441021F40071A0F803
:102B20004410204600F086FA206804F031FDC0050C
:102B3000ACD52068B0F8441021F48071A0F844109E
:102B400003B0BDE8F08F00BF04F59471029104F169
:102B5000280504F50C7140F60F7A019114E000BFCE
:102B600001F0070705EB4711C1E9053200227E019C
:102B7000CA6101224A70AF5504F0ACFB2068B0F97D
:102B8000441000297FF537AFB0F8442012F00F0849
:102B90000CD030F928B04FEA4809BBF1FF3F35DDD2
:102BA0001FFA8BF00006E9D51CE100BF0188D206B0
:102BB00056D401EA0A0101F500410180B0F8501035
:102BC00094F8282000EB410000EB0210B0F8040458
:102BD000E16B6FF39F2060640844E06320460021AE
:102BE000FFF7EEFD94F824000028C7D0206C0028E1
:102BF000C4D194F82400216840F08000C0B2A1F84C
:102C00004C00002084F82400B8E700BF30F8191009
:102C100040F60F7701EA0A01803120F81910029975
:102C200001EB481A9AF80C10002977D09AF8001096
:102C300030F82120B0F8503000EB0111520401EBC4
:102C4000430100F18180B1F80C646FF39F26002EE0
:102C500000F08880DAF81410BAF80A207DE000BF8E
:102C60000A053DD409B2B1F1FF3F3FF787AF0188B4
:102C700001EA0A0180310180B0F8501094F828214F
:102C8000130100F20C4202EB4101CB5A6FF39F2378
:102C9000C4F84431A3B1D4F83C1189B1B4F82E2161
:102CA00004F07AFCD4F83C01D4F844110844C4F888
:102CB0003C0120460021FFF78BFD206800F20C420A
:102CC000B0F85010D4F83831002B00F0B1803E2B12
:102CD00000F2BA8003F0010606EB53039B02C0E04A
:102CE000B0F8501094F8282100EB410101EB0211DB
:102CF000B1F80C34B4F82E2101996FF39F23C4F876
:102D0000443104F049FC2068018801EA0A0180315D
:102D10000180204600F0A8F930E700BFB0F850105D
:102D20009AF8002000EB410101EB0211B1F80C64AC
:102D30006FF39F26002E79D0DAF81410BAF8062027
:102D4000334604F029FC19E0B1F804646FF39F26C0
:102D500046B1DAF81410BAF80820334604F01CFC27
:102D600001E000BF002620689AF8001048F2C00376
:102D700030F821203A401A4320F82120DAF81C20AC
:102D8000DAE905103244CAF81C208A19CAF814205E
:102D9000E0B1DAF810309AF80010B34218D8029E69
:102DA00001F0070306EB4311C1E905200020C861CB
:102DB000487020685F01F35504F08CFA40F60F7AF2
:102DC0001FFA8BF000067FF5D9AE0BE09AF80010E1
:102DD0002046FFF7FDFC40F60F7A1FFA8BF0000645
:102DE0007FF5CCAE20684FEA481230F8191005EB99
:102DF000481701EA0A0101F5004120F81910B0F85E
:102E00005030A95C00EB430202EB0112B2F804342B
:102E1000D7E905626FF39F23FB613344002A7B618E
:102E20007FF49EAE2046FFF7CBFCA7E60026A5E781
:102E3000535A48F2000723F4F8435352535ACFF63B
:102E4000FF773B430DE000BF5E09DF064FF0FF3721
:102E500008BF07EB531648F20003CFF6FF7343EAAF
:102E600086235352018843F60F72114048F2C00284
:102E700002F53F525140018080E60000002804BF67
:102E800001207047F0B585B0064690F8290228B9B0
:102E9000002086F82802304600F094F8032086F8D7
:102EA0002902306804F0B6F906F1140E96E82F00F6
:102EB0009EE81050376ACDE90054CDE902CE049760
:102EC00004F01EF900286AD130680021002504F0C2
:102ED000BDFB7168002952D006F128004FF0010CAB
:102EE0000022002300EB421752018354DAB201336F
:102EF000FA81DAB2914287F801C0FD70C7E9045542
:102F0000BD61EFD806F5947000220025002300BFB4
:102F100000EB45176D01435543F00105ECB2A142AA
:102F20007A70FA70C7E90422BA6128D900EB441715
:102F30006401055543F00205ECB2A1427A70FA70C3
:102F4000C7E90422BA611AD900EB44176401055598
:102F500043F00305ECB2A1427A70FA70C7E904228B
:102F6000BA610CD900EB4417640104330555DDB296
:102F7000A9427A70FA70C7E90422BA61C8D806F18A
:102F80000807D6E9055430688CCFD6E907CECDE9DD
:102F9000007502AD85E8105004F028F930B1022028
:102FA00086F82902012005B0F0BD00BF002086F898
:102FB0002400012086F82902306804F015F9002069
:102FC00005B0F0BD006845F60041C4F2000188423A
:102FD00018BF704780B582B041F21C00C4F20200F5
:102FE0000168002241F4000101600068002100F442
:102FF0000000019001981420FFF784FB142002B018
:10300000BDE88040FFF76CBB10B50446806802281D
:1030100018BFFEF7FDF8D4F86802012103F034FC74
:10302000D4F86802BDE8104003F0ECBBD0F86802A9
:1030300003F012BCD0F8680203F018BC90F8282204
:10304000012A04BF0220704710B5012280F828220F
:1030500080F8241002680446104604F0F9FA0020B3
:1030600084F8280210BD0000D0F8682200F50C7129
:10307000104603F01FBC000090F82812012904BF7D
:103080000220704710B5012180F828120446FFF78E
:1030900095FB206804F0A6F8206804F069FA002087
:1030A00084F8280210BD000010B50446D0F868026C
:1030B00003F052FCA069002808BF10BD4EF6105066
:1030C000CEF20000016841F00601016010BD000071
:1030D000012821D002280DD0102808D141F2040186
:1030E000C4F202010A6851F8040CC00134D4002073
:1030F000704700BF80B500F0C7F941F20401C4F287
:10310000020109680222C1F3813102EB4101B0FBE7
:10311000F1F0BDE88040704741F20400C4F20200C3
:10312000C16940F202320A40B2F5817F04BF4FF418
:103130000040704701F44071B1F5407F18D0B1F5FF
:10314000007F1CBF00207047006A49F6404180079D
:1031500001EAE070704700BFC2F3834015A3185C1A
:10316000D2030DD440F60012C0F23D02504313E0EA
:1031700050F8040C4FF22441800301EAE0707047DC
:103180000A6810A3C2F340429A5C41F20023C0F2E5
:103190007A03B3FBF2F250430968490248BF704713
:1031A0004AF6AB214000CAF6AA21A0FB010148085B
:1031B000704700BF02030405060708090A0B0C0D3F
:1031C0000E0F1010010200002DE9F04182B00446FC
:1031D000007841F21C06C007C4F202064AD03068EB
:1031E0005FEAC00808D4306840F080503060306832
:1031F00000F080500190019847F20007C4F20007E8
:103200003868C00512D4386840F480703860FFF721
:10321000F9F905463868C00508D4FFF7F3F9401BF3
:103220006428F7D9032002B0BDE8F081706810F47B
:10323000407012D0616801F4407188420DD070680E
:1032400040F24042C4F24222012320F44071136054
:103250000023C0071360716026D17068616820F494
:1032600040700843B8F1000F706003D4306820F05C
:10327000805030602068810707D556F8181CA26876
:1032800021F44041114346F8181CC00607D556F8F2
:10329000180CE16820F48000084346F8180C002060
:1032A00002B0BDE8F08100BFFFF7ACF9054641F27E
:1032B000883700BF70688007CFD4FFF7A3F9401BA1
:1032C000B8424FF00300F5D9EAE70000002804BF38
:1032D000012070472DE9F04381B042F20008C4F2AA
:1032E00002080446D8F800000D4600F007008142AD
:1032F0000CD9D8F8000020F007002843C8F80000D7
:10330000D8F8000000F00700A8426CD1206841F214
:1033100004098107C4F2020917D5410705D5D9F878
:10332000001041F4E061C9F80010010705D5D9F893
:10333000001041F46051C9F80010D9F80010A268DB
:1033400021F0F0011143C9F80010C00742D1D8F8AC
:10335000000000F0070085420CD2D8F8000020F0F1
:1033600007002843C8F80000D8F8000000F0070064
:10337000A84238D12068410707D5D9F80010E26883
:1033800021F4E0611143C9F80010000708D5D9F80D
:103390000000216920F4605040EAC100C9F8000033
:1033A000D9F8002002F00C00082841F20020C0F2F9
:1033B0007A004DD14BF6A023C2F38341C0F600033F
:1033C000595CD20338D440F60010C0F23D004843A7
:1033D0003EE000BF606859F8041C022808D00128AC
:1033E00026D1890306D4012001B0BDE8F08300BFD7
:1033F0008901F8D5D9F8001021F003010843C9F874
:103400000000FFF7FFF8064641F28837D9F80000C0
:10341000616800F00C00B0EB810F98D0FFF7F2F874
:10342000801BB842F2D9032001B0BDE8F08300BF91
:103430008907D8D5DEE700BFD9F8002049F260231C
:10344000C2F34042C0F600039A5C4843B0FBF2F07E
:10345000D9F8001049F26222C1F30311C0F600024C
:10346000515C40F2900220FA01F140F22000C2F2D9
:1034700000000068C2F200021160FFF7EBF80020C4
:1034800001B0BDE8F083000040F2900041F2040179
:10349000C2F20000C4F202010068096849F2722217
:1034A000C1F3C221C0F60002515CC8407047000061
:1034B000002804BF012070472DE9F04182B0044686
:1034C000007841F20006C007C4F202060CD0706812
:1034D00000F00C00042840F081803068800303D5A0
:1034E0006068002800F04681207880071BD570684E
:1034F00010F00C0F09D0706800F00C00082840F0A4
:1035000087807068C00300F183803068800703D52E
:103510002069012840F02E813068616920F0F800B0
:1035200040EAC10030602078000713D420784007BB
:103530002CD4E569002D00F01881706800F00C00B3
:10354000082840F0A780012D40F00481012002B03E
:10355000BDE8F081A069002800F084800020C4F25A
:1035600042200121C0F88014FFF74CF8054600BF47
:10357000706A800700F1B280FFF744F8401B022810
:10358000F6D9032002B0BDE8F08100BFF0695FEA20
:10359000C00808D4F06940F08050F061F06900F094
:1035A00080500090009847F20007C4F20007386886
:1035B000C00549D4386840F480703860FFF722F8BD
:1035C000054600BF3868C0053ED4FFF71BF8401B16
:1035D0006428F7D9032002B0BDE8F081706800F0DC
:1035E0000C00082803D17068C0033FF576AF61680E
:1035F0003068002900F00C81B1F5A02F00F00081A7
:10360000B1F5803F40F01A8140F480301CE100BFEA
:103610002069002840F20000C4F2422000F08880B7
:1036200001210160FEF7EEFF054600BF306880070C
:103630003FF572AFFEF7E6FF401B0228F6D90320E4
:1036400002B0BDE8F08100BFE168306A002900F0F7
:103650009D80052900F09280012940F0AF8040F064
:103660000100B1E00020C4F242200021C0F8801423
:10367000FEF7C8FF054600BF706A80077FF556AFAA
:10368000FEF7C0FF401B0228F6D9032002B0BDE8B8
:10369000F08100BF0027C4F2422700203866FEF701
:1036A000B1FF022D05460DD13068800140F1DE806A
:1036B000FEF7A8FF401B02284FF00300F4D902B028
:1036C000BDE8F081306880014FD5FEF79BFF401BBD
:1036D00002284FF00300F5D9F1E700BF40F2900057
:1036E000C2F20000006844F6D351C1F26201A0FBAF
:1036F0000101480A019000BF00BF0198411E002847
:1037000001913FF413AF00BF0198411E00280191C1
:103710003FF40CAF00BF0198411E002801913FF417
:1037200005AF00BF0198411E00280191E4D1FDE6DC
:1037300000210160FEF766FF054600BF3068800784
:103740007FF5F1AEFEF75EFF401B02284FF003004D
:10375000F4D9B4E77068216A00F480328A4209D152
:10376000616A00F47010884204D1002002B0BDE804
:10377000F08100BF012002B0BDE8F08140F00400FC
:103780003062306A40F001001EE000BF20F001000E
:103790003062306A20F004003062FEF733FF0546E5
:1037A00041F28837306A800720D5FEF72BFF401B97
:1037B000B8424FF00300F5D981E700BF20F00100C7
:1037C0003062306A20F004003062FEF71BFF0546CD
:1037D00041F28837306A800708D4FEF713FF401B98
:1037E000B842F7D9032002B0BDE8F081B8F1000F6C
:1037F0003FF59FAEF06920F08050F06199E600BF80
:1038000040F480203060306840F480301CE000BF1D
:1038100020F480303060306820F480203060FEF783
:10382000F1FE0546306880037FF55EAEFEF7EAFEE6
:10383000401B64284FF00300F4D940E720F48030A7
:103840003060306820F480203060FEF7DBFE0546F3
:10385000306880033FF548AEFEF7D4FE401B642875
:10386000F6D9032002B0BDE8F08100BF206AB0F5B0
:10387000803F05D17168A26821F400311143716065
:103880007168626A21F47411114308437060012069
:103890003866FEF7B7FE0446306880013FF565AF35
:1038A000FEF7B0FE001B02284FF00300F4D906E734
:1038B000002804BF01207047B0B504460020A06274
:1038C00094F8511029B984F85000204600F032F8DD
:1038D0000020022184F85110D4E9001ED4E9023CF2
:1038E0000A6822F040020A6043EA0E02236942EAB3
:1038F0000C0242EA030CD4E90532E5694CEA030CF8
:1039000002F4007E4CEA0E0343EA050C256AA36A22
:1039100045EA0C052B430B60042303EA12424A607C
:10392000CA6922F40062CA610121606584F85110FD
:10393000B0BD000070B586B0044640F60000C4F289
:103940000100216800F52052002691420596CDE93C
:103950000366029602D006B070BD00BF41F21801A6
:10396000C4F202010A6842F480520A600A6802F452
:1039700080520192019A0A6842F004020A600968C2
:1039800001F0040101910199A0210291022103910A
:103990000321059102A9FEF71FFD40F6CC4530201A
:1039A000C2F20005C4F202001021802285E8430023
:1039B00005F10C004FF480734FF4806C80E80C101C
:1039C0002846C5E90666FEF743FB002818BFFDF749
:1039D0001FFCA5646C6206B070BD00002DE9F043C9
:1039E00081B0044690F85000012803D1022001B0B4
:1039F000BDE8F0834FF001081D460F46164684F8D7
:103A00005080FEF7FFFD94F85110012942D1814604
:103A1000002F4FF0010018BF002E00F0FB800320A4
:103A2000002284F8510062652763A686E686A263B9
:103A3000A287E287A0683146B0F5004F2068226473
:103A4000626403D1026842F4804202600268520656
:103A500003D4026842F04002026062680139E36800
:103A6000B2FA82F2B1FA81F152094909B3F5006F55
:103A700041EA02013CD131B137F8021BC160276332
:103A8000E08E0138E086E08E00286BD0681C0ED1F5
:103A90001DE000BF0220BDE0216B31F8022BC260A7
:103AA0002163E08E0138E086E08E00285AD020683D
:103AB00081688907F0D4FEF7A5FDA0EB0900A842B4
:103AC000F2D338E0FEF79EFDE08E00284AD0206851
:103AD00081688907F6D5216B31F8022BC26021631A
:103AE000E08E0138E086E08E0028F0D13AE000BF99
:103AF00039B139780173206B01302063E08E0138D1
:103B0000E086E08E70B3681C0BD11BE0216B097856
:103B10000173206B01302063E08E0138E086E08E77
:103B200000B3206881688907F0D4FEF76BFDA0EB35
:103B30000900A842F3D303206CE000BFFEF762FD4A
:103B4000E08E78B1206881688907F7D5216B097804
:103B50000173206B01302063E08E0138E086E08E37
:103B60000028EFD120688168090646D5691C0ED06F
:103B7000FEF748FDA0EB09012068A94212D2816836
:103B80000906F5D439E000BF8168090635D581689A
:103B9000090632D58168090644BF81685FEA016180
:103BA0002BD5F1E7416821F0E00141606168B1F592
:103BB000827F0AD1A168B1F5004F02D0B1F5806FC4
:103BC00003D1016821F040010160A16AB1F5005FF5
:103BD00007D1016821F400510160016841F40051EE
:103BE0000160012184F85110002184F85010616DAA
:103BF00041F02001616520216165A16831B9002192
:103C00000091C1680091806800900098606D002864
:103C100018BF0120002184F8518084F8501001B0B1
:103C2000BDE8F083411E0020B0EB116F1CBF0120E6
:103C300070474EF21002CEF2000251604EF6235150
:103C4000CEF20001F0230B700721906011607047E5
:103C5000704700007047000090F83C20012A04BF24
:103C600002207047B0B501F108053CCDD1E900CE86
:103C700023F47C5322F470521A432EF4F0431A4377
:103C80002CF4E0431A4324F4C0431A432A43C9697D
:103C900022F48042036811435964002180F83C10EB
:103CA0000020B0BD90F83C20012A4FF0020219D04C
:103CB00080B580F83D2002685368D2F808C091E8CA
:103CC000024023F0700319432CF0800343EA0E03F3
:103CD000516093600121002280F83D1080F83C2063
:103CE000BDE8804010467047006801F01F010422C3
:103CF000036A02FA01F123EA01020262026A114335
:103D00000162416C41F400414164816801F00701A6
:103D1000062903D0016841F00101016000207047CD
:103D2000006801F01F010422036A02FA01F123EA8C
:103D300001010162016A0162026A41F211110A4243
:103D400004D1026A40F244431A4205D0026A0A4290
:103D500009D00020704700BF426C22F40042426448
:103D6000026A0A42F5D1016A40F244421142F0D19E
:103D7000016821F00101016000207047002804BFA4
:103D80000120704710B590F83D1031B9002180F83E
:103D90003C10044600F056F82046022180F83D1001
:103DA000016840F2FF740B68C4F2000442F6004C54
:103DB000A142C4F2010C15DCB1F1804F1AD040F2DF
:103DC0000042C4F20002914214D0A14218DCB1F1C9
:103DD000804F1DD040F20042C4F20002914217D041
:103DE0001AE000BF614505D040F60002C4F20002AF
:103DF0009142EAD1826823F070031343A142E6DDC9
:103E0000614505D040F60002C4F20002914203D1A0
:103E1000026923F440731343846923F08002D0F8CD
:103E200004E0C368224361450A60CB62C1F828E020
:103E300002D14269CCF8302001224A6180F83D204D
:103E4000002010BD80B582B0006840F20041C4F28D
:103E50000001884214D042F60041C4F201018842B8
:103E60000CD141F21800C4F20200016841F4006173
:103E70000160006800F400600190019802B080BD0C
:103E800041F21800C4F202004168002241F0020130
:103E900041604068002100F00200009000981D2061
:103EA000FEF730FC1D2002B0BDE88040FEF718BCD4
:103EB0000068C16841F00101C160816801F007013B
:103EC000062903D0016841F001010160002070471C
:103ED00090F83C20012A4FF0020248D080B580F8CB
:103EE0003D20D0F800C04FF67772DCF8083023EAA6
:103EF0000202CCF808200B683F2B1DDD5F2B39DD5B
:103F0000602B5BD0B3F5005F00F09880702B26D15A
:103F1000D1E901E3C968DCF8082043EA0E0322F482
:103F20007F4243EA01211143CCF80810DCF8081065
:103F300041F0770111E000BF1F2B03DC33B1102BE0
:103F400004D00CE0202B01D0302B08D1DCF8081075
:103F500021F07001194341F00701CCF8081001214C
:103F6000002280F83D1080F83C20BDE880401046DB
:103F7000704700BF402B41D0502BF0D1D1F804E066
:103F8000C968DCF82030DCF8202022F00102CCF8EF
:103F90002020DCF8182022F0F00242EA011123F080
:103FA0000A0242EA0E02CCF81810CCF82020DCF805
:103FB000081041F0570121F02001CEE7D1F804E0CC
:103FC000C968DCF8203023F01003CCF82030DCF88E
:103FD0001830DCF8202023F4704322F0A00243EADA
:103FE000013142EA0E12CCF81810CCF82020DCF88F
:103FF000081041F0670121F01001AEE7D1F804E0AC
:10400000C968DCF82030DCF8202022F00102CCF86E
:104010002020DCF8182022F0F00242EA011123F0FF
:104020000A0242EA0E02CCF81810CCF82020DCF884
:10403000081041F0470121F030018EE7D1E901E39A
:10404000C968DCF8082043EA0E0322F47F4243EA01
:1040500001211143CCF80810DCF8081041F480412C
:104060007BE70000002804BF012070472DE9F04FD6
:1040700081B090F83D2042B9002280F83C200446EF
:104080000D4600F08BF829462046022280F83D209C
:10409000026844F20705936842F6004CAB43936014
:1040A00040F2FF731468C4F200039A42C4F2010C98
:1040B00014DCB2F1804F19D040F20045C4F2000583
:1040C000AA4213D09A4217DCB2F1804F1CD040F2C2
:1040D0000043C4F200039A4216D01AE0624505D0AC
:1040E00040F60005C4F20005AA42EBD1856824F031
:1040F00070042C439A42E7DD624505D040F6000388
:10410000C4F200039A4204D1036924F4407543EADF
:10411000050424F080038469D0F804E0C5682343D3
:1041200062451360D562C2F828E002D14369CCF839
:1041300030304FF0010CC2F814C095689469D2F881
:1041400020E0D1E90038D1E9027B43EA050A8D6914
:104150004FF6FF7924EA090447EA05254FF6FC47A4
:10416000BD43D1E9077644EA0B040B692C4344EACA
:1041700007242EF02207496944EA031347EA080797
:1041800043EA063347EA0111C2F808A093611162BD
:1041900080F83DC0002001B0BDE8F08F70B586B05A
:1041A00000680026B0F1804FCDE9046603960296C0
:1041B00002D006B070BD00BF41F21800C4F2020088
:1041C000416840F6000441F0010141604168C4F2D9
:1041D000010401F0010101910199016802AD41F072
:1041E00004010160016801F0040101910199016875
:1041F00041F0080101600068294600F008000190C4
:1042000001984FF40040CDE9020620460496FEF7DF
:10421000E3F80820CDE9020604F5806029460496FB
:10422000FEF7DAF80420C4F2010001684FF6FF42FD
:10423000CFF6FF02114041F0E06141F4807101606E
:1042400006B070BD02680429106A0BD020F001008E
:1042500011B9012109E000BF1062106A40F00100AD
:104260001062106A20F0100010211062106A0843DA
:104270001062106840F001010020116070470000DA
:104280007047000010B5016804460869800744BF04
:10429000C8685FEA807039D40869400744BFC868BD
:1042A0005FEA40703ED40869000744BFC8685FEA0F
:1042B000007045D40869C00644BFC8685FEAC060A2
:1042C0004AD40869C0071CBFC8685FEAC07051D1F2
:1042D0000869000644BFC8685FEA006052D40869F4
:1042E000400644BFC8685FEA406053D4086980064E
:1042F00046BFC8685FEA806010BD6FF020022046AC
:104300000A61BDE81040FFF7A5BC00BF6FF00200D6
:104310000861012020778869800743D02046FFF795
:10432000AFFF45E06FF00400086102202077886944
:1043300010F4407F40D02046FFF7A2FF42E000BFCC
:104340006FF00800086104202077C86980073DD01D
:104350002046FFF795FF3FE06FF01000086108204E
:104360002077C86910F4407F3AD02046FFF788FFD5
:104370003CE000BF6FF001000861204600F098FAB1
:104380002168A5E76FF0800008612046FFF760FC18
:104390002168A4E76FF040000861204600F044FB6C
:1043A0002168A3E7204600F095F8204600F01AFAAD
:1043B0002168002020776FE7204600F08BF8204628
:1043C00000F010FA2168002020776CE7204600F00A
:1043D00081F8204600F006FA21680020207769E77E
:1043E000204600F077F8204600F0FCF92168002014
:1043F000207766E770B586B0006840F20041C4F2ED
:10440000000188424FF00001CDE90411CDE902110D
:1044100036D042F60041C4F20101884257D141F240
:104420001800C4F20200016840F6004441F008019F
:1044300001600168C4F2010401F0080101910199D1
:10444000016802AD41F0040101600068022600F03D
:104450000400019001984FF46040029020462946E4
:1044600003960596FDF7B8FF4FF44070CDE90206BC
:10447000A4F5806029460596FDF7AEFF06B070BD35
:1044800041F21800C4F20200016841F00801016025
:10449000006802A900F00800019001982020029015
:1044A00002200390059040F60040C4F20100FDF7A1
:1044B00093FF0420C4F2010001684FF2FF32CFF6EF
:1044C000FF02114041F0E06141F40061016006B07B
:1044D00070BD00007047000090F83C30012B4FF099
:1044E000020300F0F6804FEAB202032A80F83D3062
:1044F00000F2E9802DE9F043DFE802F002A43A740B
:10450000036842F600461A6AC4F2010622F001026C
:104510001A621D6A1A465C6852F818CFB3428E6858
:10452000D1F800E025F0020545EA06050CD1CE6879
:10453000D1E9057824F4407425F00C0526F0040632
:104540003C43354344EA08042CF0730747EA0E075E
:104550005C609F614F6809695F631D629F6947F0F6
:1045600008079F619F6927F004079F61A6E000BFCD
:10457000036842F600461A6AC4F2010622F4807209
:104580001A621D6A1A46D3F804C052F81CEFB342EF
:104590008E680C6825F4007545EA06250FD1CE68B3
:1045A000D1E90598360240F2FF4725F44065BE4345
:1045B00035432CF4405748EA090647EA061C2EF01A
:1045C00073072743C3F804C0DF614F680969DF63DD
:1045D0001D62DF6947F00807DF61DF6927F0040724
:1045E000DF616BE0036842F600471A6AC4F2010714
:1045F00022F480521A621A46D3F820C05D6852F83D
:104600001C4FD1F800E08E68BB4204D14F6925F4FD
:10461000804545EA87152CF4005747EA063724F40D
:10462000E64646EA0E265D60DE614E6809691E6454
:104630001F62DF6947F40067DF61DF6927F4806785
:10464000DF613AE0036842F600461A6AC4F20106E6
:1046500022F010021A621D6A1A46D3F804C052F8FA
:10466000184FB3428E68D1F800E025F0200545EAE6
:1046700006150FD1CE68D1E905986FF0400725F0F7
:10468000C00507EA061635432CF4406748EA0906D8
:1046900047EA860C24F4E64444EA0E27C3F804C033
:1046A0009F614F6809699F631D629F6947F40067B6
:1046B0009F619F6927F480679F610902136819430E
:1046C0001160BDE8F0430121002380F83D1080F81F
:1046D0003C30184670470000002804BF0120704796
:1046E00010B590F83D1031B9002180F83C10044617
:1046F00000F056F82046022180F83D10016840F293
:10470000FF740B68C4F2000442F6004CA142C4F2EC
:10471000010C15DCB1F1804F1AD040F20042C4F216
:104720000002914214D0A14218DCB1F1804F1DD09B
:1047300040F20042C4F20002914217D01AE000BFDA
:10474000614505D040F60002C4F200029142EAD170
:10475000826823F070031343A142E6DD614505D072
:1047600040F60002C4F20002914203D1026923F430
:1047700040731343846923F08002D0F804E0C368D7
:10478000224361450A60CB62C1F828E002D1426948
:10479000CCF8302001224A6180F83D20002010BD75
:1047A000006840F60001C4F20001884218BF70475B
:1047B00080B582B041F21C00C4F202000168002200
:1047C00041F0040101600068002100F00400019044
:1047D00001981E20FDF796FF1E2002B0BDE8804024
:1047E000FDF77EBF70470000006801F01F01012245
:1047F000036A8A4023EA02010162036A42F64441E5
:10480000C4F201011A43A1F144039842026207D0A5
:10481000816801F0070106290BD10020704700BF15
:104820000A6842F400420A60816801F00701062923
:10483000F3D0016841F001010160002070470000E1
:104840000246006801F01F0101238B40016A42F615
:10485000004C99430162C4F2010C016A6045016297
:104860000ED1DCF8201041F21113194208D1016A6F
:1048700040F24443194203D1416C21F400414164A8
:10488000016A41F21113194204D00121002082F87B
:104890003D107047016A40F244431942F5D1016866
:1048A00021F0010101600121002082F83D107047D4
:1048B0002DE9F04F81B040F2E814C2F20004A08963
:1048C000FBF75AFD43F23336C4F253063146FBF789
:1048D000A2FC4FF20007C4F27F573946FBF7CDFC2C
:1048E0000025C4F230152946FBF795FC2189824644
:1048F0000846FBF741FD3146FBF78DFC3946FBF7D7
:10490000BCFC2946FBF787FC618980460846FBF71B
:1049100033FD3146FBF77FFC3946FBF7AEFC002147
:10492000C4F24831FBF7A9FC41F26F21C3F6033111
:10493000FBF7A3FC00210646FBF7EBFC4CF6CD4948
:10494000C3F6CC59002840F258055046494618BFD6
:104950000026C2F20005FBF75EFC46F2666B0746D6
:1049600095E81104C3F6667B5946FBF754FC3946BB
:10497000FBF7F9FB286040464946FBF74CFC07462D
:1049800020465946FBF747FC3946FBF7ECFB6860CD
:1049900030464946FBF73FFC044650465946FBF774
:1049A0003AFC2146FBF7DFFB297EA860D1B100F07D
:1049B0007FF868694CF6CD41AC68CBF64C51FBF7FB
:1049C000D2FB01462046FBF7A4FC0028287E4FF0CE
:1049D000020118BF0121002869761CBF01B0BDE8A3
:1049E000F08F01E00020687642F63440C4F2010006
:1049F00000210160382040F6D474C4F20000C2F2F5
:104A0000000401602046FFF71BFF20460021FFF74E
:104A100087F920460421FFF713FF2046042101B047
:104A2000BDE8F04FFFF77CB970470000FEE70000DB
:104A300080B540F6C41040F22401C2F20000C2F278
:104A40000001002201F07EFD002818BFFCF7E0FB0A
:104A500040F6C41040F29401C2F20000C2F200011C
:104A600001F0A2FF002818BFFCF7D2FB40F6C410EB
:104A700040F2B811C2F20000C2F2000101F00EFBD8
:104A8000002818BFFCF7C4FB40F6C410C2F20000B7
:104A900001F0A0FF002808BF80BDBDE88040FCF702
:104AA000B7BB0000FEE70000704700007047000041
:104AB0002DE9F04F87B040F25808C2F2000898F88C
:104AC000180042F63447C4F2010798B340F6D47494
:104AD000C2F20004204600210025FFF785FE204693
:104AE0000021FFF701F920460421FFF77DFE204653
:104AF0000421FFF7F9F8D8F800604FF08041304604
:104B0000FBF715FC10BB40F2E810C2F20000C0E950
:104B1000065505624FF44070A8F81800382040F69A
:104B2000D474C4F20000C2F200043D600560204667
:104B3000002137E040F2E810C2F200000021C0E995
:104B40000611016288F8191022E000BFD8F80C00A5
:104B50000021C4F2A021FBF7CEFB68B1D8F81450B5
:104B6000D8F8089028464FF07E51FBF7FCFA014632
:104B70004846FBF7C0FB38BB40F2E810C2F2000029
:104B80000021C0E9061101624FF44070A8F8180036
:104B9000382040F6D474C4F20000C2F20004396038
:104BA00001602046FFF74CFE20460021FFF7B8F8D1
:104BB00020460421FFF744FE2046042107B0BDE84B
:104BC000F04FFFF7ADB800BF98F8180040F2E81AB0
:104BD000C2F2000AC0B1DAF81840D8F810702046C6
:104BE0003946FBF7A4FB18BB41F26F21C3F6034122
:104BF0002046FBF7B8FA39460446FBF77CFB002851
:104C000008BF3C4615E000BF002430464FF07C5101
:104C10004FF07C52CAF818400692FBF77AFB002846
:104C20003FD14CF6CD40C3F6CC500024069038E07E
:104C30003C4630464FF07C514FF07C52CAF8184049
:104C40000692FBF766FB60BB20464FF07C51FBF7FA
:104C500060FB00284CF6CD40C3F6CC50069020D126
:104C600030462146FBF77FFA01462046FBF705FB5D
:104C700046F26661C3F666710646FBF766FB4CF6C4
:104C8000CD47C3F6CC5700281CBF46F26666C3F674
:104C9000667630463946FBF758FB002818BF374682
:104CA0000697D8F804102046FBF7AFFA834628464B
:104CB0004946FBF7AAFA4CF6CD41DAE907468146A8
:104CC000C3F64C715846CDF808B0FBF7A4FA41F290
:104CD0006F25C3F683252946FBF79DFA21460594E7
:104CE000FBF741FA49F69A118246C3F69971484694
:104CF000FBF791FA2946FBF78EFA31460196FBF74E
:104D000032FA49F69A17C3F699670446504639466F
:104D1000FBF71BFB49F69A16CBF6996600281CBFD9
:104D200049F69A1AC3F6996A50463146FBF70DFBCD
:104D300000282046394608BFB246FBF706FB00288C
:104D40001CBF49F69A14C3F6996420463146FBF716
:104D5000FCFA4CF28F210028C3F67541584608BF73
:104D60003446FBF758FA069D2946FBF7FCF95146F5
:104D70000390FBF7F8F94CF6CD418346C3F6CC41DE
:104D80004846CDF81090FBF746FA2946FBF7EBF9B9
:104D9000214600900694FBF7E6F94CF6CD41074614
:104DA000C3F6CC515846FBF7B4FA46F26661814629
:104DB0000028C3F66671584618BF4FF00109FBF78B
:104DC000C4FA0646002818BF0126029C002120468E
:104DD000FBF7BBFA0546002820464FF0000118BF3C
:104DE0000125FBF796FA002818BF01202E420AD1B0
:104DF00040F2E81B10EA0900C2F2000B04BFCBF836
:104E00001CA0CDF814A046F26661C3F66671384660
:104E1000FBF79BFA4CF6CD49C3F6CC590646002861
:104E20003846494618BF0126FBF773FA04460028A6
:104E300018BF0124DDF810B000215846FBF785FAB1
:104E40000546002858464FF0000118BF0125FBF722
:104E500060FA002818BF01202E4208BF10EA0400A3
:104E60000AD0DDE90001FBF77EF940F2E8140746BD
:104E7000C2F2000406E000BF40F2E8140698C2F255
:104E80000004206203980599FBF76DF946F2666508
:104E9000C3F6667529460646FBF757FA00281CBF7D
:104EA00046F26666C3F6667630464946FBF74DFA2B
:104EB00000283846294608BF4E46FBF746FA002828
:104EC0001CBF46F26667C3F6667738464946FBF76D
:104ED0003CFA002808BF4F4638463146FBF719FA1E
:104EE00000284FF0010008BF374618BF022088F89D
:104EF000190038464946FBF70CFA00281CBF4CF64F
:104F0000CD47C3F6CC5738462946FBF71EFA4CF27C
:104F1000000100281CBF46F26667C3F66677C4F23C
:104F200079413846FBF777F9FBF744FA40F2E7316D
:104F300042F63442A080091A80B2C4F20102E18034
:104F4000106088B2506007B0BDE8F08F7F2888BF3E
:104F50007047F0B581B00F469F292CD840F6004429
:104F6000C4F201041546064620464FF48061002233
:104F7000FDF742FB721C7B1CF0B2F9B2D2B2DBB27D
:104F800000F004F968BAADF80200204601210122C0
:104F9000FDF732FB40F67C70C2F200000DF1020119
:104FA00002224FF0FF33FEF719FD20464FF48061D7
:104FB0000122FDF721FB01B0BDE8F0407047000081
:104FC0002DE9F04782B00478002C3DD040F600492E
:104FD00040F67C7AC4F20109451CC2F2000A0DF1C8
:104FE000070802E0013C20062ED015F8020B012133
:104FF0008DF8070048460022FDF7FEFA504641466C
:1050000001224FF0FF33FEF7E9FC15F8016C16F0B2
:105010007F070CD0484601210122FDF7EDFA5046EA
:1050200029463A464FF0FF33FEF7D8FC3D4470B2B4
:10503000B0F1FF3FD6DC15F8010BFF2808BF4FF495
:10504000FA70FDF78FF8CDE702B0BDE8F0870000F9
:105050007F2898BF9F2901D9704700BF2DE9F043F1
:1050600081B0904640F6004602449946C4F20106DB
:10507000802A03EB0102089D88BFC0F18008A02AA6
:1050800088BFC1F1A009044630460F464FF4806145
:105090000022FDF7B1FA08EB040009EB0701013823
:1050A0000139C2B2CBB2E0B2F9B200F06FF868BA1F
:1050B0005FEA0941ADF8020018BF5FEA08401BD063
:1050C00040F67C77C2F200070DF10205444600BFAE
:1050D000304601210122FDF78FFA38462946022287
:1050E0004FF0FF33FEF77AFC013C2004F0D1A9F128
:1050F00001095FEA0940E9D130464FF4806101229D
:10510000FDF77AFA01B0BDE8F043704780B582B090
:105110008446002000218022A023CDF800C0FFF7A4
:1051200097FF02B080BD000010B540F60044C4F205
:10513000010420464FF480610022FDF75DFA20460D
:1051400002210022FDF758FA0520FDF70BF8204652
:1051500002210122FDF750FA4BF6BC20C0F60000F8
:10516000FFF72EFF4BF6F720C0F60000FFF728FFF1
:105170004BF60430C0F60000FFF722FF20464FF444
:1051800080610122BDE81040FDF736BA2DE9F047F5
:1051900082B040F6004A07462A20C4F2010A1646A9
:1051A00089468DF8050050460121002298460024CA
:1051B000FDF722FA40F67C75C2F200050DF10501FB
:1051C000284601224FF0FF33FEF708FC504601212C
:1051D00001228DF801408DF802708DF803408DF8A2
:1051E0000460FDF709FA0DF1010628463146042254
:1051F0004FF0FF33FEF7F2FB2B208DF806005046F0
:1052000001210022FDF7F8F90DF1060128460122DF
:105210004FF0FF33FEF7E2FB5046012101228DF8EB
:1052200002908DF80480FDF7E7F928463146042204
:105230004FF0FF33FEF7D2FB2C208DF807005046CD
:1052400001210022FDF7D8F90DF1070128460122BE
:105250004FF0FF33FEF7C2FB02B0BDE8F08700005D
:105260002DE9F04F89B0074640F6004015468A46C2
:10527000C4F201004FF4806100221C46FDF7BCF926
:105280002B78002B00F0D080C4F307202A4600289A
:105290005FFA84F9079000F08580B9F1000F4FEABA
:1052A0001420029000F09E80DDE9131040F67C751A
:1052B0004FEA11284FEA102BC2F200050DF1220629
:1052C00001940AE0049FDDF814A0019C039A4F4466
:1052D00012F8013F002B00F0A780B8B248447F28A5
:1052E0000CD907998A441FFA8AF001449F2900F2D9
:1052F0009B80202B4FF00007EAD001E01FFA8AF0D4
:105300000392029AE119104401390138CAB21C46CD
:10531000C3B2F8B25FFA8AF10497CDF814A0FFF790
:1053200035FF0799A4F1200048431299002701EBAB
:105330004000069004E000BF079801378742C1D0C3
:1053400006984FF0000A30F8174017E01498012132
:105350008DF8210040F60040C4F2010001228DF8D2
:1053600020B0FDF749F9284608A902224FF0FF3383
:10537000FEF734FB0AF1010AD145DDD004FA0AF048
:105380000004E3D5139801218DF8230040F6004076
:10539000C4F2010001228DF82280FDF72DF9284684
:1053A0003146E2E7AAF10100561CC5B20DE000BF8C
:1053B000E0190138C2B2F8B25FFA8AF12B46FFF762
:1053C000E5FE4F4416F8013B73B3B8B24844802859
:1053D000EED3BAF19F0F27D8202B4FF00007E7D16B
:1053E000F0E700BF551C0FE01FFA8AF002997A1E01
:1053F00008440138C3B2F8B25FFA8AF1D2B2FFF7BB
:10540000C5FE15F8013B7BB1B8B27F28ECD90799EE
:105410008A441FFA8AF001449F2905D8202B4FF0B7
:105420000007E3D1EDE700BF40F60040C4F2010001
:105430004FF480610122FDF7DFF809B0BDE8F08F7D
:105440007047000010B5F8B140F25824C2F20004D1
:105450002079002818BF10BD0020E063E062A08121
:10546000606140F2E610C2F200004FF47A710180F0
:1054700040F23840C4F200000160FDF7C3F86062FA
:105480000120207110BD00BF40F25820C2F2000080
:1054900000210171C163C1628181416140F2E61066
:1054A000C2F200004FF47A71018040F23840C4F239
:1054B0000000016010BD00002DE9F04F81B0FDF744
:1054C000A1F840F25828C2F2000898F80410DFE86A
:1054D00011F0050043010F00210000BF40F23840E9
:1054E000C4F200004FF47A71016001B0BDE8F08FA2
:1054F000D8F82810401A1428C0F04B8140F2E81167
:105500000020C2F20001C8F82C00A8F80C000870B6
:1055100003203CE140F2E810C2F2000001780029CB
:1055200000F037810021017040F22020C2F200001B
:105530008088D8F82C100844B8F80C10C8F82C0053
:1055400001318AB2142AA8F80C10C0F022814CF65E
:10555000CD41CCF6CC41A0FB0101C1F30F10FAF70D
:105560000BFF0021CCF27A41C8F81000FAF7FBFDDE
:105570000021C4F2FA310446FAF7E7FE0025C4F22E
:10558000C81500281CBF0024C4F2FA34204629465E
:10559000FAF7DBFE002808BF2C46C8F83040D8F8E0
:1055A0003040D8F834004FF07C51FAF734FE05460D
:1055B00020464FF07C51FAF72EFE2946FAF7D3FD2C
:1055C000C8F83000D8F83000C8F8340041F2B8000C
:1055D000C2F200000069C8F83800D8F83800D8F8DE
:1055E0003010FAF712FE4CF6CD41C3F6CC51074607
:1055F000FAF711FE4CF6CD41D8F83C508146C3F67F
:105600004C513846FAF707FE4FF07C51FAF703FE8B
:105610002946FAF7A8FD044648462146FAF7A3FDB5
:105620004FF07E510646FAF790FE8246384600213A
:10563000FAF78BFE834630460021FAF76AFE0646EB
:1056400038460021FAF765FE0028204618BF284694
:10565000002E08BF2046BBF1000F08BF0546BAF177
:10566000000F08BF054628464FF07E51FAF76DFE41
:10567000002818BF4FF07E5528464FF03F414FF0AD
:105680003F44FAF762FE002808BF254648462946EF
:10569000C8F83C50FAF767FD4FF07E510446FAF720
:1056A00054FE002818BF4FF07E5420460021FAF720
:1056B0004CFE0546002818BF254628464FF07E516F
:1056C000C8F82050FAF741FE2C46002818BF4FF0CA
:1056D0007E5420460021FAF738FE0021002808BF3A
:1056E00004462046C4F2FA31FAF795FD014600203F
:1056F000C4F27A40FAF789FDFAF743FE40F23841E6
:10570000B0F57A7F28BF4FF47A70C4F20001B0F58B
:10571000FA7F98BF4FF4FA70A8F80A00086040F2C8
:10572000E611C2F20001C8F81440088040F25800A7
:10573000C2F200000021D8F83040D0E90267C4F27C
:1057400090212846FAF767FD41F2B801C2F2000144
:10575000C8600120D0C11AE0D8F82410411A642989
:1057600017D340F23841C4F200014FF47A72C8F8FE
:1057700024000A6040F2E811C8F828000020C2F2B4
:105780000001C8F82C00A8F80C000870022088F866
:10579000040001B0BDE8F08FFCF73ABF41F2000011
:1057A000C4F202000168002241F001010160416879
:1057B000CFF6FF021140416001684FF6FF72CFF64D
:1057C000F66211400160016821F4802101604168A6
:1057D00021F4FE0141604FF41F0181604EF6085034
:1057E000CEF200004FF000610160704741F21400FA
:1057F000C2F20000FEF746BD41F25400C2F20000C2
:10580000FEF740BD002808BF704770B5FAF7ABFD42
:1058100041F2B806C2F2000600213469C4F2A001C8
:10582000FAF7F9FC2146FAF79EFC0021C4F2E131B7
:105830000446FAF78AFD0025C4F2163500281CBF7D
:105840000024C4F2E13420462946FAF77EFD002800
:1058500008BF2C4696F82000002106EB800044612A
:1058600040F2C820C2F20000017440F25820C2F297
:105870000000346180F8401080F8501080F860100B
:10588000C170BDE870407047B0B540F2100040F202
:105890005824C2F200004FF0FF31C2F2000400258C
:1058A000C0E9001181604FF48070C4F80650206098
:1058B000FCF7A8FEA061FCF7A5FEE06140F2C8205D
:1058C000C2F200000574057080F8305080F8505026
:1058D00084F8405084F8505084F86050B0BD000007
:1058E00040F25820C2F200000021417070470000D1
:1058F000B0B541F2B800002140F2000E002340F2A2
:10590000000CC2F20000C4F2C8110024C4F2963E9A
:10591000C4F2AF33C4F2C83C012280F82020C0E9B1
:105920000014C0E90214C0E9043EC0E9063C40F29C
:10593000582540F21000C2F20005C2F200004FF0FC
:10594000FF31C5F80640C0E9001181602C70FCF7FA
:1059500059FEA861FCF756FEE86140F2C820C2F289
:105960000000A5F80140EC700474047080F8304029
:1059700080F8504085F8404085F8504085F86040F8
:10598000B0BD000040F25820C2F2000040787047DD
:10599000022888BF704741F2B801C2F2000101EB52
:1059A0008002526981F8200040F2C8200A61C2F2E8
:1059B000000000210174017040F25820C2F2000082
:1059C00080F8401080F8501080F86010C170704767
:1059D0002DE9F04F85B040F25826C2F200067178EA
:1059E000012940F01982002840F0EE80B0780028AC
:1059F00000F0EA80FCF706FEB169411A3229C0F0D6
:105A0000F781B06141F2B800B6F808A0C2F2000018
:105A1000D0E900540AF1010081B25F29308122BF30
:105A2000002030813070F08800215E289CBF01305A
:105A3000F080C4F2E13128460AF1100BFAF785FC38
:105A40000026C4F2163600281CBF0025C4F2E1353A
:105A500028463146FAF779FC0021002808BF354670
:105A6000CCF216312846FAF77EFB0021C4F29631BB
:105A7000FAF703FC40F20009C4F296294946FAF706
:105A8000CAFBFAF77EFC0026C4F2A006C0F1570854
:105A900020463146FAF759FC00281CBF0024C4F206
:105AA000A004204600210025FAF74FFC31460028CB
:105AB00018BF2046FAF7E1FB4946FAF7ACFBFAF7C4
:105AC00060FCBAF15E0FC0F15700049036D81FFA9F
:105AD0008BF420460D2101224B230095FFF7B8FAE5
:105AE00020461F211F22FFF731FA204632211F22B4
:105AF000FFF72CFA204645211F22FFF727FAAAF1CB
:105B00005E0010F15F0F19D30BF1010084B2002782
:105B100020460D2101224B230097FFF799FA2046DA
:105B20001F211F22FFF712FA204632211F22FFF702
:105B30000DFA204645211F22FFF708FA40F25820AF
:105B4000C2F200000078CDF80C80012840F03081CE
:105B500040F21000C2F200000468A34540F328811F
:105B60004668ABEB0407B8EB06054FF0FF39C4BF3E
:105B70004FF00109A6EB080505EB070A7F2C98BF3B
:105B80009F2E05D95C4508BF46450CD148E100BFB2
:105B9000A0B2B1B24FF47842FFF7D8F95C4508BF24
:105BA000464500F03D815046B5EB4A0FDCBF284426
:105BB0000134B7EB4A0FA4BF4E44384482467F2CD1
:105BC00098BF9F2EDED8E3E740F2011070800020DE
:105BD0000025FFF79BFA40F2500AC2F2000ADAE908
:105BE000003040F2FF79CDE90009ABA2022060212C
:105BF0000295FFF735FBDAE900304BF66B34C0F65F
:105C00000004CDE900094E20632122460295FFF7EA
:105C100027FBDAE900304FF47848CDE900089FA26D
:105C2000022074210295FFF71BFBDAE90030742192
:105C3000CDE90008302022460295FFF711FBDAE992
:105C400000304FF61F04CDE9000495A244207421D2
:105C50000295FFF705FBDAE9003092A2CDE90004D6
:105C6000702074210295FFF7FBFA4FF4FC670020C7
:105C70008C2129221323009702F03AFC4FF6E0779B
:105C80002B208C2129221323009702F031FC56206F
:105C90008C2129221323009402F02AFC40F2C82010
:105CA000C2F200000574057080F8305080F8505042
:105CB0000020002180225E2386F8405086F8505054
:105CC00086F860500095FFF7C3F9DAE9003076A254
:105CD000CDE90008022000210295FFF7C1FADAE9B8
:105CE000003072A2CDE90009772000210295FFF76C
:105CF000B7FA0F200C214C224FF4784302F01CFC21
:105D00006F200C214C2240F2FF7302F015FC0F2093
:105D1000582160224FF6FF7302F09CFB0F201F21D9
:105D200060221F2302F096FB0F20322160221F23E6
:105D300002F090FB0F20452160221F2302F08AFB16
:105D4000DAE900305AA2CDE9000800200A210295C4
:105D5000FFF786FADAE9003056A2CDE90008002004
:105D600050210295FFF77CFADAE9003052A2CDE922
:105D7000000972200A210295FFF772FADAE9003071
:105D80004EA2CDE90009722050210295FFF768FA72
:105D900040F21000C2F200004FF0FF31C0E90011E4
:105DA00081603570012005B0BDE8F04F02F02AB9DE
:105DB0001FFA8BF41FFA88F120464FF47842FFF760
:105DC000C5F8049840F2FF7281B22046FFF7BEF892
:105DD00040F210000399C2F200004160049940F2C1
:105DE0005826C0F800B081600120C2F20006307071
:105DF000F078012805D1FCF705FCF169401A7828F4
:105E00000AD3FCF7FFFBF0610120F070002005B021
:105E1000BDE8F04F02F0F6B805B0BDE8F08F00BF66
:105E200040F21000C2F2000004684FF0FF3ABBEBF2
:105E300004068568C8BF4FF0010A002E48BF7642AD
:105E400004984FF0FF37B0EB0509C4BF0127A5EB5D
:105E5000000909EB06080BE04046B9EB480FDCBF30
:105E600048445444B6EB480FA4BF3D4430448046F8
:105E70007F2C98BF9F2D05D95C45EDD104988542B4
:105E8000EAD1A5E7A0B2A9B240F2FF72FFF75EF82F
:105E90005C45F3D0E0E700BF53455400464554004D
:105EA00050000000570000005400000041000000B6
:105EB000343530003135300035000000300000004E
:105EC00010B5D0F8B8E2BEF1000F15D001EB810398
:105ED00000EB830C5CF81C3F4BB1D0F8C02202EB06
:105EE0004112926BB3FBF2F404FB123232B1002088
:105EF000CEF8140210BD00BF022010BD0022002306
:105F0000CCF8002000F032FD002010BDB0B5D0F874
:105F1000B852044600F0F6FBD4F8B812C5F80C02EB
:105F200051B1D4F8BC0205F50371C268D5F804027A
:105F300090470020B0BD00BF0220B0BDB0B58121A8
:105F4000044600F029FB002520460121E56200F00F
:105F500023FB20468221C4F86C5100F01DFBD4F8CD
:105F6000B802256448B1D4F8BC0240688047D4F830
:105F7000B80200F079FFC4F8B8520020B0BD0000AC
:105F8000D0F8BC1281B110B5D0F8B84294F8000234
:105F9000FF2807D08B6894F8012221469847FF20FC
:105FA00084F80002BDE8104000207047014640F22E
:105FB00054100A22C2F200000A807047014640F2E3
:105FC000CC004322C2F200000A807047014640F232
:105FD00010104322C2F200000A807047014640F2CE
:105FE00060104322C2F200000A807047F0B581B011
:105FF0000546007C4027002808BF4FF4007728465C
:10600000812102223B46402400F0D6FB012628468F
:10601000012102223B46EE6200F0CEFB284682219F
:1060200003220823C5F86C6100F0C6FB4FF407702B
:106030002E6400F01BFFC5F8B802A8B10746D5F8DA
:10604000BC02006880470026C7F81462C7F81862CF
:10605000287CD7F80422002808BF4FF40074284693
:106060000121234600F0BCFB304601B0F0BD00002A
:10607000D0F8B812002904BF0220704780B590F80C
:1060800010C0D1F8042240230121BCF1000F08BF49
:106090004FF4007300F0A4FB002080BD00290EBF68
:1060A0000220C0F8BC12002070470000D0F8B822CF
:1060B0000020C2F804127047D0F8B8320020C3F8AC
:1060C0000812C3F810227047F0B581B091F9003082
:1060D000D0F8B842002513F060028DF80350ADF8F7
:1060E000005011D0202A3BD1CA88FAB1B3F1FF3F4A
:1060F0003CDD497884F8012284F80012214600F042
:106100006BF8002001B0F0BD4A780B2A24D00A2A8F
:1061100016D02ABB90F89C22032A21D1694602227C
:1061200000F074F8002001B0F0BD00BFD0F8BC0250
:106130000022836848789847002001B0F0BD00BF76
:1061400090F89C22032A0BD10DF10301012200F0EB
:106150005DF8002001B0F0BD90F89C22032AD0D059
:1061600000F02EF8022001B0F0BD00BFD0F8BC3224
:1061700006469D684B780F4618462146A847FA8880
:106180003046214600F042F8002001B0F0BD00008A
:1061900080B5D0F8B42252689047002080BD00003E
:1061A00080B513460A46002100F01AFB002080BD8E
:1061B00080B513460A46002100F0D8FB002080BDC0
:1061C00010B58021044600F0A3FB20460021BDE865
:1061D000104000F09DBB000080B513460A46032125
:1061E000C0F894120021C0E9573300F0F9FA0020FA
:1061F00080BD000080B50521C0F894120021002266
:10620000002300F0EDFA002080BD000080B51346A9
:106210000A460221C0F894120021C0E9073300F0B9
:10622000A5FB002080BD000080B50421C0F89412B9
:1062300000210022002300F099FB002080BD000017
:1062400010B540F22454C2F200040A4602A02146CE
:1062500000F00EF9204610BD43444320436F6E66A4
:106260006967000040F2A4101222C2F200000A8006
:106270007047000010B540F22454C2F200040A46F0
:1062800002A0214600F0F4F8204610BD434443200C
:10629000496E7465726661636500000040F2C81063
:1062A0000422C2F200000A807047000010B540F2DC
:1062B0002454C2F200040A4602A0214600F0D8F895
:1062C000204610BD44756E675F446576696365005E
:1062D00010B540F22454C2F200040A4602A021463E
:1062E00000F0C6F8204610BD53544D333220566995
:1062F000727475616C20436F6D506F727400000092
:106300004FF2E870C1F6FF70026883684FF01A0C14
:106310009B18A1F800C000F0A680B0B54FF0370C74
:106320001A0F0CEB13714068B3F1204F38BF02F124
:10633000300140F2CC12C2F20002917019014FF00C
:10634000000E0CEB117582F803E0C3F30364B1F1A6
:10635000204F38BF04F13005190215710CEB11758F
:1063600082F805E0C3F30354B1F1204F38BF04F1C4
:106370003005190395710CEB117582F807E0C3F332
:106380000344B1F1204F38BF04F1300519041572F0
:106390000CEB117582F809E0C3F30334B1F1204F1F
:1063A00038BF04F13005190595720CEB117582F8B0
:1063B0000BE0C3F30324B1F1204F38BF04F13005E3
:1063C00019061573C3F303140CEB1175B1F1204FCB
:1063D0004FEA037103F00F0382F80DE038BF04F1B8
:1063E000300503F13704957382F80FE0B1F1204FC7
:1063F00038BF03F13004010F0CEB1073147482F8F2
:1064000011E0B0F1204F38BF01F1300301010CEB76
:106410001174937482F813E0C0F30363B1F1204F59
:1064200038BF03F1300401021475C0F303530CEBC1
:106430001174B1F1204F4FEA003182F815E038BFF6
:1064400003F130040CEB1173947582F817E0C0F37C
:106450000340B1F1204F38BF00F13003137682F8CA
:1064600019E0BDE8B04040F2CC10C2F20000704725
:10647000002808BF704710B50378ABB100F1020ED9
:106480004FF0000C1EF8013C93B19EF800309BB118
:106490009EF80130A3B19EF802300CF1040C002BE1
:1064A0000EF1040EEED10DE04FF0000C0AE000BF3B
:1064B0004CF0010C06E000BF4CF0020C02E000BF03
:1064C0004CF0030C5FFA8CFC022303EB4C031380AB
:1064D00003220B704A7090F800E0BEF1000F2DD03F
:1064E000023002224FF0000CD3B2CC1801F803E0C6
:1064F00084F801C010F8013C03B3941CE4B201EB32
:10650000040E0B558EF801C00378BBB1141DE4B224
:1065100001EB040E0B558EF801C0437873B1941D46
:10652000E4B201EB040E0B558EF801C090F802E0C6
:106530000832BEF1000F00F10400D5D1BDE81040D3
:1065400070470000002804BF02207047D0F8B43222
:10655000002B1CBF0023C0F8B432002918BFC0F8BC
:10656000B01280B5012180F89C12027000F0CEF8C4
:10657000002080BD80B5D0F8C002FCF75DF940F284
:1065800000220223C100C0F20122042838BF22FAEF
:1065900001F3D8B280BD000080B5D0F8C002FCF78E
:1065A00021F940F200220223C100C0F20122042896
:1065B00038BF22FA01F3D8B280BD0000B0B569B18E
:1065C000D0F8B42252693AB190F89C32032B03D12F
:1065D000904700210846B0BD0220B0BDD0F894120B
:1065E000002918BF04290FD18021044600F090F93A
:1065F000204690F8A01201294FF00001EAD180F85E
:10660000A0120846B0BD00BF0229F2D1D0E908317E
:106610008B420FD9591A8BB2016211461A460446B1
:10662000FFF7C6FD204600210022002300F0D8F825
:10663000DEE700BFC2698A4212D3B2FBF1F303FB6B
:10664000112169B9D0F898128A4209D2002100229A
:1066500004460025FFF7ACFDC4F89852E2E700BFFE
:10666000D0F8B412C96831B190F89C22032A02D143
:106670000446884720468021044600F049F9204618
:10668000FFF7B8FDB4E7000010B559B1D0F8B42257
:1066900092692AB190F89C32032B01D190472EE0E9
:1066A000022010BDD0F894120024052912D003292D
:1066B00026D1D0E958318B4214D95B1AC0F8603129
:1066C0008B4238BF19468BB211461A46FFF768FD58
:1066D00015E000BF0021C0F8944200F019F92046EF
:1066E00010BD00BFD0F8B412096931B190F89C22F6
:1066F000032A02D1044688472046FFF795FD00246F
:10670000204610BDD0F8C002FCF7C6B810B504464C
:1067100040F6105045F60041C2F20000C4F20001FC
:106720000822022380E80E000021C0F86842C4F865
:10673000C002C0E906110162FCF7A0FB002818BFE7
:10674000FAF766FDD4F8C002002100221823FCF7F6
:1067500015F8D4F8C002802100225823FCF70EF867
:10676000D4F8C00281210022C023FCF707F8D4F836
:10677000C002012100224FF48873FBF7FFFFD4F819
:10678000C002822100224FF48073FBF7F7FF002044
:1067900010BD0000D0F8C00201F07F0300EB4313EE
:1067A00000EB41104AB200F59570002A48BF03F192
:1067B0002A0000787047000080B59446D0F8C002E7
:1067C0001A466346FCF770F840F200220223C1002B
:1067D000C0F20122042838BF22FA01F3D8B280BDEA
:1067E00080B5D0F8C002FCF795F840F200220223F1
:1067F000C100C0F20122042838BF22FA01F3D8B246
:1068000080BD0000F0B581B0002100224023044685
:1068100000254026FFF7D0FF0127204680210022D7
:106820004023C4F85871C4F86461FFF7C5FFD4F879
:10683000B812A761666284F89C72C4F894526560CD
:10684000C4F8A45229B1D4F8B41220464A680021F1
:106850009047002001B0F0BD90F89C12042904BFBD
:1068600090F89D1280F89C120020704790F89C12BE
:10687000032907D1D0F8B412C96919B180B5884786
:10688000BDE8804000207047024600201174704728
:1068900080B5D0F8C002FCF7D1FB40F20022022301
:1068A000C100C0F20122042838BF22FA01F3D8B295
:1068B00080BD0000B0B500F52A740546204600F002
:1068C00067F895F8A8122846B5F8AE5201F01F02F5
:1068D0000123022AC0E9A5350ED0012A06D08AB9C3
:1068E000214600F07DF80020B0BD00BF214600F039
:1068F00091FA0020B0BD00BF214600F0E7F900206A
:10690000B0BD00BF01F0800100F002F80020B0BD72
:1069100080B5D0F8C002FCF715F840F2002202233F
:10692000C100C0F20122042838BF22FA01F3D8B214
:1069300080BD000080B5D0F8C002FCF79DFB40F29E
:1069400000220223C100C0F20122042838BF22FA2B
:1069500001F3D8B280BD0000014690F89C020422E9
:1069600081F89D02002081F89C22704780B5D0F804
:10697000C002FCF71BF840F200220223C100C0F263
:106980000122042838BF22FA01F3D8B280BD0000EA
:106990000A7802704A7842704A8842808A888280E7
:1069A000C988C1807047000000290EBF0220C0F8CE
:1069B000B412002070470000D0F8B422002A04BFAF
:1069C0000220704780B512689047002818BF012048
:1069D000400080BD80B5FFF7ADFF002080BD000006
:1069E00070B582B00A78C2F34112531E022B07D24F
:1069F000D0F8B42292689047002002B070BD00BF6A
:106A0000002A40F057814A78092A00F25381DFE8D2
:106A100012F00B00350051015B00510167008B0043
:106A200051012500410000BF90F89C22013A022A42
:106A300000F24081C988022940F03C81D0F8A412BC
:106A40000322002908BF0122014641F80C2F02222F
:106A5000FFF7DCFB002002B070BD00BFC988012930
:106A600040F0288190F89C124A1E022A80F074801F
:106A70000022014641F8082F72E000BF90F89C22E6
:106A8000013A022A00F2168149880129B4D1002175
:106A90001FE000BF4A8840F22056D1B2C2F2000681
:106AA0000229327080F0068190F89C22032A5DD082
:106AB000022A40F08380002900F0C58003220446AA
:106AC000416080F89C22B7E0498801297FF494AFA7
:106AD0000121C0F8A412FFF7A7FB002002B070BD8F
:106AE0008A88002A40F0E680CA88002A40F0E280C6
:106AF0004D887F2D00F2DE8090F89C12032900F073
:106B0000D980E9B280F89E520446FFF7C1FE2046C4
:106B10002646FFF789FB002D0CBF0120022086F8D6
:106B20009C02002002B070BD4A884FF0FF3303EB97
:106B300012230026062BADF8066000F2BB80DFE8CA
:106B400003F0052D1FB9B94D590000BF0D46D0F80F
:106B5000B0120A6891E000BF032940F0AB80011D2C
:106B60000122FFF753FB002002B070BD002951D075
:106B70004168012958D1FFF757FB002002B070BDD2
:106B8000D2B2052A00F29680DFE802F0046E666A4F
:106B9000627200BFD0F8B02252686CE00D46017CF2
:106BA0000446D0F8B40200290CBF816AC16A0DF115
:106BB000060088470146022029E000BF80210446E4
:106BC000FFF7A6FE20460021FFF7A2FE31782046FF
:106BD000FFF7DEFA002002B070BD00BF027C002A81
:106BE00068D10446D0F8B4020D46416B0DF10600A1
:106BF000884747E0027C002A5CD10446D0F8B40202
:106C00000D46016B0DF106008847014607204870CC
:106C100039E000BF022280F89C2200224260044634
:106C2000FFF7B6FA0EE000BFC9B20546FFF7B0FAAB
:106C300031782C4669602846FFF7BEFE022801D154
:106C4000204638E02046FFF7EFFA002002B070BD82
:106C5000D0F8B02252690EE0D0F8B022D2680AE033
:106C6000D0F8B022126906E0D0F8B022926802E0B3
:106C7000D0F8B0229269EAB10D460446007C0DF1CD
:106C8000060190470146BDF8060048B1EA883AB1CE
:106C9000904238BF02462046ADF80620FFF7B6FA0C
:106CA000E88800287FF4A8AE2046FFF7BDFA002050
:106CB00002B070BD04468021FFF72AFE2046002165
:106CC000FFF726FE002002B070BD0000B0B50B78C3
:106CD0004FF0FF3503F0600205EB5215022D05D28F
:106CE000D0F8B422926890470020B0BDC3F341139E
:106CF000DBBB202A06D1D0F8B4229268BDE8B040B0
:106D0000104700BF4B780A4609792BB3012B11D0ED
:106D1000032B2AD190F89C32032B0FD15388C3BB8D
:106D200011F07F0335D0D2889ABB0446FFF7F0FDFF
:106D30002EE000BF90F89C32032B21D0022B14D1FF
:106D40004A0612D00446FFF7E3FD20468021FFF7F4
:106D5000DFFD0020B0BD00BF90F89C22032A1DD0AB
:106D6000022A08BF5FEA416240D080210446FFF753
:106D7000CFFD20460021FFF7CBFD0020B0BD00BFB6
:106D80005288002A44D14A0603D00446FFF7F2FB9A
:106D90002046FFF749FA0020B0BD00BF01F00F0206
:106DA00002EB8202802900EB82022CBF9269D2F8AA
:106DB0005821002AD9D001F07F0202EB820200EBB9
:106DC000820202F1140401EB810200EB82028029AD
:106DD00038BF02F5AA744A0614D00546FFF7DAFC5C
:106DE00001462846002918BF01210CE009064FF092
:106DF00014024FF0000358BF4FF4AA728118835059
:106E000003E000BF0021216021460222FFF7FEF9C6
:106E10000020B0BDB0B50A7802F06002602A08D048
:106E200090F89C22013A022A03D88A8812F0FE0FB9
:106E30000AD080210446FFF76BFD20460021FFF7B2
:106E400067FD0020B0BD00BFD0F8B42204469268B0
:106E50000D469047E988002908BF0028F1D1204657
:106E6000FFF7E2F90020B0BD7047000040F2247047
:106E7000C2F2000070470000F0B50B78024691F8AE
:106E800003E030F8230047F27066BEF1030F20EAFA
:106E9000060C11D80020DFE80EF00307100B00BF2E
:106EA0004CF4007C09E000BF4CF4806C05E000BFAE
:106EB0004CF4C06C01E000BF012048F28004CFF622
:106EC000FF744CEA040622F8236032F8236040F68F
:106ED0000F752E401E43264322F823600E7B48F296
:106EE000800C002E58D032F8234040F60F652C401D
:106EF000644404F5807422F82340B2F850400E89AF
:106F000002EB03152C4426F00106A4F80064B2F845
:106F100050404E892C4426F00105A4F808544C78C2
:106F200032F82310002C61D0490409D532F823101F
:106F300040F60F742140614401F5804122F823108E
:106F400032F82310490608D532F8231040F60F74A2
:106F500021406144403122F8231032F8231040F6DA
:106F60000F742140614401F5804122F8231032F86A
:106F7000231040F63F7421400CF120044C40BEF138
:106F8000010F08BF41EA0C0422F8234032F8231015
:106F900043F60F775AE000BF4E78B2F85040CF88E2
:106FA0001D01002E27F0010656D051192144A1F8E9
:106FB000006432F82310490608D532F8231040F651
:106FC0000F7421406144403122F8231032F823101D
:106FD00040F63F74BEF1010F01EA040137D00CF115
:106FE0002007794022F82310F0BD00BF490409D5DD
:106FF00032F8231040F60F773940614401F58041A3
:1070000022F8231032F82310490608D532F823104D
:1070100040F60F7739406144403122F8231032F8AE
:10702000231040F60F7739406144403122F8231095
:1070300032F8231043F60F7739400CF5405779406A
:1070400022F8231032F8231040F63F77394041EA06
:107050000C0122F82310F0BD15442F19A7F808647D
:10706000B2F850E00C6905F20C416CB13E2C33D8FB
:1070700004F0010505EB5404A40221F80E4032F897
:107080002310490413D41CE03EF8014048F20005E7
:1070900024F4F8442EF801403EF80140CFF6FF7585
:1070A0002C4321F80E4032F82310490409D532F858
:1070B000231040F60F773940614401F5804122F8F2
:1070C000231032F8231043F60F7739400CF5405760
:1070D000794022F82310F0BD65094FF0FF36E7062E
:1070E00008BF06EB541548F20004CFF6FF7444EADB
:1070F000852421F80E4032F823104904D7D4E0E764
:1071000000207047B0B50B7802460C7B487832F807
:1071100023104CF2800C002C4CF280043AD0002852
:1071200042D0480408D532F8230040F60F710840D9
:1071300040EA0C0022F8230032F8230043F60F7EC9
:10714000400640F63F7009D532F8231040F60F751F
:1071500029406144A1F57F5122F8231032F8231011
:1071600040F60F7529402143ACF5804422F82310E6
:1071700032F823100840204322F8230032F823007D
:1071800000EA0E006044A0F58041002022F82310A0
:10719000B0BD00BFF0B1480640F63F7EEED5ACF57D
:1071A0007F5440F60F70E3E7480408D532F8230017
:1071B00040F60F71084040EA0C0022F8230032F834
:1071C0002300ACF57F54400640F63F7E43F60F7037
:1071D000BAD4C3E7480443F60F7ECFD540F60F700C
:1071E000C6E70000002070470020704701460120DC
:1071F000A1F840000020A1F84000A1F84400A1F847
:107200005000B1F8400040F43F420020A1F8402077
:10721000704700000146B0F8400044F2FF0202400F
:107220000020A1F840207047002070470A7B0AB177
:107230000020704791F800C04A7830F82C30BAB17D
:107240005A0648F2A0030CD580B530F82CE040F681
:107250000F7202EA0E021A44203220F82C20BDE8F8
:107260008040C9780129E3D040F63F7110E000BFAB
:1072700059044BF2800309D530F82C1040F60F72F8
:107280001140194401F5805120F82C1043F60F717C
:1072900030F82C201140594020F82C100020704765
:1072A00002460B78487832F823C040F63F71002838
:1072B00048F2900008BF43F60F71CFF6FF7008BF89
:1072C00000F57F6001EA0C014140002022F8231004
:1072D000704700002DE9F0478F690B6984464878B4
:1072E0000A7BFE1A3CBF00263B4601288E6139D13D
:1072F000002A48F2B00A4BD00F783CF82760BCF85F
:107300005040750640F20C4658BF40F204466644B1
:10731000BA0006EB07179EB2002E3B5300F0E68042
:107320000A23002D58BF0823CF5A4B690CEB4701A5
:1073300001F58064711C4FF0FF37C1F3410507EB85
:10734000510E002D4FEA510100F0BD801E4636F867
:10735000020B2746012D27F8040B59D1013933467A
:107360003C46B0E0C2B30978002840F09580BCF8F4
:10737000502008016244002B02F204425ED03F2BF1
:1073800076D203F0010707EB53039B027DE000BFB9
:107390001A0400F0D780CA88D1F814E00CEB42023E
:1073A00002F580689AB201324FF0FF34C2F3410611
:1073B00004EB5209002E4FEA520200F0B0807746EB
:1073C00037F8025B4446012E24F8045B6AD1013A87
:1073D000BE46A046A3E000BFBCF850200978624436
:1073E000080102F20C424BB13E2B19D803F0010701
:1073F00007EB53039B0213524EE000BF835A23F462
:10740000F8438352835A43F40043835244E000BF5D
:107410005888022DA08051D108340433023952E03B
:107420005F094FF0FF36DD0608BF06EB53174FF438
:10743000004343EA872313522EE000BF835A23F40C
:10744000F8438352835A43F400438352BCF85020DC
:1074500062441044B0F80C2422F4F842A0F80C2442
:10746000B0F80C2442F40042A0F80C2414E000BF51
:107470005F094FF0FF36DD0608BF06EB531748F2F1
:107480000003CFF6FF7343EA87231352BCF8502062
:1074900062441044A0F80C344BF2800A8A0043F690
:1074A0000F715AE0BEF80240022EA8F804402DD118
:1074B00008F108080EF1040E023A30E0988806330D
:1074C00020810C340339BEF1030F0FD3083BA4F124
:1074D000100500BF33F8080F043925F8100F58883D
:1074E000A88098882881D888A881F3D13CF8020028
:1074F00040F60F7108404BF28001CFF6FF71084350
:1075000000F580502CF8020025E000BFBEF80440D2
:107510000EF1060EA8F8084008F10C08033AB9F17C
:10752000030F0FD3AEF10805A8F1100435F8087F5A
:10753000043A24F8107F6F88A780AF882781EF88EE
:10754000A781F3D1BCF850200978624402EB011204
:10755000A2F804348A0040F63F713CF8020008406B
:1075600080EA0A0100202CF80210BDE8F087000034
:107570000146B0F8400040F43F420020A1F840200E
:107580007047000040F61050C2F20000FBF722BA2C
:10759000B0F844007047000070B500EB4200022BC9
:1075A00000F5806402D220460A464AE04FF0FF30E0
:1075B000C3F341054FEA530C00EB530E75B120465F
:1075C00030F8046B0A46012D22F8026B0CD1ACF1A5
:1075D000010C1146BEF1030F1FD232E02046BEF16E
:1075E000030F1AD22DE000BFA088022D488009D1D8
:1075F0000A1D04F10800ACF1020C1146BEF1030FA4
:107600000BD21EE020898A1D888004F10C00ACF1A9
:10761000030C1146BEF1030F13D30A4630F8101BBA
:10762000BCF1040C22F8081B30F80C1C22F8061CD4
:1076300030F8081C22F8041C30F8041C22F8021C44
:10764000ECD1D9071CBF0088107070BD00207047B6
:10765000002904BF8021A0F84C10002070470000D2
:107660002DE9F04F91B040F2A83AC2F2000ADAF8E0
:107670000820002A00F0B68483469AF8030048B137
:10768000FAF7C0FFDAF82C10401AC72816D8DAF833
:107690001850C5E055680120CAF8185091688AF85A
:1076A0000300CAF81C101068CAF82400D068CAF891
:1076B00028002846F8F7AFFDB0E000BFFAF7A2FFB8
:1076C000DAF80880DAE90676D8F80410DAF82090BB
:1076D0000891CAF82C0008463946F8F796FD4CF692
:1076E000CD4AC3F64C5A054620F000405146F8F703
:1076F00010FE044628464FF07A51F8F78CFD3946C3
:10770000F8F731FD054640F2A830C2F20000002C27
:1077100018BF3D468561D8F8080031460790F8F754
:1077200074FD044620F000405146F8F7F2FD07468C
:1077300020464FF07A51F8F76EFD3146F8F713FD09
:1077400040F2A831002F18BF3046C2F20001C861D4
:1077500040F2A830C2F20000466AD8F80000314674
:10776000F8F753FD4DF20A71044620F00040C3F6CD
:10777000A351F8F7CEFD074620464FF07A51F8F7AF
:107780004AFD3146F8F7EFFC40F2A831002F18BF50
:107790003046C2F20001486240F2A830C2F2000056
:1077A000866AD8F80C003146F8F72FFD49F69A1A88
:1077B000C3F6996A044620F000405146F8F7A9FD47
:1077C000074620464FF07A51F8F725FD3146F8F785
:1077D000CAFC40F2A831002F18BF3046C2F20001A7
:1077E0008862DDE90710F8F716FD4946F8F70DFD48
:1077F000044620F00040514640F2A83AC2F2000A86
:10780000F8F787FD064620464FF07A51F8F703FD5A
:107810004946F8F7A8FC002E18BF4846CAF82000D1
:10782000284600214FF00008F8F781FD0026C4F239
:10783000C82600284FF03F44284631464FF03F47C6
:1078400018BF4FF07C54F8F7E6FC2146F8F78BFCA4
:10785000F8F797FD48F21F510346C5F2EB110028D7
:1078600048BF4342A3FB01124BF654344BF65F3141
:10787000C0F60004C0F6000152096425002802FB8E
:10788000153348BF214609AC204601F095F940F276
:107890004809C2F20009D9E900014FF4FC62CDE9C0
:1078A000004002A880E8060140F22040C2F2000039
:1078B0004030192100224E23CDF814B000F002FD13
:1078C000DAF81C4000212046F8F731FD0028204658
:1078D000314618BF4FF07C57F8F79DFC3946F8F752
:1078E00042FCF8F74EFD48F21F510346C5F2EB117A
:1078F000002848BF4342A3FB011200284BF65F312A
:107900004FEA52124BF65430C0F6000102FB153319
:10791000C0F6000009AC48BF0146204601F04CF912
:10792000D9E9000140F28047CDE900404FF6E07010
:10793000C2F200070291CDE90308384619211E2240
:107940004E23CDF814B000F0BDFC9AF801004CF6BF
:10795000CD440228CCF6CC4446D0012840F08680A5
:10796000DAF80800002104692046F8F7E0FC00215D
:107970004FF03F460028C4F2C821204618BF4FF000
:107980007C56F8F748FC3146F8F7EDFBF8F7F9FCC0
:1079900048F21F510346C5F2EB11002848BF43428D
:1079A000A3FB011200284FEA52124FF064004BF67D
:1079B0005F3102FB10334BF65430C0F60001C0F6C5
:1079C000000048BF014609A801F0F6F840F20400A3
:1079D000C2F200000078032804D80424DFE800F095
:1079E000B302B0B20324AEE0DAF808000021446923
:1079F0002046F8F79CFC00214FF03F460028C4F2D7
:107A0000C821204618BF4FF07C56F8F704FC3146D9
:107A1000F8F7A9FBF8F7B5FC48F21F510346C5F289
:107A2000EB11002848BF4342A3FB011200284FEA94
:107A300052124FF064004BF65F3102FB10334BF6ED
:107A40005430C0F60001C0F6000048BF014609A846
:107A500001F0B2F840F20400C2F2000040780028C1
:107A600052D002284ED0032401284EE0DAF82060DC
:107A70000021C4F2C8213046F8F759FC30BB30462B
:107A80000021F8F754FC00214FF03F440028C4F2D5
:107A9000C821304618BF4FF07C54F8F7BCFB214694
:107AA000F8F761FBF8F76DFCB0F1FF3F66DD48F2D7
:107AB0001F51C5F2EB11A0FB01125209642102FB18
:107AC00011034BF65F31C0F6000173E00021C4F2F0
:107AD00020113046F8F79FFB4FF07C51F8F743FB3D
:107AE000F8F74FFCB0F1FF3F58DDA0FB0412D208BD
:107AF00002EB8201A0EB41034BF64831C0F60001D6
:107B000058E000BF012400E00424FAF77BFD48F2AE
:107B10001F51C5F2EB11A0FB0101C809C0070AD132
:107B200009AE3046F8F70AFBA04204D9305D2E2892
:107B30001CBF202030554BF63634C0F6000440E020
:107B4000012400E00024FAF75DFD48F21F51C5F260
:107B5000EB11A0FB0101C809C0070AD109AE3046EC
:107B6000F8F7ECFAA04204D9305D2E281CBF202083
:107B700030554BF63B34C0F6000422E048F21F516A
:107B80004042C5F2EB11A0FB01125209642102FB35
:107B900011034BF65431C0F600010BE04042A0FB4C
:107BA0000412D20802EB8201A0EB41034BF63D31F7
:107BB000C0F6000109A800F0FFFF4BF63834C0F60C
:107BC0000004D9E900014FF61F0609AA0025CDE9F6
:107BD0000020CDE9021607F1200019213C224E2396
:107BE0000495CDF814B000F06DFB40F25008C2F2DD
:107BF0000008D8E900014922CDE9021640F22046EA
:107C0000C2F20006CDE9004006F120006E210C23EF
:107C10000495CDF814B000F055FBDAF80800027EA8
:107C2000D8E90010002A07BF4FF47842F0A34FF4C0
:107C3000FC62EEA3CDE9003102A925C10AF158008A
:107C4000002128221823CDF814B000F03BFB9AF84D
:107C50000120D8E90010022A0ED0012A1ED14BF6CD
:107C60003A374FF4FC620023C0F60007CDE90071FB
:107C7000CDE9020304920BE000224BF63333C0F649
:107C80000003CDE902024FF6E070CDE90031049027
:107C90000AF1680000214622122322E04BF630321E
:107CA0000024C0F60002CDE90021CDE902040AF16A
:107CB00068000021462212230494CDF814B000F08D
:107CC00001FBD8E900014BF62F32C0F60002CDE9E6
:107CD0000020CDE9021406F13000002150221923C2
:107CE0000494CDF814B000F0EDFADAF8080000289A
:107CF0006BD0427ED8E90010022A1FD0012A43D15E
:107D00004FF6E0724BF63A371F32C0F600074FF4D9
:107D1000784392B2CDE9007102A981E80D0830469E
:107D20006E2100221223002400F0CCFA4BF62F32F1
:107D3000D8E90001C0F6000200923AE04FF6E07286
:107D40004BF633371F32C0F600074FF4784392B238
:107D5000CDE9007102A90DC106F110006E211E22AD
:107D60001223CDF814B000F0ADFAD8E900014BF6BB
:107D70002F330022C0F60003CDE90030CDE9021216
:107D8000049230466E211BE04BF630350024C0F6DD
:107D90000005CDE90051CDE9020430466E210022F4
:107DA00012230494CDF814B000F08CFAD8E9000145
:107DB000009501AA13C206F110006E211E22049440
:107DC0001223CDF814B000F07DFADAF82440002137
:107DD0002046F8F7ACFA0026C4F2C82600284FF077
:107DE0003F45204631464FF03F4718BF4FF07C5586
:107DF000F8F711FA2946F8F7B6F9F8F7C2FA48F297
:107E00001F510346C5F2EB11002848BF4342A3FBB4
:107E1000011200284BF65F314FEA52124FF064090D
:107E20004BF65430C0F6000102FB1933C0F60000D7
:107E300009AC48BF0146204600F0BEFE40F24008B3
:107E4000C2F20008D8E900014FF4FC62CDE900401D
:107E50000020049040F28040C2F20000CDE90212FE
:107E600040301C215B223623CDF814B000F02AFAF2
:107E7000DAF80800002144692046F8F758FA00288B
:107E80004FF03F452046314618BF4FF07C55F8F77C
:107E9000C2F92946F8F767F9F8F773FA48F21F5262
:107EA0000146C5F2EB12002848BF4142A1FB022364
:107EB0005A09002802FB19134BF65F314BF6543078
:107EC000C0F60001C0F6000009AC4BF63D3A4BF697
:107ED000483648BF01462046C0F6000AC0F60006F4
:107EE00000F06AFED8E9000140F2E045CDE900402B
:107EF0004FF6E07003900020C2F20005029104905A
:107F0000284625216F223423CDF814B000F0DAF989
:107F100040F2A830C2F20000846A00212046F8F73F
:107F200006FA00210028C4F22011204618BF4FF0A5
:107F30007C57F8F770F93946F8F715F9F8F721FA90
:107F40004CF6CD420146CCF6CC42002848BF414217
:107F5000A1FB0223DA08002802EB820009AC48BF2B
:107F60005646A1EB40032046314600F025FED8E9F5
:107F700000014FF47842CDE900400020CDE9021223
:107F8000049005F12000252183222E23CDF814B082
:107F900000F098F940F2A835C2F20005EC68FAF753
:107FA00031FB40F25001C2F20001D1E900218442CC
:107FB00008D94FF4FC6311A70020CDE90072CDE988
:107FC000021305E000200BA3CDE90032CDE9021039
:107FD000049005F1480076218A222823CDF814B0B8
:107FE00000F070F911B0BDE8F08F00BF4F4E2000D7
:107FF0004F464600202020200000000053415645F7
:10800000000000002DE9F04F91B041F2B808C2F233
:108010000008D8F81050834628460021F8F787F961
:108020004FF03F410028284618BF4FF07C51F8F729
:108030009AF8F8F7A6F90246B0F1FF3F04DD4BF6D7
:108040006F31C0F6000104E04BF66E315242C0F6CB
:10805000000105A800F0B0FD40F24000C2F20000AF
:1080600003C840F2C82A40F2FF7205ADC2F2000A0E
:10807000CDE90050CDE902120AF110001C215E2268
:1080800030234FF6FF76CDF810B000F081F998F864
:10809000200083A1421C284600F08EFD40F25009CA
:1080A000C2F20009D9E900016322CDE90050CDE90F
:1080B0000216504660211C23CDF810B000F068F97C
:1080C000D8F8087000213846F8F731F94FF03F41F1
:1080D0000028384618BF4FF07C51F8F744F8F8F7FD
:1080E00050F90246B0F1FF3F04DD4BF66F31C0F6A8
:1080F000000104E04BF66E315242C0F6000105A8C3
:1081000000F05AFDD9E900014FF47842CDE9005062
:10811000CDE902120AF130001A2171221823CDF89C
:1081200010B000F035F9D8F80C7000213846F8F797
:10813000FEF84FF03F410028384618BF4FF07C5101
:10814000F8F711F8F8F71DF90246B0F1FF3F05DD29
:108150004BF66F31C0F6000105E000BF4BF66E3103
:108160005242C0F6000105A800F026FDD9E9000141
:108170004FF61F02CDE90050CDE902120AF150007E
:10818000502171221E23CDF810B000F001F998F8AB
:1081900020004FF6FF74002818BF4FF4FC6401283C
:1081A0004FF6FF7518BF1F3D02284FF000004FF03B
:1081B0008C014FF029024FF0130318BF6FF4FC66D7
:1081C000009400F095F9AFB22B208C2129221323C3
:1081D000009700F08DF9B6B256208C212922132386
:1081E000009600F085F9D8F814004FF07C51F7F7AD
:1081F000BAFFF8F7C6F80DAD02462BA1284600F0ED
:10820000DBFCD9E900019222CDE9021440F25824A6
:10821000C2F20004CDE9005004F140000321242300
:10822000CDF810B000F0B4F8D8F818004FF07C5139
:10823000F7F799FFF8F7A5F802461DA1284600F0C8
:10824000BBFCD9E900019222CDE90050CDE902172B
:1082500004F150002E212423CDF810B000F098F83E
:10826000D8F81C004FF07C51F7F77DFFF8F789F83C
:10827000024611A1284600F09FFCD9E90001922294
:10828000CDE90050CDE9021604F160005921242304
:10829000CDF810B000F07CF811B0BDE8F08F00BF51
:1082A000434825640000000050312530336C6400E1
:1082B00050322530336C640050332530336C640009
:1082C000FEE700002DE9F04F85B00F460490DDE990
:1082D0001250DDE90E6192464FEA1124F0B1E6B288
:1082E000384651461A4633460095FCF7B1FE129DBA
:1082F000DDE910010E9C0F9BCDE900013846514687
:1083000022460295FCF7ACFF049821461F22F7F79E
:1083100009FF0021C17705B0BDE8F08F049D31460B
:1083200028469946F7F711FF0028F4D03046F7F7B2
:1083300005FF83462846F7F701FF5FFA80F85FFAEA
:108340008BF0129D80454B46C9D1B8F1000FCFD0BC
:108350000F98DDF810B0C6B2E0B20E9C4FF00009E5
:10836000039003E0B8F10108B144C1D01BF8010B40
:1083700014F8011B8842F5D007EB0900039B80B27B
:10838000514632460095FCF763FE129DEAE7000075
:108390002DE9F04F85B08A4605461298DDE90E4179
:1083A00090464FEA1126F8B10495F5B200245046E4
:1083B00041461A462B460094FCF74AFEDDE91001BF
:1083C0000E9D0F9B0024CDE90001504641462A46F0
:1083D0000294FCF745FF049829461F22F7F7A2FEF6
:1083E000C47705B0BDE8F08F284621469946F7F7D7
:1083F000ACFE0028F5D02046F7F7A0FE83462846BD
:10840000F7F79CFEC4B25FFA8BF084424B46CBD1A7
:10841000002C0495D2D00F98DDF83890DDF810B01C
:10842000C5B2F0B200260027039002E0013C2E44C2
:10843000C4D01BF8010B19F8011B8842F6D00AEBD7
:108440000600039B80B241462A460097FCF700FED7
:10845000ECE700002DE9F04F81B0054610440138EB
:10846000A84201DD9F2903D901B0BDE8F08F00BF0C
:10847000481C40F600461C464FEA132BC4F2010686
:10848000A2F101094FF6807A5FFA81F8C7B204E0E1
:10849000B9F1010905F10105E6D015EA0A0FF7D196
:1084A00030464FF480610022FAF7A6F8691CE8B262
:1084B000CAB241463B46FCF769FE30460121012223
:1084C0008DF802B08DF80340FAF796F840F67C700C
:1084D000C2F200000DF1020102224FF0FF33FBF760
:1084E0007DFA30464FF480610122FAF785F8CFE734
:1084F0002DE9F041069D1E4690461A462B460F4632
:10850000044600F019F804EB0800013880B239463F
:1085100032462B4600F010F82046394642462B469C
:10852000FFF798FFB819013881B2204642462B4622
:10853000BDE8F041FFF78EBF2DE9F04F81B00D4649
:1085400011440139A94201DD7F2803D901B0BDE8FA
:10855000F08F00BF411C40F6004698464FEA132BAF
:10856000C4F20106A2F10109C7B2CCB20DF1020AB0
:1085700005E000BFB9F1010905F10105E6D0A8B297
:108580009F28F7D830464FF480610022FAF734F87C
:10859000681CE9B2C3B238462246FCF7F7FD304604
:1085A000012101228DF802B08DF80380FAF724F83A
:1085B00040F67C70C2F20000514602224FF0FF33B9
:1085C000FBF70CFA30464FF480610122FAF714F8F9
:1085D000D0E70000F0B583B0FAF714F840F2E816DF
:1085E000C2F20006716A401AB0F5FA6F40F28D804F
:1085F000FAF708F8706202200090012040F2383447
:1086000001900720C2F20004029069462046F8F764
:10861000E3FE2046F9F79AFA20460A21F9F7A8F96D
:108620002046F8F7F9FF05462046F9F70BFCA8B2FB
:108630007580F7F7A1FE43F23334C4F253042146A8
:10864000F7F7E9FD4FF20001C4F27F51F7F715FE8D
:108650004DF20A71C3F623410546F7F75AFE48F674
:108660005C7100281CBF4DF20A75C3F62345C4F2A5
:1086700052012846F7F769FE44F20006C4F21C6670
:1086800000281CBF48F65C75C4F2520528463146E6
:10869000F7F7C1FD074620462946F7F7B6FD014624
:1086A0003846F7F7EAFD3146F7F7E7FD00210446C3
:1086B000F7F74BFE60B340F25805C2F20005E868D8
:1086C0004FF07C51F7F7A7FD43F23431C4F2D311D8
:1086D000F7F749FD0021C4F220210446E860F7F7CE
:1086E00026FE48B90021C4F218212046F7F71FFEE4
:1086F00058B9002201E000BF012241F20000C4F29B
:1087000001004FF40041F9F777FF03B0F0BD00BF5F
:10871000204600F0BDFCCEE798B0F9F787FF0027B0
:108720004FF480300121CDE9010708904FF4E010AB
:10873000CDE90577CDE903770091049102210990F5
:108740006846159707910224FAF7B2FE0F200AA98E
:1087500091C14FF48060CDE90D070AA80221FAF714
:10876000B5FD122014904FF40040CDE9160714A86F
:10877000FAF72AFD41F2180BCDE90277CDE900772F
:10878000C4F2020BDBF8000040F6004440F0100099
:10879000CBF80000DBF80000C4F2010400F0100088
:1087A0000A900A98DBF8000004F5806640F020008B
:1087B000CBF80000DBF800004FF4404100F020004F
:1087C0000A900A98DBF80000002240F00400CBF881
:1087D0000000DBF800004FF4404800F004000A906D
:1087E0000A98DBF8000040F00800CBF80000DBF846
:1087F000000000F008000A900A983046F9F7FCFEE5
:10880000204641F60341002241F6034AF9F7F4FEFF
:10881000A4F5806528464FF480610022F9F7ECFE4C
:108820004FF400506C46CDE90007304621460297D0
:10883000F9F7D2FDCDF800804FF001094FF00208A2
:1088400030462146CDE90197CDF80C80F9F7C4FDFB
:10885000CDE900A940F6004AC4F2010A504621467B
:10886000CDE90278F9F7B8FD4FF48060CDE9000951
:10887000284621460126CDE90278F9F7ADFD4FF4EF
:108880007470CDE90007504621460296F9F7A4FD21
:108890005BF8040C002140F001004BF8040C5BF87D
:1088A000040C002200F00100009000980B20F9F762
:1088B00029FF0B20F9F714FF0D2000210022F9F702
:1088C00021FF0D20F9F70CFF40F67C700AF51051DE
:1088D000C2F200004FF482724FF40073082680E861
:1088E00086000A21C0E90377C0E90573C661C0E9C3
:1088F0000877C0E90A71FAF7DBFF40F2E8150AF5DC
:10890000C050C2F2000545F8400F4FF480700126B8
:108910004FF46029C5E901704FF0040B28462E730F
:108920002F75C5F81C90C5F810B0F8F7F9FECDE921
:10893000007606206E460290284631460124F8F75C
:108940004BFD4FF00208284631460094CDF80480D4
:10895000F8F742FD0320CDE9000028463146F8F73C
:108960003BFD28463146CDE900BBF8F735FD40F226
:1089700038360AF5E050C2F20006C6E900070124C5
:10898000304637733775C6F81C90B7603461F8F716
:10899000C7FE0720029069463046CDF800804FF0B0
:1089A000020801944FF00109F8F716FD40F6D4755E
:1089B0000AF50050C2F200054FF0600B4FF47A71D7
:1089C000C5E9000828461797CDE915771397CDF824
:1089D00048B006974FF00208C5E90271C5E904776F
:1089E000AF61FBF7CBF94FF48050149014A92846DF
:1089F000FBF76EFA2846FBF76FFE12A92846FBF735
:108A000051F90AAC284621460022CDE90AB7CDE942
:108A10000C77CDE90E771097FBF75EFD08200D90DF
:108A2000284621460422CDF83080FBF755FD702002
:108A30000A90284621460822CDE90C77FBF74CFD29
:108A40003220CDE903074FF40050059069462846CF
:108A5000CDE9007702970797FBF7FEF82846FBF76A
:108A6000C9FC4FF0804046F8300F4FF6FF70C6E962
:108A7000030703208DE8810269463046CDE90A7775
:108A8000C6E90177B761CDE90377CDE90579CDE98D
:108A90000777FBF7E7FA0AA93046FBF703F920202E
:108AA00041F214061490AAF58430C2F20006306038
:108AB0004FF47A70F06080204FF00A09B0613046C0
:108AC0000D97CDE90B771597CDE90577CDE90377BC
:108AD000C6E901974FF47A783761FBF74FF94FF405
:108AE00080500A900AA93046FBF7F2F93046FBF7AE
:108AF000F3FD14A93046FBF7D5F802200290694631
:108B000030460422CDE900B70497FBF7E5FC304678
:108B1000FBF770FCFBF78CFF702041F254040A90C5
:108B2000AAF58230C2F20004C4E9000920460B977E
:108B3000CDE90577CDE90377C4E902782761A7611C
:108B4000FBF7CAFD0AA92046FBF7ACF869462046A8
:108B50000C22CDE900B702970497FBF7BDFCF8F7AC
:108B600005FA28460021FBF73FFE28460021FBF7C7
:108B7000BBF828460421FBF737FE28460421FBF703
:108B8000B3F830460421FBF72FFE0024C4F216444C
:108B900007E000BF0020FCF755FCF7F723FFFFF7C5
:108BA00019FDFCF7EFFE0028F4D00120FCF74AFC89
:108BB0002046FCF781FCF0E70FB4084B10B504A980
:108BC00002AA039800F02EF8044602A9002000F043
:108BD0005AFA204610BC5DF814FB0000879000088C
:108BE00000214FF07E50F7F748BB0121F7F75EBC3C
:108BF00000210846F7F741BB02E008C8121F08C170
:108C0000002AFAD170477047002001E001C1121F0D
:108C1000002AFBD17047000001490860704700003E
:108C2000000000202DE9FF4F8DB00F4605460026BD
:108C300006E025280BD0DDE90F1290476D1C761C4D
:108C400028780028F5D111B03046BDE8F08F002417
:108C5000A246A1460122EC4900E0044315F8013F79
:108C6000203B02FA03F00842F7D128782A2810D0D6
:108C70006FF02F022878A0F13001092914D80AEBEF
:108C80008A0102EB410144F0020400EB010A6D1C71
:108C9000F0E701CF5FEA000A03D544F40054CAF1BB
:108CA000000A44F002046D1C28782E2817D115F80C
:108CB000010F44F004042A280ED06FF02F02287808
:108CC000A0F1300109290AD809EB890102EB410121
:108CD00000EB01096D1CF2E757F8049B6D1C287826
:108CE0006C280FD006DC4C2817D068280DD06A28D5
:108CF00014D104E0742810D07A280FD10DE044F488
:108D000000140AE044F4801401E044F4401469784B
:108D1000814202D104F580146D1C6D1C2A786E2AE4
:108D20001FD00CDC632A31D004DC002A8BD0582AF7
:108D300011D1A3E0642A68D0692A0CD165E0732AB6
:108D40002ED004DC6F2A73D0702A04D19BE0752AE0
:108D50006FD0782A6ED01046DDE90F129047761C4E
:108D600050E1C4F30250022806D0032809D0042899
:108D700001CF09D0066045E101CFF117C0E90061DC
:108D800040E101CF06803DE106703BE117F8040B9E
:108D90008DF8000000208DF80100EB46012003E073
:108DA00057F804BB4FF0FF3061074FF0000102D4C9
:108DB0000DE008F10101884649450FDA8045F8DBEE
:108DC0001BF808100029F4D108E008F101018846D9
:108DD0008142FADB1BF808100029F6D1DDE90F23E8
:108DE000AAEB08008146214600F036F9304400EB3A
:108DF000080604E0DDE90F121BF8010B9047B8F1FB
:108E00000108F7D221464846F7E00A21C4F302538D
:108E10004FF0000B0891022B04D001CFC117032B98
:108E200009D00AE0FF1D27F00707F7E8020108E074
:108E300032E01FE020E000B2C117042B01D140B2A4
:108E4000C117031E71F1000307DA4FF0000CD0EBDD
:108E50000C006CEB01012D2302E0230504D52B232C
:108E60008DF82430012303E0E30701D02023F7E746
:108E7000984658E00A2110E010210EE010204FF033
:108E8000000B08900CE010214FF0000B44F004049C
:108E90004FF00809089103E008214FF0000B0891FA
:108EA000C4F30253022B04D001CF0021032B06D0C0
:108EB00006E0FF1D27F00707F7E8020103E080B294
:108EC000042B00D1C0B24FF0000823072BD5702A25
:108ED00007D0DDF820C08CF0100C5CEA0B0C05D03C
:108EE0000EE040238DF82430012308E050EA01030E
:108EF00006D030238DF824308DF8252002239846A3
:108F0000DDF820C08CF0080C5CEA0B0C0BD150EAA9
:108F1000010301D1630706D530238DF824304FF0CB
:108F20000108A9F10109582A04D038A20B9208AA15
:108F30000A920BE03AA2F9E75B46089AF7F74EFA75
:108F40000B9B9B5C0A9A521E0A92137050EA010214
:108F5000F2D10A98ADEB000000F1200B600702D5BA
:108F600024F4803401E04FF00109D94502DDA9EB7A
:108F70000B0000E0002000EB0B0141440890AAEB3D
:108F8000010AE00306D4DDE90F232146504600F034
:108F900063F806444FF0000908E009A911F8090038
:108FA000DDE90F12904709F10109761CC145F4DB98
:108FB000E0030CD5DDE90F232146504600F04CF8C4
:108FC000064404E0DDE90F1230209047761C089932
:108FD000481E08900029F5DC08E00A980A990078F4
:108FE000491C0A91DDE90F129047761CBBF1000184
:108FF000ABF1010BF1DC21465046DDE90F2300F017
:1090000019F806446D1C1BE6092801003031323383
:1090100034353637383961626364656600000000B4
:10902000303132333435363738394142434445469E
:10903000000000002DE9F041044600251E461746B9
:10904000880404D405E039462020B0476D1C641E16
:10905000F9D52846BDE8F0812DE9F0410446002508
:109060001E469046C80301D5302700E0202788041B
:1090700004D505E041463846B0476D1C641EF9D55D
:109080002846BDE8F0810A68531C0B6010707047D9
:109090002DE9F0410026A0F50001B1F1FE4F7DD28F
:1090A00000F500226FF07E0101EBE251C2F30254A1
:1090B00077184FF07E52A0EBC15602EB045557EAE9
:1090C000040047D029463046F7F74DF88046294638
:1090D0003046F7F79AF84146F7F7CFF805460146CC
:1090E000F7F799F880464549F7F795F84449F7F7B7
:1090F0003AF8064641462846F7F78DF83146F7F725
:109100008AF806463846F7F72EF907463D49F7F73D
:1091100082F83D49794451F82410F7F724F8314694
:10912000F7F721F8064601212846F7F7BFF931463F
:10913000F7F719F8054638463449F7F76CF834491B
:10914000794451F82410F7F70EF82946BDE8F041AC
:10915000F7F709B84FF07E513046F7F756F8054655
:109160002C49F7F758F82C49F6F7FDFF2946F7F791
:1091700052F82A49F6F7F7FF2946F7F74CF86FF04F
:109180008241F6F7F0FF044629460846F7F743F810
:109190002146F7F740F80146284600E003E0BDE825
:1091A000F041F6F7E0BF4FF07F42B2EB400F03D241
:1091B000BDE8F041FFF719BDB0F1FF4F08BFBDE8B2
:1091C000F081B0F1004F06D90120FFF725FDBDE881
:1091D000F041FFF70DBD30F0004105D06FF01606ED
:1091E0001721F7F763F95BE70220FFF715FDFFF79B
:1091F000F7FC80F00040BDE8F081000066F1CC3E55
:10920000AAAA2A3FF4FD0538280100000070313F6A
:10921000DC00000021ED423E0A1180BEC1ABAA3E37
:10922000000000000030F13D0070643E0000A33EED
:109230000090CF3E0090F83E00400F3F00E0203FFE
:109240000000000015B78337CDE37B380EE1C53849
:1092500060F69138AF5F0F38E1BC3E3823F44739F0
:1092600001020000000000000000010203040607E4
:1092700008090000000001020304000000000000D3
:1092800000000000000000000000000000000000DE
:1092900000000000000000000000000000000000CE
:1092A000000C000C000C000C000C000C000C000C5E
:1092B000000C000C000C0000000C000C0000000072
:1092C00000000000001B001B001B001B001B000017
:1092D000000000000000000000000000000000008E
:1092E000000000000000000080198019801980191A
:1092F000C07FC07F80190033C07FC07F0033003340
:10930000003300330000000000000000001E003F9A
:10931000807580650074003C001E00078005806534
:1093200080658075003F001E0004000400000000FE
:10933000007000D840D8C0D880D900730006000C57
:10934000801BC036C066C046C00680030000000017
:1093500000000000001E003F003300330033001EF9
:10936000000CC03CC066806380618063C03E801C8E
:109370000000000000000000000C000C000C000CBD
:10938000000C0000000000000000000000000000D1
:109390000000000000000000000080000001000349
:1093A000000600060004000C000C000C000C000C71
:1093B000000C0004000600060003000180000020ED
:1093C00000100018000C000C000400060006000647
:1093D0000006000600060004000C000C0018001037
:1093E00000200000000C002D003F001E0033000094
:1093F000000000000000000000000000000000006D
:10940000000000000000000000000000000C000C44
:10941000000C000CC0FFC0FF000C000C000C000C86
:10942000000000000000000000000000000000003C
:10943000000000000000000000000000000000002C
:1094400000000000000C000C0004000400080000F4
:10945000000000000000000000000000000000000C
:10946000001E001E000000000000000000000000C0
:1094700000000000000000000000000000000000EC
:10948000000000000000000000000000000C000CC4
:1094900000000000000000000003000300030006BD
:1094A000000600060006000C000C000C000C001862
:1094B000001800180000000000000000001E003F1F
:1094C0000033806180618061806D806D806180612A
:1094D00080610033003F001E00000000000000001B
:1094E0000006000E001E00360026000600060006DC
:1094F0000006000600060006000600060000000048
:1095000000000000001E003F8073806180618001C8
:1095100000030006000C001800300060807F807F90
:109520000000000000000000001C003E006300631B
:109530000003000E000E0003800180018061807333
:10954000003F001E00000000000000000006000EAA
:10955000000E001E001E0016003600360066807FDA
:10956000807F0006000600060000000000000000EA
:10957000007F007F006000600060006E007F8063FD
:109580008001800180618073003F001E00000000A8
:1095900000000000001E003F803380610060006E0C
:1095A000007F80738061806180618033003F001E96
:1095B0000000000000000000807F807F8001000329
:1095C000000300060006000C000C000C0008001848
:1095D000001800180000000000000000001E003FFE
:1095E0008063806180610021001E003F8061806196
:1095F00080618061003F001E00000000000000004C
:10960000001E003F00738061806180618073803F35
:10961000801D800180610073003F001E000000007B
:10962000000000000000000000000000000C000C22
:10963000000000000000000000000000000C000C12
:10964000000000000000000000000000000000001A
:109650000000000C000C00000000000000000000F2
:10966000000C000C000400040008000000000000D2
:10967000000080008003000E003800600038000EFB
:1096800080038000000000000000000000000000D7
:109690000000000000000000807F807F00000000CC
:1096A000807F807F000000000000000000000000BC
:1096B0000000000000000000000000400070001CDE
:1096C000000780010007001C00700040000000003F
:1096D0000000000000000000001F803FC071C0605B
:1096E000C000C00180030007000E000C000C000049
:1096F000000C000C0000000000000000001E003FF5
:10970000803180718063806F806D806D806F806735
:1097100000600032003E001C00000000000000005D
:10972000000E000E001B001B001B001B803180314F
:10973000803F803F8031C060C060C060000000009A
:1097400000000000007C007E006300630063006393
:10975000007E007E0063806180618063007F007E08
:109760000000000000000000001E003F803180610A
:109770000060006000600060006000608061803117
:10978000003F001E0000000000000000007C007F81
:10979000006380638061806180618061806180613D
:1097A00000630063007E007C0000000000000000F9
:1097B000807F807F0060006000600060007F007F2D
:1097C0000060006000600060807F807F000000001B
:1097D00000000000807F807F00600060006000600B
:1097E000007F007F0060006000600060006000603B
:1097F0000000000000000000001E003F803180617A
:1098000000600060006080638063806180618031FF
:10981000803F001E000000000000000080618061A9
:109820008061806180618061807F807F80618061F4
:1098300080618061806180610000000000000000A4
:10984000003F003F000C000C000C000C000C000C52
:10985000000C000C000C000C003F003F000000005A
:1098600000000000800180018001800180018001F2
:10987000800180018001806180618073003F001E53
:109880000000000000000000C0608061006300660E
:109890000066006C0078007C0066006600638061F2
:1098A0008061C060000000000000000000600060F7
:1098B00000600060006000600060006000600060A8
:1098C00000600060807F807F0000000000000000DA
:1098D000C071C071C07BC07AC06AC06AC06EC0640B
:1098E000C060C060C060C060C060C06000000000B8
:1098F0000000000080718071807980798079806DAE
:10990000806D806D8065806780678067806380631D
:109910000000000000000000001E003F00338061D6
:1099200080618061806180618061806180610033DD
:10993000003F001E0000000000000000007E007FCD
:1099400080638061806180618063007F007E006051
:109950000060006000600060000000000000000087
:10996000001E003F00338061806180618061806102
:109970008061806580670033803F401E00000000EA
:1099800000000000007E007F806380618061806352
:10999000007F007E00660063006380618061C060BC
:1099A0000000000000000000000E001F8031803128
:1099B00000300038001E0007800380618061803124
:1099C000003F001E0000000000000000C0FFC0FFBC
:1099D000000C000C000C000C000C000C000C000C27
:1099E000000C000C000C000C000000000000000047
:1099F000806180618061806180618061806180615F
:109A00008061806180618073003F001E0000000063
:109A100000000000C060C060C060803180318031D3
:109A2000001B001B001B001B000E000E000E00049C
:109A30000000000000000000C0C0C0C0C0C0C0C026
:109A4000C0C0C0CC804C804C805E805280528073FD
:109A5000806180610000000000000000C0C08060E4
:109A600080610033003B001E000C000C001E001F34
:109A7000003B80718061C0C0000000000000000059
:109A8000C0C08061806100330033001E001E000CE6
:109A9000000C000C000C000C000C000C000000007E
:109AA00000000000803F803F8001000300030006AB
:109AB000000C000C0018001800300060807F807FD0
:109AC000000000000000000F000F000C000C000C54
:109AD000000C000C000C000C000C000C000C000C26
:109AE000000C000C000C000F000F00000018001804
:109AF0000018000C000C000C000C0006000600060C
:109B00000006000300030003000000000000001E28
:109B1000001E0006000600060006000600060006FD
:109B20000006000600060006000600060006001EED
:109B3000001E0000000C000C001E00120033003359
:109B40008061806100000000000000000000000053
:109B50000000000000000000000000000000000005
:109B600000000000000000000000000000000000F5
:109B7000000000000000E0FF0000000000380018B6
:109B8000000C0000000000000000000000000000C9
:109B900000000000000000000000000000000000C5
:109BA0000000000000000000001F803F8061800175
:109BB000801F803F80618063807FC038000000008C
:109BC000000000000060006000600060006E007F28
:109BD000807380618061806180618073007F006E2E
:109BE0000000000000000000000000000000000075
:109BF000001E003F807380610060006080618073A0
:109C0000003F001E000000000000000080018001F5
:109C100080018001801D803F807380618061806150
:109C200080618073803F801D000000000000000004
:109C30000000000000000000001E003F0073806173
:109C4000807F807F00608071003F001E0000000068
:109C500000000000C007C00F000C000C807F807F58
:109C6000000C000C000C000C000C000C000C000C94
:109C70000000000000000000000000000000801D47
:109C8000803F807380618061806180618073803FEC
:109C9000801D80018063007F003E00000060006046
:109CA00000600060006F807F8071806180618061F2
:109CB0008061806180618061000000000000000020
:109CC0000006000600000000003E003E0006000600
:109CD0000006000600060006000600060000000060
:109CE00000000006000600000000003E003E0006E6
:109CF0000006000600060006000600060006000634
:109D00000046007E003C00000060006000600060D3
:109D1000806100630066006C007C00760063006375
:109D20008061C0600000000000000000003E003EB6
:109D300000060006000600060006000600060006F3
:109D400000060006000600060000000000000000FB
:109D5000000000000000000080DDC0FFC0CEC0CCCD
:109D6000C0CCC0CCC0CCC0CCC0CCC0CC00000000AB
:109D7000000000000000000000000000006F807F75
:109D800080718061806180618061806180618061BB
:109D900000000000000000000000000000000000C3
:109DA000001E003F807380618061806180618073EC
:109DB000003F001E00000000000000000000000046
:109DC0000000006E007F807380618061806180612F
:109DD0008073007F006E0060006000600060000023
:109DE000000000000000801D803F80738061806162
:109DF000806180618073803F801D800180018001CF
:109E00008001000000000000000000000067803FAB
:109E100000390030003000300030003000300030B9
:109E20000000000000000000000000000000000032
:109E3000001E803F80610060007F803F8001806164
:109E4000007F001E0000000000000000000000086D
:109E500000180018007F007F001800180018001874
:109E600000180018801F800F000000000000000094
:109E7000000000000000000080618061806180615E
:109E80008061806180618063807F803D0000000090
:109E9000000000000000000000000000C0608031F1
:109EA00080318031001B001B001B000E000E0006DD
:109EB00000000000000000000000000000000000A2
:109EC00080DD80DD80DD005500550055007700778E
:109ED000002200220000000000000000000000003E
:109EE00000000000806100330033001E000C000CF5
:109EF000001E0033003380610000000000000000FD
:109F00000000000000008061806180310033003378
:109F1000001B001B001B000E000E000E001C007C2E
:109F2000007000000000000000000000C07FC07F43
:109F3000800100030006000C00180030C07FC07FC5
:109F400000000000000080038007000600060006F5
:109F500000060006000E001C001C000E0006000695
:109F600000060006000680078003000600060006C3
:109F700000060006000600060006000600060006B1
:109F8000000600060006000600060006000600386F
:109F9000003C000C000C000C000C000C000E000734
:109FA0000007000E000C000C000C000C000C003C24
:109FB0000038000000000000000000000000000069
:109FC0008038807F00470000000000000000000093
:109FD0000000000000000000000000000000000081
:109FE0000000000000000000000000000000000071
:109FF0000000000000000000000000000000000061
:10A0000000000000000000000000E003E003E003A7
:10A01000E003E003E003E003E003C003C003C0018A
:10A02000C001C001C001C001000000000000E00349
:10A03000E003E003000000000000000000003C1E00
:10A040003C1E3C1E3C1E3C1E3C1E3C1E00000000F4
:10A050000000000000000000000000000000000000
:10A0600000000000000000000000000000000000F0
:10A070000000CE01CE03DE039E039C039C07FF3F3E
:10A08000FF7F3807380F780F780F780EFFFFFFFF3C
:10A09000F01EF01CE01CE03CE03DE0390000000058
:10A0A000000000000000FC03FE0FEE1FE01EE01E9B
:10A0B000E01EE01EE01FE00FE007F003FC01FE01E0
:10A0C000FE01FE01FE01FE01FE01FE3DFC3FF00F20
:10A0D000E001E001000000000000033E07F78FE709
:10A0E0008EE79EE3BCE3B8E7F8E7F0F7E03FC00196
:10A0F000FF03FF07F307F30FF31EF33CF338F37886
:10A100007FF03FE000000000000000000000E007DA
:10A11000F80F780F781F781F781F780FF00FE00F77
:10A12000801FC37FC3FBE7F3F7F1F7F0FFF07FF089
:10A130003EF87F7CFF3FEF1F0000000000000000A2
:10A140000000E003E003E003E003E003C003C0011C
:10A1500000000000000000000000000000000000FF
:10A1600000000000000000000000000000000000EF
:10A170000000000000003F007C00F001E001C0038F
:10A18000C00780078007800F000F000F000F000F2F
:10A19000000F000F800F80078007C007C003E00199
:10A1A000F0017C003F000F000000007E001FC00790
:10A1B000C003E001F001F000F000F8007800780042
:10A1C0007800780078007800F800F000F000F001E6
:10A1D000E001C003C007001F007E00780000E0031C
:10A1E000C003C001CE39FF3F7F3F20037003F80753
:10A1F000780F3C1F3806000000000000000000003F
:10A20000000000000000000000000000000000004E
:10A210000000000000000000000000000000C0017D
:10A22000C001C001C001C001C001C001FFFFFFFFAC
:10A23000C001C001C001C001C001C0010000000098
:10A24000000000000000000000000000000000000E
:10A2500000000000000000000000000000000000FE
:10A260000000000000000000E003E003E003E00362
:10A27000E001E001E001C0018003000000000000F7
:10A2800000000000000000000000000000000000CE
:10A29000FE3FFE3F00000000000000000000000044
:10A2A00000000000000000000000000000000000AE
:10A2B000000000000000000000000000000000009E
:10A2C000000000000000000000000000000000008E
:10A2D000E003E003E003E0030000000000000000F2
:10A2E00000000F000F001E001E003C003C00780024
:10A2F0007800F000F000E001E001C003C003800737
:10A300008007000F000F001E001E003C003C00787C
:10A31000007800F00000F007F80F7C1F3E3E1E3C66
:10A320001F7C1F7C0F780F780F780F780F780F78CD
:10A330000F781F7C1F7C1E3C3E3E7C1FF80FF007F1
:10A3400000000000000000000000F000F007F03FF7
:10A35000F03FF001F001F001F001F001F001F00137
:10A36000F001F001F001F001F001F001F001F00165
:10A37000FF3FFF3F00000000000000000000E00F72
:10A38000F83F7C3C3C003E003E003E003C003C0070
:10A390007C00F800F001E003C0078007000F001EFA
:10A3A000003E003CFE3FFE3F0000000000000000B9
:10A3B0000000F00FF81F7C1C3E003E003E003C00F9
:10A3C0003C00F800F00FF80F7C003E001E001E005D
:10A3D0001E001E003E007C1CF81FE01F0000000055
:10A3E0000000000000007800F800F800F801F80311
:10A3F000F807F807780F781E781E783C7878787818
:10A40000FFFFFFFF78007800780078007800780080
:10A4100000000000000000000000FC1FFC1FFC1FEB
:10A42000001E001E001E001E001EE01FF81FFC0084
:10A430007C003E003E001E003E003E003C007C1CB6
:10A44000F81FE01F00000000000000000000FC01F9
:10A45000FE078E0F001F001E003E003C003CF83D32
:10A46000FC3F3E7F1F7E0F3C0F3C0F3C0F3C0F3EDE
:10A470001F1E3E1FFC0FF003000000000000000044
:10A480000000FF3FFF3FFF3F0F001E001E003C008B
:10A4900038007800F000F000E001E001C003C003E4
:10A4A0008007800F800F000F001F001F00000000BA
:10A4B000000000000000F807FC0F3E1F1E1E1E3E9D
:10A4C0001E3E1E1E3C1FF80FF007F80FFC1E3E3EFE
:10A4D0001F3C1F7C0F7C0F7C1F3C3E3FFC1FF00786
:10A4E00000000000000000000000F007F80F7C1ED4
:10A4F0003E3C1E3C1F7C1F7C1F7C1F7C1F3C3F3E44
:10A50000FF1FEF071F001E001E003E003C00F83832
:10A51000F03FE01F0000000000000000000000000D
:10A5200000000000000000000000E003E003E00382
:10A53000E003000000000000000000000000000038
:10A54000E003E003E003E00300000000000000007F
:10A550000000000000000000000000000000E00318
:10A56000E003E003E0030000000000000000000042
:10A5700000000000E003E003E003E003E001E0018D
:10A58000E001C003800300000000000000000000A4
:10A59000000003000F003F00FC00F003C00F003F6D
:10A5A00000FE003FC00FF003FC003F000F0003005F
:10A5B000000000000000000000000000000000009B
:10A5C0000000000000000000000000000000FFFF8D
:10A5D000FFFF000000000000FFFFFFFF0000000081
:10A5E000000000000000000000000000000000006B
:10A5F0000000000000000000000000E000F8007E05
:10A60000801FE007F8017E001F007E00F801E007D0
:10A61000801F007E00F800E0000000000000000045
:10A620000000F01FFC3F3E381F381F381E001E0080
:10A630003C007800F000E001C003C003C007C00781
:10A64000000000000000C007C007C00700000000B5
:10A65000000000000000F803FE0F1E1F0F3E7F3CAD
:10A66000FF78EF79C773C7F38FF38FF38FF39FF3FF
:10A670009FF3FF73FF7BF779003C1C1FFC0FF8036F
:10A6800000000000000000000000000000000000CA
:10A69000E003E003F007F007F007780F780F7C0E77
:10A6A0003C1E3C1E3E3CFE3FFF3F1F780F780FF0E4
:10A6B00007F007F0000000000000000000000000AC
:10A6C00000000000F83FFC3F3E3C1E3C1E3C1E3C90
:10A6D0003E3C7C3CF03FF83F7E3C1F3C1F3C0F3C27
:10A6E0000F3C1F3CFE3FF83F000000000000000050
:10A6F0000000000000000000FF01FF07871F003E70
:10A70000003C007C00780078007800780078007CBD
:10A71000007C003E003F831FFF07FF010000000098
:10A72000000000000000000000000000F07FFC7F3F
:10A730007E781F781F780F780F780F780F780F7852
:10A740000F780F780F781F781E787E78F87FE07F7B
:10A7500000000000000000000000000000000000F9
:10A76000FF3FFF3F003E003E003E003E003E003EF9
:10A77000FE3FFE3F003E003E003E003E003E003EEB
:10A78000FF3FFF3F0000000000000000000000004D
:10A7900000000000FF1FFF1F001E001E001E001E05
:10A7A000001E001EFF1FFF1F001E001E001E001EB9
:10A7B000001E001E001E001E000000000000000021
:10A7C0000000000000000000FE03FF0F871F003E96
:10A7D000007C007C007800F800F87FF87FF80F78A4
:10A7E0000F7C0F7C0F3E8F1FFF0FFE030000000049
:10A7F0000000000000000000000000001F7C1F7C23
:10A800001F7C1F7C1F7C1F7C1F7C1F7CFF7FFF7FAA
:10A810001F7C1F7C1F7C1F7C1F7C1F7C1F7C1F7C60
:10A820000000000000000000000000000000000028
:10A83000FF3FFF3FE003E003E003E003E003E0034A
:10A84000E003E003E003E003E003E003E003E003F0
:10A85000FF3FFF3F0000000000000000000000007C
:10A8600000000000FC1FFC1F7C007C007C007C00C2
:10A870007C007C007C007C007C007C007C007800FC
:10A880007800F838F03FC03F0000000000000000F2
:10A8900000000000000000001F3C1E3C3C3C783CD7
:10A8A000F03CE03DE03FC03F803FC03FE03FF03D37
:10A8B000F03C783C7C3C3E3C1F3C0F3C00000000E0
:10A8C000000000000000000000000000003E003E0C
:10A8D000003E003E003E003E003E003E003E003E88
:10A8E000003E003E003E003E003E003EFF3FFF3F78
:10A8F0000000000000000000000000000000000058
:10A900001FF81FFC1FFC3FFE3FFE3FFE7FFF77FF4F
:10A9100077FFF7F7E7F7E7F3E7F3C7F307F007F099
:10A9200007F007F000000000000000000000000039
:10A93000000000000F7C0F7C0F7E0F7F0F7F8F7F4A
:10A940008F7FCF7FEF7BEF79FF79FF78FF787F787C
:10A950003F783F781F781F7800000000000000005B
:10A960000000000000000000F007FC1F3E3E1F7CBE
:10A970000F780F780FF80FF80FF80FF80FF80FF89F
:10A980000F780F781F7C3E3EFC1FF0070000000090
:10A99000000000000000000000000000FC3FFF3F3E
:10A9A0001F3E0F3E0F3E0F3E0F3E1F3E3F3EFC3F01
:10A9B000F03F003E003E003E003E003E003E003EB6
:10A9C0000000000000000000000000000000000087
:10A9D000F007FC1F3E3E1F7C0F780F780FF80FF832
:10A9E0000FF80FF80FF80FF80F780F781F7C3E3E26
:10A9F000FC1FF8077C003F000F0003000000000070
:10AA000000000000F03FFC3F7E3C3E3C1E3C1E3CF4
:10AA10003E3C3C3CFC3CF03FE03FF03DF83C7C3CA5
:10AA20003E3C1E3C1F3C0F3C0000000000000000AC
:10AA30000000000000000000FC07FE1F0E3E003C6E
:10AA4000003C003C003EC01FF80FFE037F001F00CB
:10AA50000F000F001F203E3CFC3FF01F00000000D5
:10AA6000000000000000000000000000FFFFFFFFEA
:10AA7000E003E003E003E003E003E003E003E003BE
:10AA8000E003E003E003E003E003E003E003E003AE
:10AA900000000000000000000000000000000000B6
:10AAA0000F7C0F7C0F7C0F7C0F7C0F7C0F7C0F7C4E
:10AAB0000F7C0F7C0F7C0F7C0F7C1E3C1E3C3E3EAF
:10AAC000FC1FF00700000000000000000000000074
:10AAD0000000000007F007F007F80F780F7C1E3C1D
:10AAE0001E3C1E3E3C1E3C1F781F780FF80FF007DF
:10AAF000F007F007E003E0030000000000000000A2
:10AB0000000000000000000003E003F003F007F085
:10AB1000E7F3E7F3E7F3E773F77BF77FFF7F7F7FE9
:10AB20007F7F7E7F7E3F3E3E3E3E3E3E00000000F9
:10AB300000000000000000000000000007F80F7C8B
:10AB40001E3E3E3E3C1FF80FF007E007E003E00327
:10AB5000F007F80F7C0F7C1E3E3C1F780F780FF03B
:10AB600000000000000000000000000000000000E5
:10AB700007F807780F7C1E3C1E3E3C1F780FF80F2D
:10AB8000F007E003E003E003E003E003E003E00399
:10AB9000E003E003000000000000000000000000EF
:10ABA00000000000FF7FFF7F0F001F003E007C00C1
:10ABB000F800F000E001E003C007800F000F001E66
:10ABC000003E007CFF7FFF7F0000000000000000CF
:10ABD0000000FF0780078007800780078007800745
:10ABE000800780078007800780078007800780072D
:10ABF000800780078007800780078007800780071D
:10AC0000FF07FF07000000780078003C003C001EB2
:10AC1000001E000F000F80078007C003C003E00183
:10AC2000E001F000F000780078003C003C001E00DD
:10AC30001E000F000F0007000000F07FF000F00082
:10AC4000F000F000F000F000F000F000F000F00084
:10AC5000F000F000F000F000F000F000F000F00074
:10AC6000F000F000F000F000F07FF07F0000C00086
:10AC7000C001C001E003E003F007F0077807780F98
:10AC8000380F3C1E3C1E1E3C1E3C0F380F780778C8
:10AC900000000000000000000000000000000000B4
:10ACA00000000000000000000000000000000000A4
:10ACB0000000000000000000000000000000000094
:10ACC000000000000000000000000000FFFFFFFF88
:10ACD000000000000000F000000000000000000084
:10ACE0000000000000000000000000000000000064
:10ACF0000000000000000000000000000000000054
:10AD00000000000000000000000000000000000043
:10AD1000000000000000F80FFC3F7C3C3E003E00BD
:10AD20003E00FE07FE1F3E3E3E7C3E783E7C7E7C23
:10AD3000FF3FCF1F00000000000000000000003CAB
:10AD4000003C003C003C003C003CF83DFE3F3E3FE8
:10AD50001F3E0F3C0F3C0F3C0F3C0F3C0F3C1F3C79
:10AD60001E3C3E3FFC3FF03B0000000000000000A6
:10AD70000000000000000000000000000000FE03D2
:10AD8000FF0F871F003E003E003C007C007C007CE3
:10AD9000003C003E003E871FFF0FFE030000000046
:10ADA0000000000000001F001F001F001F001F0008
:10ADB0001F00FF07FF1F3F3E1F3C1F7C1F7C1F7CA7
:10ADC0001F781F781F7C1F7C3F3C7F3EFF1FDF0FDB
:10ADD0000000000000000000000000000000000073
:10ADE000000000000000F803FC0F3E1F1E3E1F3C49
:10ADF0001F7CFF7FFF7F007C007C003C003E071F24
:10AE0000FF0FFE0300000000000000000000FF0133
:10AE1000E103C003C007C007C007FF7FFF7FC00773
:10AE2000C007C007C007C007C007C007C007C007EA
:10AE3000C007C007C007C0070000000000000000F6
:10AE40000000000000000000000000000000EF070C
:10AE5000FF1F7F3E1F3C1F7C1F7C1F781F781F78C1
:10AE60001F7C1F7C3F3C7F3EFF1FDF0F1E001E002C
:10AE70001E007C38F83F003C003C003C003C003C9D
:10AE8000003CFC3DFE3F9E3F1F3F1F3E1F3C1F3CC2
:10AE90001F3C1F3C1F3C1F3C1F3C1F3C1F3C1F3CDA
:10AEA00000000000000000000000F001F0010000C0
:10AEB000000000000000E07FE07FE001E001E00131
:10AEC000E001E001E001E001E001E001E001E0017A
:10AED000E001E00100000000000000000000F800B8
:10AEE000F8000000000000000000F83FF83FF80004
:10AEF000F800F800F800F800F800F800F800F80092
:10AF0000F800F800F800F800F800F800F000F07120
:10AF1000E07F003C003C003C003C003C003C1F3C0F
:10AF20003E3C7C3CF83CF03DE03DC03FC03FE03F54
:10AF3000F03DF83C7C3C3E3C1F3C1F3C00000000C8
:10AF4000000000000000F07FF001F001F001F001CE
:10AF5000F001F001F001F001F001F001F001F00169
:10AF6000F001F001F001F001F001F001F001F00159
:10AF700000000000000000000000000000000000D1
:10AF80000000000000009EF7FFFFFFFFFFFFE7FB50
:10AF9000E7F9C7F1C7F1C7F1C7F1C7F1C7F1C7F1C9
:10AFA000C7F1C7F100000000000000000000000031
:10AFB00000000000000000000000FC3DFE3F9E3F3E
:10AFC0001F3F1F3E1F3C1F3C1F3C1F3C1F3C1F3CA4
:10AFD0001F3C1F3C1F3C1F3C000000000000000005
:10AFE0000000000000000000000000000000F0076A
:10AFF000FC1F3E3E1F3C1F7C0F780F780F780F78A8
:10B000000F781F7C1F3C3E3EFC1FF0070000000035
:10B010000000000000000000000000000000000030
:10B020000000F83DFE3F3E3F1F3E0F3C0F3C0F3CF3
:10B030000F3C0F3C0F3C1F3C1E3E3E3FFC3FF83F89
:10B04000003C003C003C003C003C000000000000D4
:10B05000000000000000EE07FE1F7E3E1E3C1E7C2E
:10B060001E781E781E781E781E781E7C3E7C7E3EE2
:10B07000FE1FDE0F1E001E001E001E001E00000030
:10B08000000000000000000000007F1FFF1FE71FFE
:10B09000C71F871F001F001F001F001F001F001F6A
:10B0A000001F001F001F001F000000000000000024
:10B0B0000000000000000000000000000000FC078D
:10B0C000FE1F0E1E003E003E003FE01FFC07FE007C
:10B0D0003E001E001E003E3CFC3FF01F0000000032
:10B0E0000000000000000000000000008007800752
:10B0F0008007FF7FFF7F800780078007800780072A
:10B1000080078007800780078007C007FF03FF01D3
:10B11000000000000000000000000000000000002F
:10B120000000000000001E3C1E3C1E3C1E3C1E3C5D
:10B130001E3C1E3C1E3C1E3C1E3C3E3C7E3CFE3EDD
:10B14000FE1FDE0F000000000000000000000000F5
:10B150000000000000000000000007F00F780F78EA
:10B160001E3C1E3C1E3E3C1E3C1E780F780FF00F0E
:10B17000F007F007E003E00300000000000000001B
:10B18000000000000000000000000000000003F0CC
:10B19000E3F1E3F3E7F3F7F3F7F3F77F777F7F7FED
:10B1A0007F7F7F7F3E3E3E3E3E3E3E3E00000000B3
:10B1B000000000000000000000000000000000008F
:10B1C00000000F7C1E3E3C3E3C1FF80FF007F007CE
:10B1D000E003F007F807F80F7C1E3E3E1F3C1F7887
:10B1E000000000000000000000000000000000005F
:10B1F00000000000000007F80F780F7C1E3C1E3C8A
:10B200003C1E3C1E3C1F780FF80FF007F007E003D0
:10B21000E003C003C003C0038007800F007F00006D
:10B2200000000000000000000000FF3FFF3F1F0083
:10B230003E007C00F800F001E003C007800F001F13
:10B24000001E003CFF7FFF7F0000000000000000A8
:10B250000000FE01E003C003C003C003C003E0011F
:10B26000E001E001C001C003803F803FC003C00196
:10B27000E001E001E001C003C003C003C003E0033C
:10B28000FE017E000000C001C001C001C001C0017C
:10B29000C001C001C001C001C001C001C001C001A6
:10B2A000C001C001C001C001C001C001C001C00196
:10B2B000C001C001C001C0010000C03FE003E001C7
:10B2C000E001E001E001C001C003C003C001E001F2
:10B2D000FE00FE00E001C001C003C003C001E001A8
:10B2E000E001E001E001E003C03F003F000000009A
:10B2F000000000000000000000000000000000004E
:10B3000000000000073FC77FE773FFF17EF00000F9
:10B31000000000000000000000000000000000002D
:10B32000000000000000000000000000000000001D
:10B3300000000000000000100010001000100010BD
:10B340000010000000100000000000280028002865
:10B3500000000000000000000000000000000024C9
:10B360000024007C00240048007C004800480000C5
:10B3700000000038005400500038001400540054FD
:10B380000038001000000020005400580030002851
:10B3900000540014000800000000001000280028DD
:10B3A0000010003400480048003400000000001085
:10B3B000001000100000000000000000000000006D
:10B3C00000000008001000200020002000200020C5
:10B3D00000200010000800200010000800080008ED
:10B3E00000080008000800100020001000380010BD
:10B3F0000028000000000000000000000000000025
:10B40000000000100010007C001000100000000080
:10B41000000000000000000000000000000000002C
:10B4200000100010001000000000000000000000EC
:10B4300000380000000000000000000000000000D4
:10B4400000000000000000000010000000000008E4
:10B450000008001000100010001000200020000064
:10B4600000000038004400440054004400440044FC
:10B4700000380000000000100030005000100010E4
:10B4800000100010001000000000003800440044CC
:10B490000004000800100020007C000000000038BC
:10B4A00000440004001800040004004400380000B8
:10B4B000000000080018002800280048007C000850
:10B4C000000800000000007C0040004000780004FC
:10B4D0000004004400380000000000380044004030
:10B4E0000078004400440044003800000000007C64
:10B4F00000040008001000100020002000200000C0
:10B500000000003800440044003800440044004477
:10B510000038000000000038004400440044003CB3
:10B52000000400440038000000000000000000108B
:10B5300000000000000000000010000000000000FB
:10B5400000000000001000000000000000100010CB
:10B55000001000000000000C003000400030000C23
:10B56000000000000000000000000000007C00005F
:10B57000007C0000000000000000000000000060EF
:10B5800000180004001800600000000000000038EF
:10B59000004400040008001000100000001000002B
:10B5A000000000380044004C0054005C00400040A3
:10B5B00000380000000000100028002800280028A3
:10B5C000007C004400440000000000780044004477
:10B5D0000078004400440044007800000000003877
:10B5E000004400400040004000400044003800009B
:10B5F000000000700048004400440044004400483B
:10B60000007000000000007C00400040007C004012
:10B6100000400040007C00000000007C0040004032
:10B62000007800400040004000400000000000386A
:10B63000004400400040005C00440044003800002A
:10B640000000004400440044007C004400440044E6
:10B65000004400000000003800100010001000102E
:10B660000010001000380000000000040004000476
:10B6700000040004000400440038000000000044FE
:10B68000004800500060005000480048004400009E
:10B6900000000040004000400040004000400040EA
:10B6A000007C000000000044006C006C005400446A
:10B6B00000440044004400000000004400640064B2
:10B6C00000540054004C004C0044000000000038BE
:10B6D000004400440044004400440044003800009A
:10B6E000000000780044004400440078004000401E
:10B6F00000400000000000380044004400440044C2
:10B700000044005400380004000000780044004465
:10B710000044007800480048004400000000003861
:10B7200000440040003000080004004400380000DD
:10B730000000007C0010001000100010001000102D
:10B740000010000000000044004400440044004495
:10B75000004400440038000000000044004400445D
:10B7600000280028002800100010000000000044FD
:10B770000044005400540054006C002800280000CD
:10B7800000000044002800280010001000280028B5
:10B79000004400000000004400440028002800107D
:10B7A00000100010001000000000007C00040008E1
:10B7B0000010001000200040007C00000000001875
:10B7C00000100010001000100010001000100010F9
:10B7D00000180020002000100010001000100008C9
:10B7E00000080000000000300010001000100010E1
:10B7F0000010001000100010003000100028002879
:10B8000000440000000000000000000000000000F4
:10B810000000000000000000000000000000000028
:10B8200000FE0020001000000000000000000000EA
:10B830000000000000000000000000380044003C50
:10B840000044004C0034000000000040004000585C
:10B850000064004400440064005800000000000040
:10B860000000003800440040004000440038000060
:10B870000000000400040034004C00440044004C6C
:10B880000034000000000000000000380044007C8C
:10B8900000400044003800000000000C0010007C54
:10B8A0000010001000100010001000000000000048
:10B8B00000000034004C00440044004C00340004FC
:10B8C00000780040004000580064004400440044F8
:10B8D0000044000000000010000000700010001084
:10B8E00000100010001000000000001000000070A8
:10B8F00000100010001000100010001000E00040C8
:10B900000040004800500060005000480044000023
:10B910000000007000100010001000100010001057
:10B9200000100000000000000000007800540054E7
:10B9300000540054005400000000000000000058B3
:10B940000064004400440044004400000000000083
:10B950000000003800440044004400440038000067
:10B96000000000000000005800640044004400642F
:10B97000005800400040000000000034004C00442B
:10B980000044004C00340004000400000000005893
:10B990000064004000400040004000000000000043
:10B9A0000000003800440030000800440038000067
:10B9B000000000200020007800200020002000204F
:10B9C0000018000000000000000000440044004493
:10B9D0000044004C0034000000000000000000445F
:10B9E000004400280028002800100000000000008B
:10B9F0000000005400540054006C0028002800008F
:10BA00000000000000000044002800100010002882
:10BA10000044000000000000000000440044002832
:10BA20000028001000100010006000000000007CE2
:10BA30000008001000200040007C000000000018FA
:10BA40000010001000100020002000100010001056
:10BA5000001800100010001000100010001000105E
:10BA6000001000100010003000100010001000083E
:10BA7000000800100010001000300000000000005E
:10BA80000074004C000000000000000000000000F6
:10BA90000AD7233CCDCCCC3D0000803F00002041A4
:10BAA00002030405060708090A0B0C0D0E0F1010FF
:10BAB0000AD7233CCDCCCC3D0000803F0F018096BF
:10BAC0001180FFB103012C2DB203012C2DB306010F
:10BAD0002C2D012C2DB40107C003A20284C101C585
:10BAE000C2020A00C3028A2AC4028AEEC5010E20DD
:10BAF000003601C03A0105022A040000007F2B0431
:10BB00000000007F04E010021C07123732292D29A3
:10BB1000252B3900010310E110031D07062E2C29E7
:10BB20002D2E2E373F0000021013800A298064203A
:10BB3000202000434300490050004356002D256C4F
:10BB4000642E2530316C64002530326C642E253033
:10BB5000316C64002D256C642E2530326C64002518
:10BB600030326C642E2530326C64002A43002D255F
:10BB700030336C640000000098BB00080000002017
:10BB8000E80100003205000898BC0008E801002028
:10BB9000F8120000088C0008411401010169029AA2
:10BBA000FF01320132101365621B089D041AAD04B7
:10BBB0001AD1041301631B0841081A7504230B12E0
:10BBC000137A922408101A13D69F2408070A132206
:10BBD000B30212082B404105219A03101EA04066B3
:10BBE0006686081A40181AA0081320401324F4137C
:10BBF000ED5F1B083D044BC960481A810C13C15E00
:10BC00001B080D08C11ACD101ABD041ADD041AADA7
:10BC100004140902431302011DC0320904D51A029B
:10BC20000B1305241D10010524D910080424020259
:10BC30000524061701070582030815100904011AD7
:10BC400002AC111D070501027E2C070581071109B1
:10BC50003744113A02441907112B0A0606112B40EA
:10BC600001502A07500A3B04941A12171302021EAD
:10BC700040830440574D1B0203591B0D10F019045B
:10BC80001A05041A39040718040309041A030300E7
:08BC9000E803000000000000C1
:04000005080000ED02
:00000001FF
